run_id,timestamp_utc,frame,track_id,technique,reference_angle,score,score_threshold,is_correct,cosine_similarity,dtw_distance,angle_error,mean_pose_distance,use_mirror,feedback_1,feedback_2,source
run_20260316_132153,2026-03-16T12:21:54.933245+00:00,8,1.0,jab,right45_02,58.0947,70.0000,False,0.878195,0.612595,32.918190,0.612595,False,Extend your punching arm more,Keep your guard hand higher,ultralytics-main/examples/BachelorsProject/data/downloads/BkTWWuN5fVY.f398.mp4
run_20260316_132153,2026-03-16T12:21:55.589736+00:00,9,1.0,jab,right45_02,58.0783,70.0000,False,0.878073,0.614304,32.662127,0.614304,False,Extend your punching arm more,Keep your guard hand higher,ultralytics-main/examples/BachelorsProject/data/downloads/BkTWWuN5fVY.f398.mp4
run_20260316_132153,2026-03-16T12:21:56.284611+00:00,10,1.0,jab,right45_02,58.0507,70.0000,False,0.877914,0.615987,32.448503,0.615987,False,Extend your punching arm more,Keep your guard hand higher,ultralytics-main/examples/BachelorsProject/data/downloads/BkTWWuN5fVY.f398.mp4
run_20260316_132153,2026-03-16T12:21:56.932638+00:00,11,1.0,jab,right45_02,58.0498,70.0000,False,0.877933,0.616711,32.322435,0.616711,False,Extend your punching arm more,Keep your guard hand higher,ultralytics-main/examples/BachelorsProject/data/downloads/BkTWWuN5fVY.f398.mp4
run_20260316_132153,2026-03-16T12:21:57.594868+00:00,12,1.0,jab,right45_02,58.0893,70.0000,False,0.878042,0.616671,32.194203,0.616671,False,Extend your punching arm more,Keep your guard hand higher,ultralytics-main/examples/BachelorsProject/data/downloads/BkTWWuN5fVY.f398.mp4
run_20260316_132153,2026-03-16T12:21:58.260767+00:00,13,1.0,jab,right45_02,58.1785,70.0000,False,0.878156,0.615435,32.103085,0.615435,False,Extend your punching arm more,Keep your guard hand higher,ultralytics-main/examples/BachelorsProject/data/downloads/BkTWWuN5fVY.f398.mp4
run_20260316_132153,2026-03-16T12:21:58.921203+00:00,14,1.0,jab,right45_02,58.2468,70.0000,False,0.878290,0.614272,32.074801,0.614272,False,Extend your punching arm more,Keep your guard hand higher,ultralytics-main/examples/BachelorsProject/data/downloads/BkTWWuN5fVY.f398.mp4
run_20260316_132153,2026-03-16T12:21:59.643042+00:00,15,1.0,jab,right45_02,58.3299,70.0000,False,0.878584,0.612800,32.059061,0.612800,False,Extend your punching arm more,Keep your guard hand higher,ultralytics-main/examples/BachelorsProject/data/downloads/BkTWWuN5fVY.f398.mp4
run_20260316_132153,2026-03-16T12:22:00.311860+00:00,16,1.0,jab,right45_02,58.3691,70.0000,False,0.878738,0.612224,32.031634,0.612224,False,Extend your punching arm more,Keep your guard hand higher,ultralytics-main/examples/BachelorsProject/data/downloads/BkTWWuN5fVY.f398.mp4
run_20260316_132153,2026-03-16T12:22:00.966813+00:00,17,1.0,jab,right45_02,58.3620,70.0000,False,0.878648,0.612544,31.993645,0.612544,False,Extend your punching arm more,Keep your guard hand higher,ultralytics-main/examples/BachelorsProject/data/downloads/BkTWWuN5fVY.f398.mp4
run_20260316_132153,2026-03-16T12:22:01.642886+00:00,18,1.0,jab,right45_02,58.3041,70.0000,False,0.878500,0.613414,32.036308,0.613414,False,Extend your punching arm more,Keep your guard hand higher,ultralytics-main/examples/BachelorsProject/data/downloads/BkTWWuN5fVY.f398.mp4
run_20260316_132153,2026-03-16T12:22:02.302404+00:00,19,1.0,jab,right45_02,58.3664,70.0000,False,0.878611,0.612792,31.930812,0.612792,False,Extend your punching arm more,Keep your guard hand higher,ultralytics-main/examples/BachelorsProject/data/downloads/BkTWWuN5fVY.f398.mp4
run_20260316_132153,2026-03-16T12:22:02.971224+00:00,20,1.0,jab,right45_02,58.4675,70.0000,False,0.878849,0.610513,31.992037,0.610513,False,Extend your punching arm more,Keep your guard hand higher,ultralytics-main/examples/BachelorsProject/data/downloads/BkTWWuN5fVY.f398.mp4
run_20260316_132153,2026-03-16T12:22:03.612802+00:00,21,1.0,jab,right45_02,58.6058,70.0000,False,0.879610,0.606278,32.304602,0.606278,False,Extend your punching arm more,Keep your guard hand higher,ultralytics-main/examples/BachelorsProject/data/downloads/BkTWWuN5fVY.f398.mp4
run_20260316_132153,2026-03-16T12:22:04.342163+00:00,22,1.0,jab,right45_02,59.5672,70.0000,False,0.881537,0.596325,30.756419,0.596325,False,Extend your punching arm more,Keep your guard hand higher,ultralytics-main/examples/BachelorsProject/data/downloads/BkTWWuN5fVY.f398.mp4
run_20260316_132153,2026-03-16T12:22:05.012022+00:00,23,1.0,jab,right45_02,61.3558,70.0000,False,0.883604,0.584050,26.657306,0.584050,False,Extend your punching arm more,Keep your guard hand higher,ultralytics-main/examples/BachelorsProject/data/downloads/BkTWWuN5fVY.f398.mp4
run_20260316_132153,2026-03-16T12:22:05.672066+00:00,24,1.0,jab,right45_02,63.4739,70.0000,False,0.885780,0.573211,21.120179,0.573211,False,Keep your guard hand higher,,ultralytics-main/examples/BachelorsProject/data/downloads/BkTWWuN5fVY.f398.mp4
run_20260316_132153,2026-03-16T12:22:06.340554+00:00,25,1.0,jab,right45_02,65.4893,70.0000,False,0.889125,0.560220,16.413591,0.560220,False,Keep your guard hand higher,,ultralytics-main/examples/BachelorsProject/data/downloads/BkTWWuN5fVY.f398.mp4
run_20260316_132153,2026-03-16T12:22:07.018452+00:00,26,1.0,jab,right45_02,67.0221,70.0000,False,0.893035,0.543393,14.170786,0.543393,False,Keep your guard hand higher,,ultralytics-main/examples/BachelorsProject/data/downloads/BkTWWuN5fVY.f398.mp4
run_20260316_132153,2026-03-16T12:22:07.679422+00:00,27,1.0,jab,right45_02,66.6224,70.0000,False,0.896894,0.525357,19.099562,0.525357,False,Keep your guard hand higher,,ultralytics-main/examples/BachelorsProject/data/downloads/BkTWWuN5fVY.f398.mp4
run_20260316_132153,2026-03-16T12:22:08.341787+00:00,28,1.0,jab,right45_02,66.0978,70.0000,False,0.900281,0.508259,24.279120,0.508259,False,Extend your punching arm more,Keep your guard hand higher,ultralytics-main/examples/BachelorsProject/data/downloads/BkTWWuN5fVY.f398.mp4
run_20260316_132153,2026-03-16T12:22:09.028633+00:00,29,1.0,jab,right45_02,65.2836,70.0000,False,0.901426,0.502222,28.368778,0.502222,False,Keep your guard hand higher,,ultralytics-main/examples/BachelorsProject/data/downloads/BkTWWuN5fVY.f398.mp4
run_20260316_132153,2026-03-16T12:22:09.743769+00:00,30,1.0,jab,right45_02,64.9861,70.0000,False,0.900486,0.507007,28.519559,0.507007,False,Extend your punching arm more,Keep your guard hand higher,ultralytics-main/examples/BachelorsProject/data/downloads/BkTWWuN5fVY.f398.mp4
run_20260316_132153,2026-03-16T12:22:10.406112+00:00,31,1.0,jab,right45_02,65.0828,70.0000,False,0.898493,0.515041,26.599629,0.515041,False,Keep your guard hand higher,,ultralytics-main/examples/BachelorsProject/data/downloads/BkTWWuN5fVY.f398.mp4
run_20260316_132153,2026-03-16T12:22:11.074939+00:00,32,1.0,jab,right45_02,65.2721,70.0000,False,0.896500,0.523098,24.342484,0.523098,False,Keep your guard hand higher,,ultralytics-main/examples/BachelorsProject/data/downloads/BkTWWuN5fVY.f398.mp4
run_20260316_132153,2026-03-16T12:22:11.740255+00:00,33,1.0,jab,right45_02,64.6855,70.0000,False,0.893059,0.535648,23.978462,0.535648,False,Keep your guard hand higher,,ultralytics-main/examples/BachelorsProject/data/downloads/BkTWWuN5fVY.f398.mp4
run_20260316_132153,2026-03-16T12:22:12.425855+00:00,34,1.0,jab,right45_02,63.0774,70.0000,False,0.888630,0.551185,26.691550,0.551185,False,Keep your guard hand higher,,ultralytics-main/examples/BachelorsProject/data/downloads/BkTWWuN5fVY.f398.mp4
run_20260316_132153,2026-03-16T12:22:13.082941+00:00,35,1.0,jab,right45_02,61.1867,70.0000,False,0.882910,0.572054,29.381729,0.572054,False,Keep your guard hand higher,,ultralytics-main/examples/BachelorsProject/data/downloads/BkTWWuN5fVY.f398.mp4
run_20260316_132153,2026-03-16T12:22:13.752155+00:00,36,1.0,jab,right45_02,60.4932,70.0000,False,0.877029,0.592377,27.849413,0.592377,False,Extend your punching arm more,Keep your guard hand higher,ultralytics-main/examples/BachelorsProject/data/downloads/BkTWWuN5fVY.f398.mp4
run_20260316_132153,2026-03-16T12:22:14.513099+00:00,37,1.0,jab,right45_02,60.5397,70.0000,False,0.871950,0.610865,24.034158,0.610865,False,Extend your punching arm more,Keep your guard hand higher,ultralytics-main/examples/BachelorsProject/data/downloads/BkTWWuN5fVY.f398.mp4
run_20260316_132153,2026-03-16T12:22:15.186053+00:00,38,1.0,jab,right45_02,59.9848,70.0000,False,0.867280,0.633831,21.603676,0.633831,False,Extend your punching arm more,Keep your guard hand higher,ultralytics-main/examples/BachelorsProject/data/downloads/BkTWWuN5fVY.f398.mp4
run_20260316_132153,2026-03-16T12:22:15.847653+00:00,39,1.0,jab,right45_02,59.2893,70.0000,False,0.863889,0.657680,19.601351,0.657680,False,Extend your punching arm more,Keep your guard hand higher,ultralytics-main/examples/BachelorsProject/data/downloads/BkTWWuN5fVY.f398.mp4
run_20260316_132153,2026-03-16T12:22:16.541855+00:00,40,1.0,jab,right45_02,56.6028,70.0000,False,0.861540,0.680347,25.044388,0.680347,False,Extend your punching arm more,Keep your guard hand higher,ultralytics-main/examples/BachelorsProject/data/downloads/BkTWWuN5fVY.f398.mp4
run_20260316_132153,2026-03-16T12:22:17.197271+00:00,41,1.0,jab,right45_02,54.3049,70.0000,False,0.860428,0.697801,30.105224,0.697801,False,Extend your punching arm more,Keep your guard hand higher,ultralytics-main/examples/BachelorsProject/data/downloads/BkTWWuN5fVY.f398.mp4
run_20260316_132153,2026-03-16T12:22:17.892174+00:00,42,1.0,jab,right45,52.8109,70.0000,False,0.958296,0.659308,48.577839,0.659308,False,Extend your punching arm more,Keep your guard hand higher,ultralytics-main/examples/BachelorsProject/data/downloads/BkTWWuN5fVY.f398.mp4
run_20260316_132153,2026-03-16T12:22:18.561321+00:00,43,1.0,jab,right45,53.3650,70.0000,False,0.959709,0.635835,50.897410,0.635834,False,Extend your punching arm more,Keep your guard hand higher,ultralytics-main/examples/BachelorsProject/data/downloads/BkTWWuN5fVY.f398.mp4
run_20260316_132153,2026-03-16T12:22:19.307803+00:00,44,1.0,jab,right45,54.3164,70.0000,False,0.960761,0.622056,50.018840,0.622056,False,Extend your punching arm more,Keep your guard hand higher,ultralytics-main/examples/BachelorsProject/data/downloads/BkTWWuN5fVY.f398.mp4
run_20260316_132153,2026-03-16T12:22:19.993356+00:00,45,1.0,jab,right45,54.3961,70.0000,False,0.960794,0.622034,49.737737,0.622034,False,Extend your punching arm more,Keep your guard hand higher,ultralytics-main/examples/BachelorsProject/data/downloads/BkTWWuN5fVY.f398.mp4
run_20260316_132153,2026-03-16T12:22:20.687967+00:00,46,1.0,jab,right45,53.9900,70.0000,False,0.960841,0.628730,49.997698,0.628730,False,Extend your punching arm more,Keep your guard hand higher,ultralytics-main/examples/BachelorsProject/data/downloads/BkTWWuN5fVY.f398.mp4
run_20260316_132153,2026-03-16T12:22:21.357347+00:00,47,1.0,jab,right45,53.7057,70.0000,False,0.961323,0.635164,49.893376,0.635164,False,Extend your punching arm more,Keep your guard hand higher,ultralytics-main/examples/BachelorsProject/data/downloads/BkTWWuN5fVY.f398.mp4
run_20260316_132153,2026-03-16T12:22:22.028333+00:00,48,1.0,jab,right45,53.3421,70.0000,False,0.961189,0.643070,49.770684,0.643070,False,Extend your punching arm more,Keep your guard hand higher,ultralytics-main/examples/BachelorsProject/data/downloads/BkTWWuN5fVY.f398.mp4
run_20260316_132153,2026-03-16T12:22:22.699668+00:00,49,1.0,jab,right45,52.8078,70.0000,False,0.960795,0.653810,49.736232,0.653810,False,Extend your punching arm more,Keep your guard hand higher,ultralytics-main/examples/BachelorsProject/data/downloads/BkTWWuN5fVY.f398.mp4
run_20260316_132153,2026-03-16T12:22:23.405072+00:00,50,1.0,jab,right45,52.0499,70.0000,False,0.960936,0.668699,49.793461,0.668699,False,Extend your punching arm more,Keep your guard hand higher,ultralytics-main/examples/BachelorsProject/data/downloads/BkTWWuN5fVY.f398.mp4
run_20260316_132153,2026-03-16T12:22:24.101794+00:00,51,1.0,jab,right45_02,51.4702,70.0000,False,0.859500,0.708133,38.391651,0.708133,False,Extend your punching arm more,Keep your guard hand higher,ultralytics-main/examples/BachelorsProject/data/downloads/BkTWWuN5fVY.f398.mp4
run_20260316_132153,2026-03-16T12:22:24.805437+00:00,52,1.0,jab,right45_02,51.7839,70.0000,False,0.859839,0.701530,38.472299,0.701530,False,Extend your punching arm more,Keep your guard hand higher,ultralytics-main/examples/BachelorsProject/data/downloads/BkTWWuN5fVY.f398.mp4
run_20260316_132153,2026-03-16T12:22:25.482429+00:00,53,1.0,jab,right45_02,52.0472,70.0000,False,0.860360,0.695489,38.644892,0.695489,False,Extend your punching arm more,Keep your guard hand higher,ultralytics-main/examples/BachelorsProject/data/downloads/BkTWWuN5fVY.f398.mp4
run_20260316_132153,2026-03-16T12:22:26.164699+00:00,54,1.0,jab,right45_02,52.2778,70.0000,False,0.860908,0.690035,38.831057,0.690035,False,Extend your punching arm more,Keep your guard hand higher,ultralytics-main/examples/BachelorsProject/data/downloads/BkTWWuN5fVY.f398.mp4
run_20260316_132153,2026-03-16T12:22:26.830110+00:00,55,1.0,jab,right45_02,52.3800,70.0000,False,0.860991,0.687004,39.013847,0.687004,False,Extend your punching arm more,Keep your guard hand higher,ultralytics-main/examples/BachelorsProject/data/downloads/BkTWWuN5fVY.f398.mp4
run_20260316_132153,2026-03-16T12:22:27.502734+00:00,56,1.0,jab,right45_02,52.3910,70.0000,False,0.860926,0.686176,39.118995,0.686176,False,Extend your punching arm more,Keep your guard hand higher,ultralytics-main/examples/BachelorsProject/data/downloads/BkTWWuN5fVY.f398.mp4
run_20260316_132153,2026-03-16T12:22:28.170402+00:00,57,1.0,jab,right45_02,52.5185,70.0000,False,0.860900,0.684371,38.983141,0.684371,False,Extend your punching arm more,Keep your guard hand higher,ultralytics-main/examples/BachelorsProject/data/downloads/BkTWWuN5fVY.f398.mp4
run_20260316_132153,2026-03-16T12:22:28.853971+00:00,58,1.0,jab,right45_02,52.7737,70.0000,False,0.860864,0.682221,38.449569,0.682221,False,Extend your punching arm more,Keep your guard hand higher,ultralytics-main/examples/BachelorsProject/data/downloads/BkTWWuN5fVY.f398.mp4
run_20260316_132153,2026-03-16T12:22:29.581044+00:00,59,1.0,jab,front,52.1747,70.0000,False,0.973513,0.724834,40.032295,0.724834,False,Extend your punching arm more,Keep your guard hand higher,ultralytics-main/examples/BachelorsProject/data/downloads/BkTWWuN5fVY.f398.mp4
run_20260316_132153,2026-03-16T12:22:30.263124+00:00,60,1.0,jab,front,52.1855,70.0000,False,0.973724,0.724994,39.978121,0.724994,False,Extend your punching arm more,Keep your guard hand higher,ultralytics-main/examples/BachelorsProject/data/downloads/BkTWWuN5fVY.f398.mp4
run_20260316_132153,2026-03-16T12:22:30.933524+00:00,61,1.0,jab,front,51.9070,70.0000,False,0.973715,0.729783,40.117776,0.729783,False,Extend your punching arm more,Keep your guard hand higher,ultralytics-main/examples/BachelorsProject/data/downloads/BkTWWuN5fVY.f398.mp4
run_20260316_132153,2026-03-16T12:22:31.614201+00:00,62,1.0,jab,front,51.5815,70.0000,False,0.973369,0.735869,40.172335,0.735869,False,Extend your punching arm more,Keep your guard hand higher,ultralytics-main/examples/BachelorsProject/data/downloads/BkTWWuN5fVY.f398.mp4
run_20260316_132153,2026-03-16T12:22:32.289213+00:00,63,1.0,jab,front,51.0236,70.0000,False,0.973298,0.744106,40.693789,0.744106,False,Extend your punching arm more,Keep your guard hand higher,ultralytics-main/examples/BachelorsProject/data/downloads/BkTWWuN5fVY.f398.mp4
run_20260316_132153,2026-03-16T12:22:32.961176+00:00,64,1.0,jab,front,50.3862,70.0000,False,0.973075,0.753634,41.259343,0.753634,False,Extend your punching arm more,Keep your guard hand higher,ultralytics-main/examples/BachelorsProject/data/downloads/BkTWWuN5fVY.f398.mp4
run_20260316_132153,2026-03-16T12:22:33.646855+00:00,65,1.0,jab,front,49.7991,70.0000,False,0.972398,0.761750,41.869486,0.761750,False,Extend your punching arm more,Keep your guard hand higher,ultralytics-main/examples/BachelorsProject/data/downloads/BkTWWuN5fVY.f398.mp4
run_20260316_132153,2026-03-16T12:22:34.402217+00:00,66,1.0,jab,front,48.9543,70.0000,False,0.971697,0.774886,42.501986,0.774886,False,Extend your punching arm more,Keep your guard hand higher,ultralytics-main/examples/BachelorsProject/data/downloads/BkTWWuN5fVY.f398.mp4
run_20260316_132153,2026-03-16T12:22:35.069808+00:00,67,1.0,jab,right45_02,48.6455,70.0000,False,0.821613,0.787705,31.850845,0.787705,False,Extend your punching arm more,Keep your guard hand higher,ultralytics-main/examples/BachelorsProject/data/downloads/BkTWWuN5fVY.f398.mp4
run_20260316_132153,2026-03-16T12:22:35.758670+00:00,68,1.0,jab,right45_02,48.9475,70.0000,False,0.821603,0.781958,31.797427,0.781958,False,Extend your punching arm more,Keep your guard hand higher,ultralytics-main/examples/BachelorsProject/data/downloads/BkTWWuN5fVY.f398.mp4
run_20260316_132153,2026-03-16T12:22:36.445397+00:00,69,1.0,jab,right45_02,49.6651,70.0000,False,0.822024,0.775876,30.335516,0.775876,False,Extend your punching arm more,Keep your guard hand higher,ultralytics-main/examples/BachelorsProject/data/downloads/BkTWWuN5fVY.f398.mp4
run_20260316_132153,2026-03-16T12:22:37.131416+00:00,70,1.0,jab,right45_02,50.6173,70.0000,False,0.822552,0.769091,28.162200,0.769091,False,Extend your punching arm more,Keep your guard hand higher,ultralytics-main/examples/BachelorsProject/data/downloads/BkTWWuN5fVY.f398.mp4
run_20260316_132153,2026-03-16T12:22:37.808308+00:00,71,1.0,jab,right45_02,51.3129,70.0000,False,0.823557,0.763067,26.805680,0.763067,False,Extend your punching arm more,Keep your guard hand higher,ultralytics-main/examples/BachelorsProject/data/downloads/BkTWWuN5fVY.f398.mp4
run_20260316_132153,2026-03-16T12:22:38.497533+00:00,72,1.0,jab,right45_02,51.8684,70.0000,False,0.824117,0.758904,25.590238,0.758904,False,Extend your punching arm more,Keep your guard hand higher,ultralytics-main/examples/BachelorsProject/data/downloads/BkTWWuN5fVY.f398.mp4
run_20260316_132153,2026-03-16T12:22:39.222930+00:00,73,1.0,jab,right45_02,52.1886,70.0000,False,0.824319,0.757935,24.624903,0.757935,False,Extend your punching arm more,Keep your guard hand higher,ultralytics-main/examples/BachelorsProject/data/downloads/BkTWWuN5fVY.f398.mp4
run_20260316_132153,2026-03-16T12:22:39.939279+00:00,74,1.0,jab,right45_02,52.6554,70.0000,False,0.824756,0.756961,23.147068,0.756961,False,Extend your punching arm more,Keep your guard hand higher,ultralytics-main/examples/BachelorsProject/data/downloads/BkTWWuN5fVY.f398.mp4
run_20260316_132153,2026-03-16T12:22:40.628703+00:00,75,1.0,jab,right45_02,52.9951,70.0000,False,0.824417,0.757916,21.731129,0.757916,False,Extend your punching arm more,Keep your guard hand higher,ultralytics-main/examples/BachelorsProject/data/downloads/BkTWWuN5fVY.f398.mp4
run_20260316_132153,2026-03-16T12:22:41.304373+00:00,76,1.0,jab,right45_02,52.9091,70.0000,False,0.823732,0.758986,21.804847,0.758986,False,Extend your punching arm more,Keep your guard hand higher,ultralytics-main/examples/BachelorsProject/data/downloads/BkTWWuN5fVY.f398.mp4
run_20260316_132153,2026-03-16T12:22:41.980586+00:00,77,1.0,jab,right45_02,52.7340,70.0000,False,0.823302,0.759456,22.323542,0.759456,False,Extend your punching arm more,Keep your guard hand higher,ultralytics-main/examples/BachelorsProject/data/downloads/BkTWWuN5fVY.f398.mp4
run_20260316_132153,2026-03-16T12:22:42.667299+00:00,78,1.0,jab,right45_02,52.9500,70.0000,False,0.823232,0.759732,21.492050,0.759732,False,Extend your punching arm more,Keep your guard hand higher,ultralytics-main/examples/BachelorsProject/data/downloads/BkTWWuN5fVY.f398.mp4
run_20260316_132153,2026-03-16T12:22:43.353943+00:00,79,1.0,jab,right45_02,53.6579,70.0000,False,0.823685,0.758115,19.263077,0.758115,False,Extend your punching arm more,Keep your guard hand higher,ultralytics-main/examples/BachelorsProject/data/downloads/BkTWWuN5fVY.f398.mp4
run_20260316_132153,2026-03-16T12:22:44.048396+00:00,80,1.0,jab,right45_02,54.0882,70.0000,False,0.824344,0.755554,18.216576,0.755554,False,Extend your punching arm more,Keep your guard hand higher,ultralytics-main/examples/BachelorsProject/data/downloads/BkTWWuN5fVY.f398.mp4
run_20260316_132153,2026-03-16T12:22:44.761727+00:00,81,1.0,jab,right45_02,54.2778,70.0000,False,0.824630,0.755277,17.601706,0.755277,False,Extend your punching arm more,Keep your guard hand higher,ultralytics-main/examples/BachelorsProject/data/downloads/BkTWWuN5fVY.f398.mp4
run_20260316_132153,2026-03-16T12:22:45.478181+00:00,82,1.0,jab,right45_02,54.1188,70.0000,False,0.825088,0.754678,18.310739,0.754678,False,Extend your punching arm more,Keep your guard hand higher,ultralytics-main/examples/BachelorsProject/data/downloads/BkTWWuN5fVY.f398.mp4
run_20260316_132153,2026-03-16T12:22:46.206719+00:00,83,1.0,jab,right45_02,53.8548,70.0000,False,0.825260,0.755234,19.172182,0.755234,False,Extend your punching arm more,Keep your guard hand higher,ultralytics-main/examples/BachelorsProject/data/downloads/BkTWWuN5fVY.f398.mp4
run_20260316_132153,2026-03-16T12:22:46.972399+00:00,84,1.0,jab,right45_02,53.7490,70.0000,False,0.825225,0.756278,19.362539,0.756278,False,Extend your punching arm more,Keep your guard hand higher,ultralytics-main/examples/BachelorsProject/data/downloads/BkTWWuN5fVY.f398.mp4
run_20260316_132153,2026-03-16T12:22:47.751937+00:00,85,1.0,jab,right45_02,53.7942,70.0000,False,0.824752,0.756307,19.164965,0.756307,False,Extend your punching arm more,Keep your guard hand higher,ultralytics-main/examples/BachelorsProject/data/downloads/BkTWWuN5fVY.f398.mp4
run_20260316_132153,2026-03-16T12:22:48.471926+00:00,86,1.0,jab,right45_02,54.0315,70.0000,False,0.824480,0.755765,18.391089,0.755765,False,Extend your punching arm more,Keep your guard hand higher,ultralytics-main/examples/BachelorsProject/data/downloads/BkTWWuN5fVY.f398.mp4
run_20260316_132153,2026-03-16T12:22:49.149074+00:00,87,1.0,jab,right45_02,54.6798,70.0000,False,0.824615,0.754813,16.236966,0.754814,False,Extend your punching arm more,Keep your guard hand higher,ultralytics-main/examples/BachelorsProject/data/downloads/BkTWWuN5fVY.f398.mp4
run_20260316_132153,2026-03-16T12:22:49.795508+00:00,88,1.0,jab,right45_02,55.7231,70.0000,False,0.825048,0.754071,12.641992,0.754071,False,Extend your punching arm more,Keep your guard hand higher,ultralytics-main/examples/BachelorsProject/data/downloads/BkTWWuN5fVY.f398.mp4
run_20260316_132153,2026-03-16T12:22:50.389490+00:00,89,1.0,jab,right45_02,56.4213,70.0000,False,0.825404,0.753132,10.320062,0.753132,False,Extend your punching arm more,Keep your guard hand higher,ultralytics-main/examples/BachelorsProject/data/downloads/BkTWWuN5fVY.f398.mp4
run_20260316_132153,2026-03-16T12:22:50.974827+00:00,90,1.0,jab,right45_02,56.9145,70.0000,False,0.825734,0.752245,8.724763,0.752245,False,Extend your punching arm more,Keep your guard hand higher,ultralytics-main/examples/BachelorsProject/data/downloads/BkTWWuN5fVY.f398.mp4
run_20260316_132153,2026-03-16T12:22:51.587201+00:00,91,1.0,jab,right45_02,57.0654,70.0000,False,0.826161,0.751395,8.361423,0.751396,False,Extend your punching arm more,Keep your guard hand higher,ultralytics-main/examples/BachelorsProject/data/downloads/BkTWWuN5fVY.f398.mp4
run_20260316_132153,2026-03-16T12:22:52.196241+00:00,92,1.0,jab,right45_02,57.2168,70.0000,False,0.826608,0.750667,7.975929,0.750667,False,Extend your punching arm more,Keep your guard hand higher,ultralytics-main/examples/BachelorsProject/data/downloads/BkTWWuN5fVY.f398.mp4
run_20260316_132153,2026-03-16T12:22:52.784964+00:00,93,1.0,jab,right45_02,57.3683,70.0000,False,0.826640,0.751551,7.273197,0.751551,False,Extend your punching arm more,Keep your guard hand higher,ultralytics-main/examples/BachelorsProject/data/downloads/BkTWWuN5fVY.f398.mp4
run_20260316_132153,2026-03-16T12:22:53.369284+00:00,94,1.0,jab,right45_02,57.2700,70.0000,False,0.826397,0.753237,7.308286,0.753237,False,Extend your punching arm more,Keep your guard hand higher,ultralytics-main/examples/BachelorsProject/data/downloads/BkTWWuN5fVY.f398.mp4
run_20260316_132153,2026-03-16T12:22:53.947066+00:00,95,1.0,jab,right45_02,57.2613,70.0000,False,0.826172,0.754270,7.139425,0.754270,False,Keep your guard hand higher,Slow down and focus on form,ultralytics-main/examples/BachelorsProject/data/downloads/BkTWWuN5fVY.f398.mp4
run_20260316_132153,2026-03-16T12:22:54.572802+00:00,96,1.0,jab,right45_02,56.9602,70.0000,False,0.826513,0.754235,8.251104,0.754235,False,Keep your guard hand higher,Slow down and focus on form,ultralytics-main/examples/BachelorsProject/data/downloads/BkTWWuN5fVY.f398.mp4
run_20260316_132153,2026-03-16T12:22:55.175217+00:00,97,1.0,jab,right45_02,56.3811,70.0000,False,0.827501,0.752829,10.651337,0.752829,False,Extend your punching arm more,Keep your guard hand higher,ultralytics-main/examples/BachelorsProject/data/downloads/BkTWWuN5fVY.f398.mp4
run_20260316_132153,2026-03-16T12:22:55.761819+00:00,98,1.0,jab,right45_02,56.4298,70.0000,False,0.828814,0.750568,10.965777,0.750568,False,Extend your punching arm more,Keep your guard hand higher,ultralytics-main/examples/BachelorsProject/data/downloads/BkTWWuN5fVY.f398.mp4
run_20260316_132153,2026-03-16T12:22:56.381644+00:00,99,1.0,jab,right45_02,57.0799,70.0000,False,0.830078,0.749091,8.970833,0.749091,False,Extend your punching arm more,Keep your guard hand higher,ultralytics-main/examples/BachelorsProject/data/downloads/BkTWWuN5fVY.f398.mp4
run_20260316_132153,2026-03-16T12:22:57.009368+00:00,100,1.0,jab,right45_02,56.9666,70.0000,False,0.831305,0.747849,9.679645,0.747849,False,Extend your punching arm more,Keep your guard hand higher,ultralytics-main/examples/BachelorsProject/data/downloads/BkTWWuN5fVY.f398.mp4
run_20260316_132153,2026-03-16T12:22:57.647029+00:00,101,1.0,jab,right45_02,56.1628,70.0000,False,0.832427,0.747301,12.742649,0.747302,False,Extend your punching arm more,Keep your guard hand higher,ultralytics-main/examples/BachelorsProject/data/downloads/BkTWWuN5fVY.f398.mp4
run_20260316_132153,2026-03-16T12:22:58.243587+00:00,102,1.0,jab,right45_02,55.0723,70.0000,False,0.833725,0.747128,16.781437,0.747128,False,Extend your punching arm more,Keep your guard hand higher,ultralytics-main/examples/BachelorsProject/data/downloads/BkTWWuN5fVY.f398.mp4
run_20260316_132153,2026-03-16T12:22:58.834531+00:00,103,1.0,jab,front,53.9661,70.0000,False,0.973220,0.768658,25.676538,0.768658,False,Extend your punching arm more,Slow down and focus on form,ultralytics-main/examples/BachelorsProject/data/downloads/BkTWWuN5fVY.f398.mp4
run_20260316_132153,2026-03-16T12:22:59.447221+00:00,104,1.0,jab,front,53.2736,70.0000,False,0.974271,0.758159,30.125705,0.758158,False,Extend your punching arm more,Slow down and focus on form,ultralytics-main/examples/BachelorsProject/data/downloads/BkTWWuN5fVY.f398.mp4
run_20260316_132153,2026-03-16T12:23:00.051216+00:00,105,1.0,jab,right45_02,58.0472,70.0000,False,0.875821,0.623115,31.045951,0.623115,False,Extend your punching arm more,Slow down and focus on form,ultralytics-main/examples/BachelorsProject/data/downloads/BkTWWuN5fVY.f398.mp4
run_20260316_132153,2026-03-16T12:23:00.653250+00:00,106,1.0,jab,right45_02,57.6635,70.0000,False,0.875560,0.627273,31.662654,0.627273,False,Extend your punching arm more,Slow down and focus on form,ultralytics-main/examples/BachelorsProject/data/downloads/BkTWWuN5fVY.f398.mp4
run_20260316_132153,2026-03-16T12:23:01.248797+00:00,107,1.0,jab,right45_02,57.3188,70.0000,False,0.874739,0.633345,31.758827,0.633346,False,Extend your punching arm more,Keep your guard hand higher,ultralytics-main/examples/BachelorsProject/data/downloads/BkTWWuN5fVY.f398.mp4
run_20260316_132153,2026-03-16T12:23:01.845726+00:00,108,1.0,jab,right45_02,57.0104,70.0000,False,0.873697,0.639233,31.743664,0.639233,False,Extend your punching arm more,Keep your guard hand higher,ultralytics-main/examples/BachelorsProject/data/downloads/BkTWWuN5fVY.f398.mp4
run_20260316_132153,2026-03-16T12:23:02.453952+00:00,109,1.0,jab,right45_02,56.6219,70.0000,False,0.872202,0.646494,31.740831,0.646494,False,Extend your punching arm more,Keep your guard hand higher,ultralytics-main/examples/BachelorsProject/data/downloads/BkTWWuN5fVY.f398.mp4
run_20260316_132153,2026-03-16T12:23:03.053668+00:00,110,1.0,jab,right45_02,56.2640,70.0000,False,0.870739,0.653687,31.642394,0.653687,False,Extend your punching arm more,Keep your guard hand higher,ultralytics-main/examples/BachelorsProject/data/downloads/BkTWWuN5fVY.f398.mp4
run_20260316_132153,2026-03-16T12:23:03.657798+00:00,111,1.0,jab,right45_02,55.7989,70.0000,False,0.869325,0.661946,31.740997,0.661946,False,Extend your punching arm more,Keep your guard hand higher,ultralytics-main/examples/BachelorsProject/data/downloads/BkTWWuN5fVY.f398.mp4
run_20260316_132153,2026-03-16T12:23:04.277263+00:00,112,1.0,jab,right45_02,55.1609,70.0000,False,0.867543,0.671723,32.165810,0.671723,False,Extend your punching arm more,Keep your guard hand higher,ultralytics-main/examples/BachelorsProject/data/downloads/BkTWWuN5fVY.f398.mp4
run_20260316_132153,2026-03-16T12:23:04.883943+00:00,113,1.0,jab,right45_02,54.2498,70.0000,False,0.865375,0.685743,32.785604,0.685743,False,Extend your punching arm more,Keep your guard hand higher,ultralytics-main/examples/BachelorsProject/data/downloads/BkTWWuN5fVY.f398.mp4
run_20260316_132153,2026-03-16T12:23:05.478334+00:00,114,1.0,jab,right45_02,53.5247,70.0000,False,0.863638,0.697719,33.130861,0.697719,False,Extend your punching arm more,Keep your guard hand higher,ultralytics-main/examples/BachelorsProject/data/downloads/BkTWWuN5fVY.f398.mp4
run_20260316_132153,2026-03-16T12:23:06.074519+00:00,115,1.0,jab,right45,53.2390,70.0000,False,0.967481,0.661407,47.237666,0.661407,False,Extend your punching arm more,Keep your guard hand higher,ultralytics-main/examples/BachelorsProject/data/downloads/BkTWWuN5fVY.f398.mp4
run_20260316_132153,2026-03-16T12:23:06.672986+00:00,116,1.0,jab,right45,53.2921,70.0000,False,0.966243,0.658686,47.458185,0.658686,False,Extend your punching arm more,Keep your guard hand higher,ultralytics-main/examples/BachelorsProject/data/downloads/BkTWWuN5fVY.f398.mp4
run_20260316_132153,2026-03-16T12:23:07.264628+00:00,117,1.0,jab,right45,53.2348,70.0000,False,0.965441,0.659281,47.506935,0.659281,False,Extend your punching arm more,Keep your guard hand higher,ultralytics-main/examples/BachelorsProject/data/downloads/BkTWWuN5fVY.f398.mp4
run_20260316_132153,2026-03-16T12:23:07.867809+00:00,118,1.0,jab,right45,53.1301,70.0000,False,0.965630,0.661677,47.464303,0.661677,False,Extend your punching arm more,Keep your guard hand higher,ultralytics-main/examples/BachelorsProject/data/downloads/BkTWWuN5fVY.f398.mp4
run_20260316_132153,2026-03-16T12:23:08.468869+00:00,119,1.0,jab,right45_02,53.4838,70.0000,False,0.863114,0.698952,33.023331,0.698952,False,Extend your punching arm more,Keep your guard hand higher,ultralytics-main/examples/BachelorsProject/data/downloads/BkTWWuN5fVY.f398.mp4
run_20260316_132153,2026-03-16T12:23:09.169925+00:00,120,1.0,jab,right45_02,54.0562,70.0000,False,0.864660,0.689004,32.850694,0.689004,False,Extend your punching arm more,Keep your guard hand higher,ultralytics-main/examples/BachelorsProject/data/downloads/BkTWWuN5fVY.f398.mp4
run_20260316_132153,2026-03-16T12:23:09.954859+00:00,121,1.0,jab,right45_02,54.4761,70.0000,False,0.865483,0.680994,32.832465,0.680994,False,Extend your punching arm more,Keep your guard hand higher,ultralytics-main/examples/BachelorsProject/data/downloads/BkTWWuN5fVY.f398.mp4
run_20260316_132153,2026-03-16T12:23:10.690560+00:00,122,1.0,jab,right45_02,54.5826,70.0000,False,0.865610,0.677752,33.040716,0.677752,False,Extend your punching arm more,Keep your guard hand higher,ultralytics-main/examples/BachelorsProject/data/downloads/BkTWWuN5fVY.f398.mp4
run_20260316_132153,2026-03-16T12:23:11.395454+00:00,123,1.0,jab,right45_02,54.5015,70.0000,False,0.865293,0.677740,33.315024,0.677740,False,Extend your punching arm more,Keep your guard hand higher,ultralytics-main/examples/BachelorsProject/data/downloads/BkTWWuN5fVY.f398.mp4
run_20260316_132153,2026-03-16T12:23:12.133219+00:00,124,1.0,jab,right45_02,54.3046,70.0000,False,0.865149,0.679959,33.615445,0.679959,False,Extend your punching arm more,Keep your guard hand higher,ultralytics-main/examples/BachelorsProject/data/downloads/BkTWWuN5fVY.f398.mp4
run_20260316_132153,2026-03-16T12:23:12.905303+00:00,125,1.0,jab,right45_02,54.3238,70.0000,False,0.865847,0.678820,33.794921,0.678820,False,Extend your punching arm more,Keep your guard hand higher,ultralytics-main/examples/BachelorsProject/data/downloads/BkTWWuN5fVY.f398.mp4
run_20260316_132153,2026-03-16T12:23:13.668965+00:00,126,1.0,jab,right45_02,54.3619,70.0000,False,0.866160,0.677690,33.880933,0.677691,False,Extend your punching arm more,Keep your guard hand higher,ultralytics-main/examples/BachelorsProject/data/downloads/BkTWWuN5fVY.f398.mp4
run_20260316_132153,2026-03-16T12:23:14.429639+00:00,127,1.0,jab,right45_02,54.4691,70.0000,False,0.866325,0.675594,33.882804,0.675594,False,Extend your punching arm more,Keep your guard hand higher,ultralytics-main/examples/BachelorsProject/data/downloads/BkTWWuN5fVY.f398.mp4
run_20260316_132153,2026-03-16T12:23:15.155822+00:00,128,1.0,jab,right45_02,54.5909,70.0000,False,0.866824,0.673361,33.877554,0.673361,False,Extend your punching arm more,Keep your guard hand higher,ultralytics-main/examples/BachelorsProject/data/downloads/BkTWWuN5fVY.f398.mp4
run_20260316_132153,2026-03-16T12:23:15.869116+00:00,129,1.0,jab,right45_02,54.7743,70.0000,False,0.867569,0.670003,33.868937,0.670003,False,Extend your punching arm more,Keep your guard hand higher,ultralytics-main/examples/BachelorsProject/data/downloads/BkTWWuN5fVY.f398.mp4
run_20260316_132153,2026-03-16T12:23:16.577589+00:00,130,1.0,jab,right45_02,54.9832,70.0000,False,0.868378,0.666506,33.797307,0.666506,False,Extend your punching arm more,Keep your guard hand higher,ultralytics-main/examples/BachelorsProject/data/downloads/BkTWWuN5fVY.f398.mp4
run_20260316_132153,2026-03-16T12:23:17.265013+00:00,131,1.0,jab,right45_02,55.2043,70.0000,False,0.869252,0.663197,33.651867,0.663197,False,Extend your punching arm more,Keep your guard hand higher,ultralytics-main/examples/BachelorsProject/data/downloads/BkTWWuN5fVY.f398.mp4
run_20260316_132153,2026-03-16T12:23:17.951768+00:00,132,1.0,jab,right45_02,55.3744,70.0000,False,0.869613,0.660356,33.573599,0.660356,False,Extend your punching arm more,Keep your guard hand higher,ultralytics-main/examples/BachelorsProject/data/downloads/BkTWWuN5fVY.f398.mp4
run_20260316_132153,2026-03-16T12:23:18.637528+00:00,133,1.0,jab,right45_02,55.4427,70.0000,False,0.869873,0.659218,33.549128,0.659218,False,Extend your punching arm more,Keep your guard hand higher,ultralytics-main/examples/BachelorsProject/data/downloads/BkTWWuN5fVY.f398.mp4
run_20260316_132153,2026-03-16T12:23:19.383302+00:00,134,1.0,jab,right45_02,55.5157,70.0000,False,0.870104,0.657980,33.523534,0.657980,False,Extend your punching arm more,Keep your guard hand higher,ultralytics-main/examples/BachelorsProject/data/downloads/BkTWWuN5fVY.f398.mp4
run_20260316_132153,2026-03-16T12:23:20.087660+00:00,135,1.0,jab,right45_02,55.5390,70.0000,False,0.870208,0.657739,33.489690,0.657739,False,Extend your punching arm more,Keep your guard hand higher,ultralytics-main/examples/BachelorsProject/data/downloads/BkTWWuN5fVY.f398.mp4
run_20260316_132153,2026-03-16T12:23:20.865623+00:00,136,1.0,jab,right45_02,55.5902,70.0000,False,0.870315,0.657480,33.358830,0.657480,False,Extend your punching arm more,Keep your guard hand higher,ultralytics-main/examples/BachelorsProject/data/downloads/BkTWWuN5fVY.f398.mp4
run_20260316_132153,2026-03-16T12:23:21.615631+00:00,137,1.0,jab,right45_02,55.6556,70.0000,False,0.870396,0.657221,33.174927,0.657221,False,Extend your punching arm more,Keep your guard hand higher,ultralytics-main/examples/BachelorsProject/data/downloads/BkTWWuN5fVY.f398.mp4
run_20260316_132153,2026-03-16T12:23:22.357447+00:00,138,1.0,jab,right45_02,55.7563,70.0000,False,0.870584,0.655962,33.050805,0.655962,False,Extend your punching arm more,Keep your guard hand higher,ultralytics-main/examples/BachelorsProject/data/downloads/BkTWWuN5fVY.f398.mp4
run_20260316_132153,2026-03-16T12:23:23.056656+00:00,139,1.0,jab,right45_02,55.8314,70.0000,False,0.870676,0.654740,33.006312,0.654740,False,Extend your punching arm more,Keep your guard hand higher,ultralytics-main/examples/BachelorsProject/data/downloads/BkTWWuN5fVY.f398.mp4
run_20260316_132153,2026-03-16T12:23:23.790436+00:00,140,1.0,jab,right45_02,55.8757,70.0000,False,0.870890,0.653895,33.012398,0.653896,False,Extend your punching arm more,Keep your guard hand higher,ultralytics-main/examples/BachelorsProject/data/downloads/BkTWWuN5fVY.f398.mp4
run_20260316_132153,2026-03-16T12:23:24.546634+00:00,141,1.0,jab,right45_02,55.9247,70.0000,False,0.871180,0.653140,32.990203,0.653140,False,Extend your punching arm more,Keep your guard hand higher,ultralytics-main/examples/BachelorsProject/data/downloads/BkTWWuN5fVY.f398.mp4
run_20260316_132153,2026-03-16T12:23:25.268537+00:00,142,1.0,jab,right45_02,56.0454,70.0000,False,0.871489,0.650885,32.981092,0.650885,False,Extend your punching arm more,Keep your guard hand higher,ultralytics-main/examples/BachelorsProject/data/downloads/BkTWWuN5fVY.f398.mp4
run_20260316_132153,2026-03-16T12:23:25.954002+00:00,143,1.0,jab,right45_02,56.1172,70.0000,False,0.871477,0.649298,33.007445,0.649298,False,Extend your punching arm more,Keep your guard hand higher,ultralytics-main/examples/BachelorsProject/data/downloads/BkTWWuN5fVY.f398.mp4
run_20260316_132153,2026-03-16T12:23:26.645453+00:00,144,1.0,jab,right45_02,56.3116,70.0000,False,0.871999,0.645197,33.078604,0.645197,False,Extend your punching arm more,Keep your guard hand higher,ultralytics-main/examples/BachelorsProject/data/downloads/BkTWWuN5fVY.f398.mp4
run_20260316_132153,2026-03-16T12:23:27.343851+00:00,145,1.0,jab,right45_02,56.6279,70.0000,False,0.872818,0.640068,32.915039,0.640068,False,Extend your punching arm more,Keep your guard hand higher,ultralytics-main/examples/BachelorsProject/data/downloads/BkTWWuN5fVY.f398.mp4
run_20260316_132153,2026-03-16T12:23:28.090199+00:00,146,1.0,jab,right45_02,57.1755,70.0000,False,0.874288,0.632500,32.398297,0.632500,False,Extend your punching arm more,Keep your guard hand higher,ultralytics-main/examples/BachelorsProject/data/downloads/BkTWWuN5fVY.f398.mp4
run_20260316_132153,2026-03-16T12:23:28.851780+00:00,147,1.0,jab,right45_02,57.7437,70.0000,False,0.876228,0.623822,32.037174,0.623822,False,Extend your punching arm more,Keep your guard hand higher,ultralytics-main/examples/BachelorsProject/data/downloads/BkTWWuN5fVY.f398.mp4
run_20260316_132153,2026-03-16T12:23:29.690165+00:00,148,1.0,jab,right45_02,58.3804,70.0000,False,0.878215,0.614409,31.564551,0.614409,False,Extend your punching arm more,Keep your guard hand higher,ultralytics-main/examples/BachelorsProject/data/downloads/BkTWWuN5fVY.f398.mp4
run_20260316_132153,2026-03-16T12:23:30.406110+00:00,149,1.0,jab,right45_02,58.8905,70.0000,False,0.879370,0.608026,30.949920,0.608026,False,Extend your punching arm more,Keep your guard hand higher,ultralytics-main/examples/BachelorsProject/data/downloads/BkTWWuN5fVY.f398.mp4
run_20260316_132153,2026-03-16T12:23:31.127684+00:00,150,1.0,jab,right45_02,59.5526,70.0000,False,0.880645,0.603431,29.473870,0.603431,False,Extend your punching arm more,Keep your guard hand higher,ultralytics-main/examples/BachelorsProject/data/downloads/BkTWWuN5fVY.f398.mp4
run_20260316_132153,2026-03-16T12:23:31.833167+00:00,151,1.0,jab,right45_02,60.6860,70.0000,False,0.882028,0.597356,26.574042,0.597356,False,Extend your punching arm more,Keep your guard hand higher,ultralytics-main/examples/BachelorsProject/data/downloads/BkTWWuN5fVY.f398.mp4
run_20260316_132153,2026-03-16T12:23:32.549244+00:00,152,1.0,jab,right45_02,61.9273,70.0000,False,0.882911,0.594365,22.699283,0.594365,False,Extend your punching arm more,Keep your guard hand higher,ultralytics-main/examples/BachelorsProject/data/downloads/BkTWWuN5fVY.f398.mp4
run_20260316_132153,2026-03-16T12:23:33.254741+00:00,153,1.0,jab,right45_02,63.3062,70.0000,False,0.884001,0.591575,18.306334,0.591575,False,Extend your punching arm more,Keep your guard hand higher,ultralytics-main/examples/BachelorsProject/data/downloads/BkTWWuN5fVY.f398.mp4
run_20260316_132153,2026-03-16T12:23:33.946713+00:00,154,1.0,jab,right45_02,64.0903,70.0000,False,0.885657,0.588277,16.181411,0.588277,False,Extend your punching arm more,Keep your guard hand higher,ultralytics-main/examples/BachelorsProject/data/downloads/BkTWWuN5fVY.f398.mp4
run_20260316_132153,2026-03-16T12:23:34.718605+00:00,155,1.0,jab,right45_02,64.9406,70.0000,False,0.886496,0.586581,13.478447,0.586581,False,Keep your guard hand higher,,ultralytics-main/examples/BachelorsProject/data/downloads/BkTWWuN5fVY.f398.mp4
run_20260316_132153,2026-03-16T12:23:35.431151+00:00,156,1.0,jab,right45_02,63.7405,70.0000,False,0.887232,0.584716,18.180899,0.584716,False,Keep your guard hand higher,,ultralytics-main/examples/BachelorsProject/data/downloads/BkTWWuN5fVY.f398.mp4
run_20260316_132153,2026-03-16T12:23:36.126587+00:00,157,1.0,jab,right45_02,61.8472,70.0000,False,0.887558,0.584169,25.115788,0.584169,False,Keep your guard hand higher,,ultralytics-main/examples/BachelorsProject/data/downloads/BkTWWuN5fVY.f398.mp4
run_20260316_132153,2026-03-16T12:23:36.848448+00:00,158,1.0,jab,right45_02,60.2786,70.0000,False,0.887552,0.583797,30.829314,0.583797,False,Keep your guard hand higher,,ultralytics-main/examples/BachelorsProject/data/downloads/BkTWWuN5fVY.f398.mp4
run_20260316_132153,2026-03-16T12:23:37.583823+00:00,159,1.0,jab,right45_02,59.1057,70.0000,False,0.887623,0.584394,34.948961,0.584394,False,Keep your guard hand higher,Slow down and focus on form,ultralytics-main/examples/BachelorsProject/data/downloads/BkTWWuN5fVY.f398.mp4
run_20260316_132153,2026-03-16T12:23:38.313537+00:00,160,1.0,jab,right45_02,58.2032,70.0000,False,0.887571,0.584680,38.143135,0.584680,False,Keep your guard hand higher,Slow down and focus on form,ultralytics-main/examples/BachelorsProject/data/downloads/BkTWWuN5fVY.f398.mp4
run_20260316_132153,2026-03-16T12:23:39.036020+00:00,161,1.0,jab,right45_02,57.3919,70.0000,False,0.886222,0.588292,40.328710,0.588292,False,Keep your guard hand higher,Slow down and focus on form,ultralytics-main/examples/BachelorsProject/data/downloads/BkTWWuN5fVY.f398.mp4
run_20260316_132153,2026-03-16T12:23:39.796489+00:00,162,1.0,jab,right45_02,56.6598,70.0000,False,0.884386,0.592982,42.004326,0.592982,False,Keep your guard hand higher,Slow down and focus on form,ultralytics-main/examples/BachelorsProject/data/downloads/BkTWWuN5fVY.f398.mp4
run_20260316_132153,2026-03-16T12:23:40.517077+00:00,163,1.0,jab,right45_02,56.1668,70.0000,False,0.882647,0.597378,42.878328,0.597378,False,Keep your guard hand higher,Slow down and focus on form,ultralytics-main/examples/BachelorsProject/data/downloads/BkTWWuN5fVY.f398.mp4
run_20260316_132153,2026-03-16T12:23:41.226125+00:00,164,1.0,jab,right45_02,55.9054,70.0000,False,0.881455,0.600581,43.167597,0.600581,False,Keep your guard hand higher,Slow down and focus on form,ultralytics-main/examples/BachelorsProject/data/downloads/BkTWWuN5fVY.f398.mp4
run_20260316_132153,2026-03-16T12:23:41.931626+00:00,165,1.0,jab,right45_02,55.7583,70.0000,False,0.880844,0.602634,43.289105,0.602634,False,Keep your guard hand higher,Slow down and focus on form,ultralytics-main/examples/BachelorsProject/data/downloads/BkTWWuN5fVY.f398.mp4
run_20260316_132153,2026-03-16T12:23:42.639073+00:00,166,1.0,jab,right45_02,55.6299,70.0000,False,0.880040,0.605118,43.253602,0.605118,False,Keep your guard hand higher,Slow down and focus on form,ultralytics-main/examples/BachelorsProject/data/downloads/BkTWWuN5fVY.f398.mp4
run_20260316_132153,2026-03-16T12:23:43.369542+00:00,167,1.0,jab,right45,51.4557,70.0000,False,0.932611,0.877451,26.514030,0.877451,False,Keep your guard hand higher,Slow down and focus on form,ultralytics-main/examples/BachelorsProject/data/downloads/BkTWWuN5fVY.f398.mp4
run_20260316_132153,2026-03-16T12:23:44.108977+00:00,168,1.0,jab,right45,51.4943,70.0000,False,0.932173,0.880288,26.347459,0.880288,False,Keep your guard hand higher,Slow down and focus on form,ultralytics-main/examples/BachelorsProject/data/downloads/BkTWWuN5fVY.f398.mp4
run_20260316_132153,2026-03-16T12:23:44.924953+00:00,169,1.0,jab,right45,51.5217,70.0000,False,0.932133,0.880144,26.246205,0.880144,False,Keep your guard hand higher,Slow down and focus on form,ultralytics-main/examples/BachelorsProject/data/downloads/BkTWWuN5fVY.f398.mp4
run_20260316_132153,2026-03-16T12:23:45.685078+00:00,170,1.0,jab,right45,51.5382,70.0000,False,0.932103,0.879212,26.185154,0.879212,False,Keep your guard hand higher,Slow down and focus on form,ultralytics-main/examples/BachelorsProject/data/downloads/BkTWWuN5fVY.f398.mp4
run_20260316_132153,2026-03-16T12:23:46.406764+00:00,171,1.0,jab,right45,51.5280,70.0000,False,0.932146,0.877809,26.224559,0.877809,False,Keep your guard hand higher,Slow down and focus on form,ultralytics-main/examples/BachelorsProject/data/downloads/BkTWWuN5fVY.f398.mp4
run_20260316_132153,2026-03-16T12:23:47.173670+00:00,172,1.0,jab,right45,51.5002,70.0000,False,0.932329,0.876470,26.335890,0.876469,False,Keep your guard hand higher,Slow down and focus on form,ultralytics-main/examples/BachelorsProject/data/downloads/BkTWWuN5fVY.f398.mp4
run_20260316_132153,2026-03-16T12:23:47.860857+00:00,173,1.0,jab,right45,51.4651,70.0000,False,0.932396,0.875804,26.466526,0.875804,False,Keep your guard hand higher,Slow down and focus on form,ultralytics-main/examples/BachelorsProject/data/downloads/BkTWWuN5fVY.f398.mp4
run_20260316_132153,2026-03-16T12:23:48.563977+00:00,174,1.0,jab,right45,51.4122,70.0000,False,0.932237,0.876507,26.647203,0.876507,False,Keep your guard hand higher,Slow down and focus on form,ultralytics-main/examples/BachelorsProject/data/downloads/BkTWWuN5fVY.f398.mp4
run_20260316_132153,2026-03-16T12:23:49.279187+00:00,175,1.0,jab,right45_02,55.1667,70.0000,False,0.878799,0.610890,43.804133,0.610890,False,Keep your guard hand higher,Slow down and focus on form,ultralytics-main/examples/BachelorsProject/data/downloads/BkTWWuN5fVY.f398.mp4
run_20260316_132153,2026-03-16T12:23:50.054843+00:00,176,1.0,jab,right45_02,55.2837,70.0000,False,0.879182,0.609531,43.651586,0.609531,False,Keep your guard hand higher,Slow down and focus on form,ultralytics-main/examples/BachelorsProject/data/downloads/BkTWWuN5fVY.f398.mp4
run_20260316_132153,2026-03-16T12:23:50.799298+00:00,177,1.0,jab,right45_02,55.4710,70.0000,False,0.879763,0.607099,43.451752,0.607099,False,Keep your guard hand higher,Slow down and focus on form,ultralytics-main/examples/BachelorsProject/data/downloads/BkTWWuN5fVY.f398.mp4
run_20260316_132153,2026-03-16T12:23:51.603931+00:00,178,1.0,jab,right45_02,55.7597,70.0000,False,0.880896,0.602768,43.263254,0.602768,False,Keep your guard hand higher,Slow down and focus on form,ultralytics-main/examples/BachelorsProject/data/downloads/BkTWWuN5fVY.f398.mp4
run_20260316_132153,2026-03-16T12:23:52.319257+00:00,179,1.0,jab,right45_02,55.9639,70.0000,False,0.881611,0.599797,43.107836,0.599797,False,Keep your guard hand higher,Slow down and focus on form,ultralytics-main/examples/BachelorsProject/data/downloads/BkTWWuN5fVY.f398.mp4
run_20260316_132153,2026-03-16T12:23:53.052639+00:00,180,1.0,jab,right45_02,56.1063,70.0000,False,0.882147,0.597623,43.020433,0.597623,False,Keep your guard hand higher,Slow down and focus on form,ultralytics-main/examples/BachelorsProject/data/downloads/BkTWWuN5fVY.f398.mp4
run_20260316_132153,2026-03-16T12:23:53.751601+00:00,181,1.0,jab,right45_02,56.2301,70.0000,False,0.882565,0.595910,42.909324,0.595910,False,Keep your guard hand higher,Slow down and focus on form,ultralytics-main/examples/BachelorsProject/data/downloads/BkTWWuN5fVY.f398.mp4
run_20260316_132153,2026-03-16T12:23:54.549060+00:00,182,1.0,jab,right45_02,56.3273,70.0000,False,0.882950,0.594346,42.865378,0.594346,False,Keep your guard hand higher,Slow down and focus on form,ultralytics-main/examples/BachelorsProject/data/downloads/BkTWWuN5fVY.f398.mp4
run_20260316_132153,2026-03-16T12:23:55.293323+00:00,183,1.0,jab,right45_02,56.4143,70.0000,False,0.883326,0.592742,42.864393,0.592742,False,Keep your guard hand higher,Slow down and focus on form,ultralytics-main/examples/BachelorsProject/data/downloads/BkTWWuN5fVY.f398.mp4
run_20260316_132153,2026-03-16T12:23:55.988584+00:00,184,1.0,jab,right45_02,56.5820,70.0000,False,0.884116,0.590294,42.751039,0.590294,False,Keep your guard hand higher,Slow down and focus on form,ultralytics-main/examples/BachelorsProject/data/downloads/BkTWWuN5fVY.f398.mp4
run_20260316_132153,2026-03-16T12:23:56.686950+00:00,185,1.0,jab,right45_02,56.7607,70.0000,False,0.884802,0.588309,42.508498,0.588309,False,Keep your guard hand higher,Slow down and focus on form,ultralytics-main/examples/BachelorsProject/data/downloads/BkTWWuN5fVY.f398.mp4
run_20260316_132153,2026-03-16T12:23:57.395796+00:00,186,1.0,jab,right45_02,56.9062,70.0000,False,0.885207,0.587430,42.168419,0.587430,False,Keep your guard hand higher,Slow down and focus on form,ultralytics-main/examples/BachelorsProject/data/downloads/BkTWWuN5fVY.f398.mp4
run_20260316_132153,2026-03-16T12:23:58.119344+00:00,187,1.0,jab,right45_02,57.0863,70.0000,False,0.885746,0.586207,41.774188,0.586207,False,Keep your guard hand higher,Slow down and focus on form,ultralytics-main/examples/BachelorsProject/data/downloads/BkTWWuN5fVY.f398.mp4
run_20260316_132153,2026-03-16T12:23:58.847998+00:00,188,1.0,jab,right45_02,57.2843,70.0000,False,0.886391,0.584931,41.331441,0.584931,False,Keep your guard hand higher,Slow down and focus on form,ultralytics-main/examples/BachelorsProject/data/downloads/BkTWWuN5fVY.f398.mp4
run_20260316_132153,2026-03-16T12:23:59.635453+00:00,189,1.0,jab,right45_02,57.4941,70.0000,False,0.887059,0.583686,40.842535,0.583686,False,Keep your guard hand higher,Slow down and focus on form,ultralytics-main/examples/BachelorsProject/data/downloads/BkTWWuN5fVY.f398.mp4
run_20260316_132153,2026-03-16T12:24:00.344167+00:00,190,1.0,jab,right45_02,57.7430,70.0000,False,0.887838,0.582085,40.283594,0.582085,False,Keep your guard hand higher,Slow down and focus on form,ultralytics-main/examples/BachelorsProject/data/downloads/BkTWWuN5fVY.f398.mp4
run_20260316_132153,2026-03-16T12:24:01.071146+00:00,191,1.0,jab,right45_02,58.1042,70.0000,False,0.888615,0.580162,39.378522,0.580162,False,Keep your guard hand higher,Slow down and focus on form,ultralytics-main/examples/BachelorsProject/data/downloads/BkTWWuN5fVY.f398.mp4
run_20260316_132153,2026-03-16T12:24:01.787446+00:00,192,1.0,jab,right45_02,58.5007,70.0000,False,0.889282,0.578478,38.296235,0.578478,False,Extend your punching arm more,Keep your guard hand higher,ultralytics-main/examples/BachelorsProject/data/downloads/BkTWWuN5fVY.f398.mp4
run_20260316_132153,2026-03-16T12:24:02.488726+00:00,193,1.0,jab,right45_02,58.8509,70.0000,False,0.889847,0.577271,37.288453,0.577271,False,Keep your guard hand higher,Slow down and focus on form,ultralytics-main/examples/BachelorsProject/data/downloads/BkTWWuN5fVY.f398.mp4
run_20260316_132153,2026-03-16T12:24:03.216244+00:00,194,1.0,jab,right45_02,59.2064,70.0000,False,0.890144,0.577145,36.049789,0.577145,False,Extend your punching arm more,Keep your guard hand higher,ultralytics-main/examples/BachelorsProject/data/downloads/BkTWWuN5fVY.f398.mp4
run_20260316_132153,2026-03-16T12:24:03.930961+00:00,195,1.0,jab,right45_02,59.6968,70.0000,False,0.890198,0.577466,34.230149,0.577466,False,Extend your punching arm more,Keep your guard hand higher,ultralytics-main/examples/BachelorsProject/data/downloads/BkTWWuN5fVY.f398.mp4
run_20260316_132153,2026-03-16T12:24:04.724880+00:00,196,1.0,jab,right45_02,60.3132,70.0000,False,0.890061,0.578058,31.895744,0.578058,False,Extend your punching arm more,Keep your guard hand higher,ultralytics-main/examples/BachelorsProject/data/downloads/BkTWWuN5fVY.f398.mp4
run_20260316_132153,2026-03-16T12:24:05.442173+00:00,197,1.0,jab,right45_02,61.0345,70.0000,False,0.889804,0.579654,28.995922,0.579654,False,Extend your punching arm more,Keep your guard hand higher,ultralytics-main/examples/BachelorsProject/data/downloads/BkTWWuN5fVY.f398.mp4
run_20260316_132153,2026-03-16T12:24:06.161722+00:00,198,1.0,jab,right45_02,61.8509,70.0000,False,0.889291,0.583021,25.418259,0.583021,False,Extend your punching arm more,Keep your guard hand higher,ultralytics-main/examples/BachelorsProject/data/downloads/BkTWWuN5fVY.f398.mp4
run_20260316_132153,2026-03-16T12:24:06.885841+00:00,199,1.0,jab,right45_02,62.6689,70.0000,False,0.888845,0.587112,21.709085,0.587112,False,Extend your punching arm more,Keep your guard hand higher,ultralytics-main/examples/BachelorsProject/data/downloads/BkTWWuN5fVY.f398.mp4
run_20260316_132153,2026-03-16T12:24:07.646769+00:00,200,1.0,jab,right45_02,63.6368,70.0000,False,0.888114,0.591727,17.347988,0.591727,False,Extend your punching arm more,Keep your guard hand higher,ultralytics-main/examples/BachelorsProject/data/downloads/BkTWWuN5fVY.f398.mp4
run_20260316_132153,2026-03-16T12:24:08.362709+00:00,201,1.0,jab,right45_02,64.7529,70.0000,False,0.887023,0.597494,12.222988,0.597494,False,Extend your punching arm more,Keep your guard hand higher,ultralytics-main/examples/BachelorsProject/data/downloads/BkTWWuN5fVY.f398.mp4
run_20260316_132153,2026-03-16T12:24:09.053679+00:00,202,1.0,jab,right45_02,64.1162,70.0000,False,0.886161,0.602425,13.573236,0.602425,False,Extend your punching arm more,Keep your guard hand higher,ultralytics-main/examples/BachelorsProject/data/downloads/BkTWWuN5fVY.f398.mp4
run_20260316_132153,2026-03-16T12:24:09.798453+00:00,203,1.0,jab,right45_02,63.0702,70.0000,False,0.884997,0.610658,15.783728,0.610658,False,Extend your punching arm more,Keep your guard hand higher,ultralytics-main/examples/BachelorsProject/data/downloads/BkTWWuN5fVY.f398.mp4
run_20260316_132153,2026-03-16T12:24:10.684193+00:00,204,1.0,jab,right45_02,61.5835,70.0000,False,0.883733,0.620201,19.338330,0.620201,False,Extend your punching arm more,Keep your guard hand higher,ultralytics-main/examples/BachelorsProject/data/downloads/BkTWWuN5fVY.f398.mp4
run_20260316_132153,2026-03-16T12:24:11.550437+00:00,205,1.0,jab,right45_02,60.2693,70.0000,False,0.882477,0.628958,22.414094,0.628958,False,Extend your punching arm more,Keep your guard hand higher,ultralytics-main/examples/BachelorsProject/data/downloads/BkTWWuN5fVY.f398.mp4
run_20260316_132153,2026-03-16T12:24:12.298689+00:00,206,1.0,jab,right45_02,58.9928,70.0000,False,0.880826,0.637148,25.431139,0.637149,False,Extend your punching arm more,Keep your guard hand higher,ultralytics-main/examples/BachelorsProject/data/downloads/BkTWWuN5fVY.f398.mp4
run_20260316_132153,2026-03-16T12:24:13.046390+00:00,207,1.0,jab,right45,57.9004,70.0000,False,0.977116,0.608638,40.562034,0.608638,False,Extend your punching arm more,Keep your guard hand higher,ultralytics-main/examples/BachelorsProject/data/downloads/BkTWWuN5fVY.f398.mp4
run_20260316_132153,2026-03-16T12:24:13.810487+00:00,208,1.0,jab,right45,57.1105,70.0000,False,0.975757,0.607602,43.506397,0.607603,False,Extend your punching arm more,Keep your guard hand higher,ultralytics-main/examples/BachelorsProject/data/downloads/BkTWWuN5fVY.f398.mp4
run_20260316_132153,2026-03-16T12:24:14.647095+00:00,209,1.0,jab,right45,56.6830,70.0000,False,0.974642,0.602591,45.877173,0.602591,False,Extend your punching arm more,Keep your guard hand higher,ultralytics-main/examples/BachelorsProject/data/downloads/BkTWWuN5fVY.f398.mp4
run_20260316_132153,2026-03-16T12:24:15.414500+00:00,210,1.0,jab,right45,56.5883,70.0000,False,0.973366,0.593654,47.746346,0.593654,False,Extend your punching arm more,Keep your guard hand higher,ultralytics-main/examples/BachelorsProject/data/downloads/BkTWWuN5fVY.f398.mp4
run_20260316_132153,2026-03-16T12:24:16.137418+00:00,211,1.0,jab,right45,56.5141,70.0000,False,0.972065,0.586746,49.175223,0.586746,False,Extend your punching arm more,Keep your guard hand higher,ultralytics-main/examples/BachelorsProject/data/downloads/BkTWWuN5fVY.f398.mp4
run_20260316_132153,2026-03-16T12:24:16.984471+00:00,212,1.0,jab,right45,56.1404,70.0000,False,0.970327,0.586182,50.512271,0.586182,False,Extend your punching arm more,Keep your guard hand higher,ultralytics-main/examples/BachelorsProject/data/downloads/BkTWWuN5fVY.f398.mp4
run_20260316_132153,2026-03-16T12:24:17.860452+00:00,213,1.0,jab,right45,56.0612,70.0000,False,0.968727,0.582775,51.309878,0.582775,False,Extend your punching arm more,Keep your guard hand higher,ultralytics-main/examples/BachelorsProject/data/downloads/BkTWWuN5fVY.f398.mp4
run_20260316_132153,2026-03-16T12:24:18.812202+00:00,214,1.0,jab,right45,56.6176,70.0000,False,0.968741,0.571019,51.424009,0.571019,False,Extend your punching arm more,Keep your guard hand higher,ultralytics-main/examples/BachelorsProject/data/downloads/BkTWWuN5fVY.f398.mp4
run_20260316_132153,2026-03-16T12:24:19.596645+00:00,215,1.0,jab,right45,57.1573,70.0000,False,0.969029,0.561666,51.182596,0.561666,False,Extend your punching arm more,Keep your guard hand higher,ultralytics-main/examples/BachelorsProject/data/downloads/BkTWWuN5fVY.f398.mp4
run_20260316_132153,2026-03-16T12:24:20.370164+00:00,216,1.0,jab,right45,57.2989,70.0000,False,0.968886,0.559666,51.023851,0.559666,False,Extend your punching arm more,Keep your guard hand higher,ultralytics-main/examples/BachelorsProject/data/downloads/BkTWWuN5fVY.f398.mp4
run_20260316_132153,2026-03-16T12:24:21.135421+00:00,217,1.0,jab,right45,57.3177,70.0000,False,0.969492,0.560049,50.925524,0.560049,False,Extend your punching arm more,Keep your guard hand higher,ultralytics-main/examples/BachelorsProject/data/downloads/BkTWWuN5fVY.f398.mp4
run_20260316_132153,2026-03-16T12:24:21.922881+00:00,218,1.0,jab,right45,57.1760,70.0000,False,0.970272,0.563528,50.858397,0.563528,False,Extend your punching arm more,Keep your guard hand higher,ultralytics-main/examples/BachelorsProject/data/downloads/BkTWWuN5fVY.f398.mp4
run_20260316_132153,2026-03-16T12:24:22.690116+00:00,219,1.0,jab,right45,57.2188,70.0000,False,0.970828,0.564207,50.617242,0.564207,False,Extend your punching arm more,Keep your guard hand higher,ultralytics-main/examples/BachelorsProject/data/downloads/BkTWWuN5fVY.f398.mp4
run_20260316_132153,2026-03-16T12:24:23.418895+00:00,220,1.0,jab,right45,57.4153,70.0000,False,0.971734,0.562707,50.236827,0.562707,False,Extend your punching arm more,Keep your guard hand higher,ultralytics-main/examples/BachelorsProject/data/downloads/BkTWWuN5fVY.f398.mp4
run_20260316_132153,2026-03-16T12:24:24.152183+00:00,221,1.0,jab,right45,57.4955,70.0000,False,0.972436,0.563112,49.919458,0.563112,False,Extend your punching arm more,Keep your guard hand higher,ultralytics-main/examples/BachelorsProject/data/downloads/BkTWWuN5fVY.f398.mp4
run_20260316_132153,2026-03-16T12:24:25.029119+00:00,222,1.0,jab,right45,57.5671,70.0000,False,0.972674,0.563247,49.652533,0.563247,False,Extend your punching arm more,Keep your guard hand higher,ultralytics-main/examples/BachelorsProject/data/downloads/BkTWWuN5fVY.f398.mp4
run_20260316_132153,2026-03-16T12:24:25.788954+00:00,223,1.0,jab,right45,57.6244,70.0000,False,0.972559,0.563564,49.381995,0.563564,False,Extend your punching arm more,Keep your guard hand higher,ultralytics-main/examples/BachelorsProject/data/downloads/BkTWWuN5fVY.f398.mp4
run_20260316_132153,2026-03-16T12:24:26.526029+00:00,224,1.0,jab,right45,57.5837,70.0000,False,0.972341,0.565751,49.121138,0.565751,False,Extend your punching arm more,Keep your guard hand higher,ultralytics-main/examples/BachelorsProject/data/downloads/BkTWWuN5fVY.f398.mp4
run_20260316_132153,2026-03-16T12:24:27.276184+00:00,225,1.0,jab,right45,57.3515,70.0000,False,0.971864,0.571188,48.948053,0.571188,False,Extend your punching arm more,Keep your guard hand higher,ultralytics-main/examples/BachelorsProject/data/downloads/BkTWWuN5fVY.f398.mp4
run_20260316_132153,2026-03-16T12:24:28.106716+00:00,226,1.0,jab,right45,57.0301,70.0000,False,0.971534,0.577566,48.936556,0.577566,False,Extend your punching arm more,Keep your guard hand higher,ultralytics-main/examples/BachelorsProject/data/downloads/BkTWWuN5fVY.f398.mp4
run_20260316_132153,2026-03-16T12:24:28.938767+00:00,227,1.0,jab,right45,56.7163,70.0000,False,0.971801,0.583434,49.026738,0.583434,False,Extend your punching arm more,Keep your guard hand higher,ultralytics-main/examples/BachelorsProject/data/downloads/BkTWWuN5fVY.f398.mp4
run_20260316_132153,2026-03-16T12:24:29.821189+00:00,228,1.0,jab,right45,56.4288,70.0000,False,0.972412,0.589134,49.074214,0.589134,False,Extend your punching arm more,Keep your guard hand higher,ultralytics-main/examples/BachelorsProject/data/downloads/BkTWWuN5fVY.f398.mp4
run_20260316_132153,2026-03-16T12:24:30.623531+00:00,229,1.0,jab,right45,56.2195,70.0000,False,0.972903,0.593478,49.076819,0.593478,False,Extend your punching arm more,Keep your guard hand higher,ultralytics-main/examples/BachelorsProject/data/downloads/BkTWWuN5fVY.f398.mp4
run_20260316_132153,2026-03-16T12:24:31.395669+00:00,230,1.0,jab,right45,56.1277,70.0000,False,0.973265,0.595176,49.124514,0.595176,False,Extend your punching arm more,Keep your guard hand higher,ultralytics-main/examples/BachelorsProject/data/downloads/BkTWWuN5fVY.f398.mp4
run_20260316_132153,2026-03-16T12:24:32.131374+00:00,231,1.0,jab,right45,56.1853,70.0000,False,0.973249,0.593461,49.224753,0.593461,False,Extend your punching arm more,Keep your guard hand higher,ultralytics-main/examples/BachelorsProject/data/downloads/BkTWWuN5fVY.f398.mp4
run_20260316_132153,2026-03-16T12:24:32.877474+00:00,232,1.0,jab,right45,56.4495,70.0000,False,0.973097,0.587307,49.371636,0.587307,False,Extend your punching arm more,Keep your guard hand higher,ultralytics-main/examples/BachelorsProject/data/downloads/BkTWWuN5fVY.f398.mp4
run_20260316_132153,2026-03-16T12:24:33.656844+00:00,233,1.0,jab,right45,56.7649,70.0000,False,0.972878,0.580016,49.534850,0.580016,False,Extend your punching arm more,Keep your guard hand higher,ultralytics-main/examples/BachelorsProject/data/downloads/BkTWWuN5fVY.f398.mp4
run_20260316_132153,2026-03-16T12:24:34.464686+00:00,234,1.0,jab,right45,56.9917,70.0000,False,0.972445,0.574195,49.738908,0.574195,False,Extend your punching arm more,Keep your guard hand higher,ultralytics-main/examples/BachelorsProject/data/downloads/BkTWWuN5fVY.f398.mp4
run_20260316_132153,2026-03-16T12:24:35.256535+00:00,235,1.0,jab,right45,57.1438,70.0000,False,0.971896,0.569460,50.009144,0.569460,False,Extend your punching arm more,Keep your guard hand higher,ultralytics-main/examples/BachelorsProject/data/downloads/BkTWWuN5fVY.f398.mp4
run_20260316_132153,2026-03-16T12:24:36.050181+00:00,236,1.0,jab,right45,57.2429,70.0000,False,0.971411,0.565695,50.299155,0.565695,False,Extend your punching arm more,Keep your guard hand higher,ultralytics-main/examples/BachelorsProject/data/downloads/BkTWWuN5fVY.f398.mp4
run_20260316_132153,2026-03-16T12:24:36.832685+00:00,237,1.0,jab,right45,57.2595,70.0000,False,0.970903,0.563831,50.543181,0.563831,False,Extend your punching arm more,Keep your guard hand higher,ultralytics-main/examples/BachelorsProject/data/downloads/BkTWWuN5fVY.f398.mp4
run_20260316_132153,2026-03-16T12:24:37.646911+00:00,238,1.0,jab,right45,57.1781,70.0000,False,0.970490,0.564335,50.719619,0.564335,False,Extend your punching arm more,Keep your guard hand higher,ultralytics-main/examples/BachelorsProject/data/downloads/BkTWWuN5fVY.f398.mp4
run_20260316_132153,2026-03-16T12:24:38.430273+00:00,239,1.0,jab,right45,57.0166,70.0000,False,0.970203,0.566659,50.864369,0.566659,False,Extend your punching arm more,Keep your guard hand higher,ultralytics-main/examples/BachelorsProject/data/downloads/BkTWWuN5fVY.f398.mp4
run_20260316_132153,2026-03-16T12:24:39.228210+00:00,240,1.0,jab,right45,56.9087,70.0000,False,0.970277,0.568334,50.955911,0.568334,False,Extend your punching arm more,Keep your guard hand higher,ultralytics-main/examples/BachelorsProject/data/downloads/BkTWWuN5fVY.f398.mp4
run_20260316_132153,2026-03-16T12:24:40.000072+00:00,241,1.0,jab,right45,56.8335,70.0000,False,0.970632,0.570045,50.941312,0.570044,False,Extend your punching arm more,Keep your guard hand higher,ultralytics-main/examples/BachelorsProject/data/downloads/BkTWWuN5fVY.f398.mp4
run_20260316_132153,2026-03-16T12:24:40.760605+00:00,242,1.0,jab,right45,56.7419,70.0000,False,0.970964,0.572573,50.836839,0.572572,False,Extend your punching arm more,Keep your guard hand higher,ultralytics-main/examples/BachelorsProject/data/downloads/BkTWWuN5fVY.f398.mp4
run_20260316_132153,2026-03-16T12:24:41.474429+00:00,243,1.0,jab,right45,56.6729,70.0000,False,0.971385,0.574210,50.816809,0.574210,False,Extend your punching arm more,Keep your guard hand higher,ultralytics-main/examples/BachelorsProject/data/downloads/BkTWWuN5fVY.f398.mp4
run_20260316_132153,2026-03-16T12:24:42.224714+00:00,244,1.0,jab,right45,56.7543,70.0000,False,0.971930,0.572944,50.786126,0.572944,False,Extend your punching arm more,Keep your guard hand higher,ultralytics-main/examples/BachelorsProject/data/downloads/BkTWWuN5fVY.f398.mp4
run_20260316_132153,2026-03-16T12:24:42.956161+00:00,245,1.0,jab,right45,56.8586,70.0000,False,0.972307,0.572642,50.488822,0.572642,False,Extend your punching arm more,Keep your guard hand higher,ultralytics-main/examples/BachelorsProject/data/downloads/BkTWWuN5fVY.f398.mp4
run_20260316_132153,2026-03-16T12:24:43.677812+00:00,246,1.0,jab,right45,56.8004,70.0000,False,0.972112,0.577341,49.840225,0.577341,False,Extend your punching arm more,Keep your guard hand higher,ultralytics-main/examples/BachelorsProject/data/downloads/BkTWWuN5fVY.f398.mp4
run_20260316_132153,2026-03-16T12:24:44.483391+00:00,247,1.0,jab,right45,56.6270,70.0000,False,0.972068,0.583609,49.333329,0.583609,False,Extend your punching arm more,Keep your guard hand higher,ultralytics-main/examples/BachelorsProject/data/downloads/BkTWWuN5fVY.f398.mp4
run_20260316_132153,2026-03-16T12:24:45.268610+00:00,248,1.0,jab,right45,56.5750,70.0000,False,0.972680,0.592625,47.936475,0.592625,False,Extend your punching arm more,Keep your guard hand higher,ultralytics-main/examples/BachelorsProject/data/downloads/BkTWWuN5fVY.f398.mp4
run_20260316_132153,2026-03-16T12:24:46.043322+00:00,249,1.0,jab,right45_02,57.1730,70.0000,False,0.878603,0.643874,30.631875,0.643874,False,Extend your punching arm more,Keep your guard hand higher,ultralytics-main/examples/BachelorsProject/data/downloads/BkTWWuN5fVY.f398.mp4
run_20260316_132153,2026-03-16T12:24:46.817674+00:00,250,1.0,jab,right45_02,59.8796,70.0000,False,0.881774,0.623052,24.835869,0.623052,False,Keep your guard hand higher,Slow down and focus on form,ultralytics-main/examples/BachelorsProject/data/downloads/BkTWWuN5fVY.f398.mp4
run_20260316_132153,2026-03-16T12:24:47.597336+00:00,251,1.0,jab,right45_02,62.9748,70.0000,False,0.886241,0.600385,18.054435,0.600385,False,Keep your guard hand higher,,ultralytics-main/examples/BachelorsProject/data/downloads/BkTWWuN5fVY.f398.mp4
run_20260316_132153,2026-03-16T12:24:48.398720+00:00,252,1.0,jab,right45_02,65.3607,70.0000,False,0.890919,0.574728,14.378402,0.574728,False,Keep your guard hand higher,,ultralytics-main/examples/BachelorsProject/data/downloads/BkTWWuN5fVY.f398.mp4
run_20260316_132153,2026-03-16T12:24:49.158739+00:00,253,1.0,jab,right45_02,65.9329,70.0000,False,0.895572,0.551276,16.832861,0.551276,False,Keep your guard hand higher,,ultralytics-main/examples/BachelorsProject/data/downloads/BkTWWuN5fVY.f398.mp4
run_20260316_132153,2026-03-16T12:24:49.967014+00:00,254,1.0,jab,right45_02,64.7596,70.0000,False,0.899865,0.530632,25.043415,0.530632,False,Keep your guard hand higher,,ultralytics-main/examples/BachelorsProject/data/downloads/BkTWWuN5fVY.f398.mp4
run_20260316_132153,2026-03-16T12:24:50.712957+00:00,255,1.0,jab,right45_02,63.6520,70.0000,False,0.902426,0.516689,31.701753,0.516689,False,Extend your punching arm more,Keep your guard hand higher,ultralytics-main/examples/BachelorsProject/data/downloads/BkTWWuN5fVY.f398.mp4
run_20260316_132153,2026-03-16T12:24:51.432671+00:00,256,1.0,jab,right45_02,62.7425,70.0000,False,0.902365,0.518443,34.656236,0.518443,False,Extend your punching arm more,Keep your guard hand higher,ultralytics-main/examples/BachelorsProject/data/downloads/BkTWWuN5fVY.f398.mp4
run_20260316_132153,2026-03-16T12:24:52.149941+00:00,257,1.0,jab,right45_02,63.2252,70.0000,False,0.899442,0.528927,30.847122,0.528928,False,Extend your punching arm more,Keep your guard hand higher,ultralytics-main/examples/BachelorsProject/data/downloads/BkTWWuN5fVY.f398.mp4
run_20260316_132153,2026-03-16T12:24:52.858476+00:00,258,1.0,jab,right45_02,64.5707,70.0000,False,0.896123,0.540435,23.722756,0.540435,False,Extend your punching arm more,Keep your guard hand higher,ultralytics-main/examples/BachelorsProject/data/downloads/BkTWWuN5fVY.f398.mp4
run_20260316_132153,2026-03-16T12:24:53.619718+00:00,259,1.0,jab,right45_02,66.0500,70.0000,False,0.893095,0.552288,16.073001,0.552288,False,Extend your punching arm more,Keep your guard hand higher,ultralytics-main/examples/BachelorsProject/data/downloads/BkTWWuN5fVY.f398.mp4
run_20260316_132153,2026-03-16T12:24:54.425656+00:00,260,1.0,jab,right45_02,66.1632,70.0000,False,0.889332,0.567162,12.751181,0.567162,False,Extend your punching arm more,Keep your guard hand higher,ultralytics-main/examples/BachelorsProject/data/downloads/BkTWWuN5fVY.f398.mp4
run_20260316_132153,2026-03-16T12:24:55.197958+00:00,261,1.0,jab,right45_02,63.9590,70.0000,False,0.887000,0.578974,18.413242,0.578974,False,Extend your punching arm more,Keep your guard hand higher,ultralytics-main/examples/BachelorsProject/data/downloads/BkTWWuN5fVY.f398.mp4
run_20260316_132153,2026-03-16T12:24:55.942732+00:00,262,1.0,jab,right45_02,61.6565,70.0000,False,0.885517,0.588395,24.913174,0.588395,False,Extend your punching arm more,Keep your guard hand higher,ultralytics-main/examples/BachelorsProject/data/downloads/BkTWWuN5fVY.f398.mp4
run_20260316_132153,2026-03-16T12:24:56.708895+00:00,263,1.0,jab,right45_02,59.3464,70.0000,False,0.883566,0.605351,30.054619,0.605351,False,Extend your punching arm more,Keep your guard hand higher,ultralytics-main/examples/BachelorsProject/data/downloads/BkTWWuN5fVY.f398.mp4
run_20260316_132153,2026-03-16T12:24:57.481812+00:00,264,1.0,jab,right45_02,57.9614,70.0000,False,0.883175,0.615421,33.203378,0.615421,False,Extend your punching arm more,Keep your guard hand higher,ultralytics-main/examples/BachelorsProject/data/downloads/BkTWWuN5fVY.f398.mp4
run_20260316_132153,2026-03-16T12:24:58.251236+00:00,265,1.0,jab,right45,58.3510,70.0000,False,0.979031,0.570419,45.939806,0.570419,False,Extend your punching arm more,Keep your guard hand higher,ultralytics-main/examples/BachelorsProject/data/downloads/BkTWWuN5fVY.f398.mp4
run_20260316_132153,2026-03-16T12:24:59.001778+00:00,266,1.0,jab,right45,58.7719,70.0000,False,0.978279,0.557878,46.634850,0.557878,False,Extend your punching arm more,Keep your guard hand higher,ultralytics-main/examples/BachelorsProject/data/downloads/BkTWWuN5fVY.f398.mp4
run_20260316_132153,2026-03-16T12:24:59.802125+00:00,267,1.0,jab,right45,59.2195,70.0000,False,0.977974,0.544944,47.332352,0.544944,False,Extend your punching arm more,Keep your guard hand higher,ultralytics-main/examples/BachelorsProject/data/downloads/BkTWWuN5fVY.f398.mp4
run_20260316_132153,2026-03-16T12:25:00.558898+00:00,268,1.0,jab,right45,59.2960,70.0000,False,0.977582,0.539745,47.967851,0.539745,False,Extend your punching arm more,Keep your guard hand higher,ultralytics-main/examples/BachelorsProject/data/downloads/BkTWWuN5fVY.f398.mp4
run_20260316_132153,2026-03-16T12:25:01.293413+00:00,269,1.0,jab,right45,58.8009,70.0000,False,0.976140,0.545993,48.535057,0.545993,False,Extend your punching arm more,Keep your guard hand higher,ultralytics-main/examples/BachelorsProject/data/downloads/BkTWWuN5fVY.f398.mp4
run_20260316_132153,2026-03-16T12:25:02.017391+00:00,270,1.0,jab,right45,57.9835,70.0000,False,0.974928,0.559043,49.051971,0.559043,False,Extend your punching arm more,Keep your guard hand higher,ultralytics-main/examples/BachelorsProject/data/downloads/BkTWWuN5fVY.f398.mp4
run_20260316_132153,2026-03-16T12:25:02.749358+00:00,271,1.0,jab,right45,56.9728,70.0000,False,0.974262,0.576395,49.525464,0.576395,False,Extend your punching arm more,Keep your guard hand higher,ultralytics-main/examples/BachelorsProject/data/downloads/BkTWWuN5fVY.f398.mp4
run_20260316_132153,2026-03-16T12:25:03.473379+00:00,272,1.0,jab,right45,55.9993,70.0000,False,0.973910,0.593534,49.922788,0.593534,False,Extend your punching arm more,Keep your guard hand higher,ultralytics-main/examples/BachelorsProject/data/downloads/BkTWWuN5fVY.f398.mp4
run_20260316_132153,2026-03-16T12:25:04.184698+00:00,273,1.0,jab,right45_02,55.8979,70.0000,False,0.878715,0.635889,36.666437,0.635889,False,Extend your punching arm more,Keep your guard hand higher,ultralytics-main/examples/BachelorsProject/data/downloads/BkTWWuN5fVY.f398.mp4
run_20260316_132153,2026-03-16T12:25:04.958024+00:00,274,1.0,jab,right45_02,56.3025,70.0000,False,0.878972,0.627812,36.679901,0.627812,False,Extend your punching arm more,Keep your guard hand higher,ultralytics-main/examples/BachelorsProject/data/downloads/BkTWWuN5fVY.f398.mp4
run_20260316_132153,2026-03-16T12:25:05.674449+00:00,275,1.0,jab,right45_02,56.5519,70.0000,False,0.878836,0.622843,36.667856,0.622843,False,Extend your punching arm more,Keep your guard hand higher,ultralytics-main/examples/BachelorsProject/data/downloads/BkTWWuN5fVY.f398.mp4
run_20260316_132153,2026-03-16T12:25:06.447181+00:00,276,1.0,jab,right45_02,56.6296,70.0000,False,0.878587,0.621498,36.614668,0.621498,False,Extend your punching arm more,Keep your guard hand higher,ultralytics-main/examples/BachelorsProject/data/downloads/BkTWWuN5fVY.f398.mp4
run_20260316_132153,2026-03-16T12:25:07.216601+00:00,277,1.0,jab,right45_02,56.5067,70.0000,False,0.878000,0.624678,36.447787,0.624679,False,Extend your punching arm more,Keep your guard hand higher,ultralytics-main/examples/BachelorsProject/data/downloads/BkTWWuN5fVY.f398.mp4
run_20260316_132153,2026-03-16T12:25:07.974442+00:00,278,1.0,jab,right45_02,56.3915,70.0000,False,0.877456,0.627975,36.234751,0.627975,False,Extend your punching arm more,Keep your guard hand higher,ultralytics-main/examples/BachelorsProject/data/downloads/BkTWWuN5fVY.f398.mp4
run_20260316_132153,2026-03-16T12:25:08.742933+00:00,279,1.0,jab,right45_02,56.2154,70.0000,False,0.876599,0.632611,35.980130,0.632611,False,Extend your punching arm more,Keep your guard hand higher,ultralytics-main/examples/BachelorsProject/data/downloads/BkTWWuN5fVY.f398.mp4
run_20260316_132153,2026-03-16T12:25:09.539656+00:00,280,1.0,jab,right45_02,56.1105,70.0000,False,0.876117,0.635576,35.793887,0.635576,False,Extend your punching arm more,Keep your guard hand higher,ultralytics-main/examples/BachelorsProject/data/downloads/BkTWWuN5fVY.f398.mp4
run_20260316_132153,2026-03-16T12:25:10.360681+00:00,281,1.0,jab,right45_02,56.0008,70.0000,False,0.875419,0.637906,35.725298,0.637906,False,Extend your punching arm more,Keep your guard hand higher,ultralytics-main/examples/BachelorsProject/data/downloads/BkTWWuN5fVY.f398.mp4
run_20260316_132153,2026-03-16T12:25:11.110029+00:00,282,1.0,jab,right45_02,55.9216,70.0000,False,0.874902,0.639414,35.706424,0.639415,False,Extend your punching arm more,Keep your guard hand higher,ultralytics-main/examples/BachelorsProject/data/downloads/BkTWWuN5fVY.f398.mp4
run_20260316_132153,2026-03-16T12:25:11.845421+00:00,283,1.0,jab,right45_02,55.8506,70.0000,False,0.874432,0.640372,35.760168,0.640372,False,Extend your punching arm more,Keep your guard hand higher,ultralytics-main/examples/BachelorsProject/data/downloads/BkTWWuN5fVY.f398.mp4
run_20260316_132153,2026-03-16T12:25:12.607057+00:00,284,1.0,jab,right45_02,55.7836,70.0000,False,0.873934,0.641544,35.758984,0.641544,False,Extend your punching arm more,Keep your guard hand higher,ultralytics-main/examples/BachelorsProject/data/downloads/BkTWWuN5fVY.f398.mp4
run_20260316_132153,2026-03-16T12:25:13.369977+00:00,285,1.0,jab,right45_02,55.6726,70.0000,False,0.873087,0.643616,35.732253,0.643616,False,Extend your punching arm more,Slow down and focus on form,ultralytics-main/examples/BachelorsProject/data/downloads/BkTWWuN5fVY.f398.mp4
run_20260316_132153,2026-03-16T12:25:14.139708+00:00,286,1.0,jab,right45_02,55.5429,70.0000,False,0.872397,0.646413,35.652092,0.646413,False,Extend your punching arm more,Slow down and focus on form,ultralytics-main/examples/BachelorsProject/data/downloads/BkTWWuN5fVY.f398.mp4
run_20260316_132153,2026-03-16T12:25:14.946549+00:00,287,1.0,jab,right45_02,55.5175,70.0000,False,0.872205,0.648109,35.426324,0.648109,False,Extend your punching arm more,Slow down and focus on form,ultralytics-main/examples/BachelorsProject/data/downloads/BkTWWuN5fVY.f398.mp4
run_20260316_132153,2026-03-16T12:25:15.689709+00:00,288,1.0,jab,right45_02,55.6686,70.0000,False,0.872617,0.647008,35.106437,0.647008,False,Extend your punching arm more,Keep your guard hand higher,ultralytics-main/examples/BachelorsProject/data/downloads/BkTWWuN5fVY.f398.mp4
run_20260316_132153,2026-03-16T12:25:16.431390+00:00,289,1.0,jab,right45_02,55.8871,70.0000,False,0.873091,0.647330,34.291558,0.647330,False,Extend your punching arm more,Keep your guard hand higher,ultralytics-main/examples/BachelorsProject/data/downloads/BkTWWuN5fVY.f398.mp4
run_20260316_132153,2026-03-16T12:25:17.157406+00:00,290,1.0,jab,right45_02,56.5151,70.0000,False,0.873896,0.642355,32.977044,0.642355,False,Extend your punching arm more,Keep your guard hand higher,ultralytics-main/examples/BachelorsProject/data/downloads/BkTWWuN5fVY.f398.mp4
run_20260316_132153,2026-03-16T12:25:17.902504+00:00,291,1.0,jab,right45_02,57.0516,70.0000,False,0.874133,0.640465,31.400841,0.640465,False,Extend your punching arm more,Keep your guard hand higher,ultralytics-main/examples/BachelorsProject/data/downloads/BkTWWuN5fVY.f398.mp4
run_20260316_132153,2026-03-16T12:25:18.681194+00:00,292,1.0,jab,right45_02,57.8675,70.0000,False,0.875259,0.636722,29.208352,0.636722,False,Extend your punching arm more,Keep your guard hand higher,ultralytics-main/examples/BachelorsProject/data/downloads/BkTWWuN5fVY.f398.mp4
run_20260316_132153,2026-03-16T12:25:19.497663+00:00,293,1.0,jab,right45_02,58.9935,70.0000,False,0.877240,0.632202,26.093145,0.632202,False,Extend your punching arm more,Keep your guard hand higher,ultralytics-main/examples/BachelorsProject/data/downloads/BkTWWuN5fVY.f398.mp4
run_20260316_132153,2026-03-16T12:25:20.268401+00:00,294,1.0,jab,right45_02,60.1227,70.0000,False,0.878851,0.628550,22.786913,0.628549,False,Extend your punching arm more,Keep your guard hand higher,ultralytics-main/examples/BachelorsProject/data/downloads/BkTWWuN5fVY.f398.mp4
run_20260316_132153,2026-03-16T12:25:21.006052+00:00,295,1.0,jab,right45_02,60.3807,70.0000,False,0.879982,0.627429,22.131099,0.627429,False,Extend your punching arm more,Keep your guard hand higher,ultralytics-main/examples/BachelorsProject/data/downloads/BkTWWuN5fVY.f398.mp4
run_20260316_132153,2026-03-16T12:25:21.744104+00:00,296,1.0,jab,right45_02,60.4191,70.0000,False,0.880469,0.627205,22.063794,0.627205,False,Extend your punching arm more,Keep your guard hand higher,ultralytics-main/examples/BachelorsProject/data/downloads/BkTWWuN5fVY.f398.mp4
run_20260316_132153,2026-03-16T12:25:22.518484+00:00,297,1.0,jab,right45_02,59.8791,70.0000,False,0.879970,0.629547,23.555045,0.629547,False,Extend your punching arm more,Keep your guard hand higher,ultralytics-main/examples/BachelorsProject/data/downloads/BkTWWuN5fVY.f398.mp4
run_20260316_132153,2026-03-16T12:25:23.310193+00:00,298,1.0,jab,right45_02,59.5433,70.0000,False,0.879959,0.633688,24.017667,0.633688,False,Extend your punching arm more,Keep your guard hand higher,ultralytics-main/examples/BachelorsProject/data/downloads/BkTWWuN5fVY.f398.mp4
run_20260316_132153,2026-03-16T12:25:24.071628+00:00,299,1.0,jab,right45_02,59.4727,70.0000,False,0.880567,0.634304,24.199202,0.634304,False,Extend your punching arm more,Keep your guard hand higher,ultralytics-main/examples/BachelorsProject/data/downloads/BkTWWuN5fVY.f398.mp4
run_20260316_132153,2026-03-16T12:25:24.881176+00:00,300,1.0,jab,right45_02,59.1920,70.0000,False,0.881191,0.633053,25.474354,0.633054,False,Extend your punching arm more,Keep your guard hand higher,ultralytics-main/examples/BachelorsProject/data/downloads/BkTWWuN5fVY.f398.mp4
run_20260316_132153,2026-03-16T12:25:25.652533+00:00,301,1.0,jab,right45_02,58.9365,70.0000,False,0.881804,0.630724,26.851918,0.630724,False,Extend your punching arm more,Keep your guard hand higher,ultralytics-main/examples/BachelorsProject/data/downloads/BkTWWuN5fVY.f398.mp4
run_20260316_132153,2026-03-16T12:25:26.392602+00:00,302,1.0,jab,right45_02,58.6059,70.0000,False,0.882239,0.628113,28.539426,0.628113,False,Extend your punching arm more,Keep your guard hand higher,ultralytics-main/examples/BachelorsProject/data/downloads/BkTWWuN5fVY.f398.mp4
run_20260316_132153,2026-03-16T12:25:27.137201+00:00,303,1.0,jab,right45_02,58.5626,70.0000,False,0.882618,0.625710,29.151920,0.625709,False,Extend your punching arm more,Keep your guard hand higher,ultralytics-main/examples/BachelorsProject/data/downloads/BkTWWuN5fVY.f398.mp4
run_20260316_132153,2026-03-16T12:25:27.900953+00:00,304,1.0,jab,right45_02,58.6156,70.0000,False,0.883002,0.623721,29.343038,0.623721,False,Extend your punching arm more,Keep your guard hand higher,ultralytics-main/examples/BachelorsProject/data/downloads/BkTWWuN5fVY.f398.mp4
run_20260316_132153,2026-03-16T12:25:28.637225+00:00,305,1.0,jab,right45_02,58.6425,70.0000,False,0.883397,0.621825,29.612458,0.621825,False,Extend your punching arm more,Keep your guard hand higher,ultralytics-main/examples/BachelorsProject/data/downloads/BkTWWuN5fVY.f398.mp4
run_20260316_132153,2026-03-16T12:25:29.406996+00:00,306,1.0,jab,right45_02,58.7783,70.0000,False,0.883690,0.620252,29.425292,0.620252,False,Extend your punching arm more,Keep your guard hand higher,ultralytics-main/examples/BachelorsProject/data/downloads/BkTWWuN5fVY.f398.mp4
run_20260316_132153,2026-03-16T12:25:30.262975+00:00,307,1.0,jab,right45_02,59.0282,70.0000,False,0.883841,0.619212,28.722384,0.619212,False,Extend your punching arm more,Keep your guard hand higher,ultralytics-main/examples/BachelorsProject/data/downloads/BkTWWuN5fVY.f398.mp4
run_20260316_132153,2026-03-16T12:25:31.032061+00:00,308,1.0,jab,right45_02,59.2127,70.0000,False,0.883949,0.618446,28.202903,0.618446,False,Extend your punching arm more,Keep your guard hand higher,ultralytics-main/examples/BachelorsProject/data/downloads/BkTWWuN5fVY.f398.mp4
run_20260316_132153,2026-03-16T12:25:31.891961+00:00,309,1.0,jab,right45_02,59.4377,70.0000,False,0.884041,0.618134,27.454793,0.618134,False,Extend your punching arm more,Keep your guard hand higher,ultralytics-main/examples/BachelorsProject/data/downloads/BkTWWuN5fVY.f398.mp4
