line_number,keep,technique,angle,technique_key,angle_key,record_reference_key,target_technique_key,url,title,segment_start_s,segment_end_s,command
2,,jab,left45,jab,left45,jab__left45,jab,https://www.youtube.com/watch?v=k6-Jipxenzc,This Simple Thumb Trick Will Double Your Wrist Strength For Punching #muaythai #mma #fight,,,"& ""python"" ""action_recognition.py"" --weights ""yolo26n-pose.pt"" --source ""https://www.youtube.com/watch?v=k6-Jipxenzc"" --record-reference ""jab__left45"" --target-technique ""jab"" --reference-dir ""reference_poses"" --num-video-sequence-samples 20 --skip-frame 1 --save-kpts-dir ""keypoints"" --record-reference-max-saves 0 --reference-capture-cooldown-frames 24 --disable-video-classifier --visualize-pose --person-selection-mode ""most_motion"" --ref-min-return-closure 0.20"
3,,jab,left45,jab,left45,jab__left45,jab,https://www.youtube.com/watch?v=P9gjzoNJCKs,Sneaky angle cutting in boxing 🪄,,,"& ""python"" ""action_recognition.py"" --weights ""yolo26n-pose.pt"" --source ""https://www.youtube.com/watch?v=P9gjzoNJCKs"" --record-reference ""jab__left45"" --target-technique ""jab"" --reference-dir ""reference_poses"" --num-video-sequence-samples 20 --skip-frame 1 --save-kpts-dir ""keypoints"" --record-reference-max-saves 0 --reference-capture-cooldown-frames 24 --disable-video-classifier --visualize-pose --person-selection-mode ""most_motion"" --ref-min-return-closure 0.20"
4,,jab,left45,jab,left45,jab__left45,jab,https://www.youtube.com/watch?v=wzOCSocPGys,How-To Boxing: Angle Shuffle,,,"& ""python"" ""action_recognition.py"" --weights ""yolo26n-pose.pt"" --source ""https://www.youtube.com/watch?v=wzOCSocPGys"" --record-reference ""jab__left45"" --target-technique ""jab"" --reference-dir ""reference_poses"" --num-video-sequence-samples 20 --skip-frame 1 --save-kpts-dir ""keypoints"" --record-reference-max-saves 0 --reference-capture-cooldown-frames 24 --disable-video-classifier --visualize-pose --person-selection-mode ""most_motion"" --ref-min-return-closure 0.20"
5,,jab,left45,jab,left45,jab__left45,jab,https://www.youtube.com/watch?v=M97ra0UR-40,How to do Cable Flyes Correctly,,,"& ""python"" ""action_recognition.py"" --weights ""yolo26n-pose.pt"" --source ""https://www.youtube.com/watch?v=M97ra0UR-40"" --record-reference ""jab__left45"" --target-technique ""jab"" --reference-dir ""reference_poses"" --num-video-sequence-samples 20 --skip-frame 1 --save-kpts-dir ""keypoints"" --record-reference-max-saves 0 --reference-capture-cooldown-frames 24 --disable-video-classifier --visualize-pose --person-selection-mode ""most_motion"" --ref-min-return-closure 0.20"
6,,jab,left45,jab,left45,jab__left45,jab,https://www.youtube.com/watch?v=yl66S30Mrrg,Hook. Power punch. Power punch training. Boxing training.,,,"& ""python"" ""action_recognition.py"" --weights ""yolo26n-pose.pt"" --source ""https://www.youtube.com/watch?v=yl66S30Mrrg"" --record-reference ""jab__left45"" --target-technique ""jab"" --reference-dir ""reference_poses"" --num-video-sequence-samples 20 --skip-frame 1 --save-kpts-dir ""keypoints"" --record-reference-max-saves 0 --reference-capture-cooldown-frames 24 --disable-video-classifier --visualize-pose --person-selection-mode ""most_motion"" --ref-min-return-closure 0.20"
7,,jab,left45,jab,left45,jab__left45,jab,https://www.youtube.com/watch?v=CG1oqBm2Yjw,“Right and Wrong” Boxing Techniques,,,"& ""python"" ""action_recognition.py"" --weights ""yolo26n-pose.pt"" --source ""https://www.youtube.com/watch?v=CG1oqBm2Yjw"" --record-reference ""jab__left45"" --target-technique ""jab"" --reference-dir ""reference_poses"" --num-video-sequence-samples 20 --skip-frame 1 --save-kpts-dir ""keypoints"" --record-reference-max-saves 0 --reference-capture-cooldown-frames 24 --disable-video-classifier --visualize-pose --person-selection-mode ""most_motion"" --ref-min-return-closure 0.20"
8,,jab,left45,jab,left45,jab__left45,jab,https://www.youtube.com/watch?v=K5qYd1axXuc,Boxing Professional REVEALS Secrets To Landing an Uppercut,,,"& ""python"" ""action_recognition.py"" --weights ""yolo26n-pose.pt"" --source ""https://www.youtube.com/watch?v=K5qYd1axXuc"" --record-reference ""jab__left45"" --target-technique ""jab"" --reference-dir ""reference_poses"" --num-video-sequence-samples 20 --skip-frame 1 --save-kpts-dir ""keypoints"" --record-reference-max-saves 0 --reference-capture-cooldown-frames 24 --disable-video-classifier --visualize-pose --person-selection-mode ""most_motion"" --ref-min-return-closure 0.20"
9,,jab,left45,jab,left45,jab__left45,jab,https://www.youtube.com/watch?v=SVVsU7rbRrQ,Stop throwing your lead hook like a robot 🤖,,,"& ""python"" ""action_recognition.py"" --weights ""yolo26n-pose.pt"" --source ""https://www.youtube.com/watch?v=SVVsU7rbRrQ"" --record-reference ""jab__left45"" --target-technique ""jab"" --reference-dir ""reference_poses"" --num-video-sequence-samples 20 --skip-frame 1 --save-kpts-dir ""keypoints"" --record-reference-max-saves 0 --reference-capture-cooldown-frames 24 --disable-video-classifier --visualize-pose --person-selection-mode ""most_motion"" --ref-min-return-closure 0.20"
10,,jab,left45,jab,left45,jab__left45,jab,https://www.youtube.com/watch?v=jQ6RlFLk2dw,How to Make a Boxing Fist ! #boxingtraining #boxing #boxeo #youtubeshort #shortsfeed,,,"& ""python"" ""action_recognition.py"" --weights ""yolo26n-pose.pt"" --source ""https://www.youtube.com/watch?v=jQ6RlFLk2dw"" --record-reference ""jab__left45"" --target-technique ""jab"" --reference-dir ""reference_poses"" --num-video-sequence-samples 20 --skip-frame 1 --save-kpts-dir ""keypoints"" --record-reference-max-saves 0 --reference-capture-cooldown-frames 24 --disable-video-classifier --visualize-pose --person-selection-mode ""most_motion"" --ref-min-return-closure 0.20"
11,,jab,left45,jab,left45,jab__left45,jab,https://www.youtube.com/watch?v=LLPs4o06lrM,Mike Tyson&#39;s Fastest Knockout Ever!,,,"& ""python"" ""action_recognition.py"" --weights ""yolo26n-pose.pt"" --source ""https://www.youtube.com/watch?v=LLPs4o06lrM"" --record-reference ""jab__left45"" --target-technique ""jab"" --reference-dir ""reference_poses"" --num-video-sequence-samples 20 --skip-frame 1 --save-kpts-dir ""keypoints"" --record-reference-max-saves 0 --reference-capture-cooldown-frames 24 --disable-video-classifier --visualize-pose --person-selection-mode ""most_motion"" --ref-min-return-closure 0.20"
12,,jab,left45,jab,left45,jab__left45,jab,https://www.youtube.com/watch?v=sq4Avpv5LAQ,How Normal Basketball Players Shoot…,,,"& ""python"" ""action_recognition.py"" --weights ""yolo26n-pose.pt"" --source ""https://www.youtube.com/watch?v=sq4Avpv5LAQ"" --record-reference ""jab__left45"" --target-technique ""jab"" --reference-dir ""reference_poses"" --num-video-sequence-samples 20 --skip-frame 1 --save-kpts-dir ""keypoints"" --record-reference-max-saves 0 --reference-capture-cooldown-frames 24 --disable-video-classifier --visualize-pose --person-selection-mode ""most_motion"" --ref-min-return-closure 0.20"
13,,jab,left45,jab,left45,jab__left45,jab,https://www.youtube.com/watch?v=m7LGnUDHDR4,This CHANGED my backswing forever! 🔥🔥 #golf #golfswing #golfcoach #golftips,,,"& ""python"" ""action_recognition.py"" --weights ""yolo26n-pose.pt"" --source ""https://www.youtube.com/watch?v=m7LGnUDHDR4"" --record-reference ""jab__left45"" --target-technique ""jab"" --reference-dir ""reference_poses"" --num-video-sequence-samples 20 --skip-frame 1 --save-kpts-dir ""keypoints"" --record-reference-max-saves 0 --reference-capture-cooldown-frames 24 --disable-video-classifier --visualize-pose --person-selection-mode ""most_motion"" --ref-min-return-closure 0.20"
14,,jab,left45,jab,left45,jab__left45,jab,https://www.youtube.com/watch?v=b6W9UotGsz8,Easy 45 degree ( tips ),,,"& ""python"" ""action_recognition.py"" --weights ""yolo26n-pose.pt"" --source ""https://www.youtube.com/watch?v=b6W9UotGsz8"" --record-reference ""jab__left45"" --target-technique ""jab"" --reference-dir ""reference_poses"" --num-video-sequence-samples 20 --skip-frame 1 --save-kpts-dir ""keypoints"" --record-reference-max-saves 0 --reference-capture-cooldown-frames 24 --disable-video-classifier --visualize-pose --person-selection-mode ""most_motion"" --ref-min-return-closure 0.20"
15,,jab,left45,jab,left45,jab__left45,jab,https://www.youtube.com/watch?v=XbS2y-4mMVI,How to throw a perfect muay thai kick 🥊 #shorts,,,"& ""python"" ""action_recognition.py"" --weights ""yolo26n-pose.pt"" --source ""https://www.youtube.com/watch?v=XbS2y-4mMVI"" --record-reference ""jab__left45"" --target-technique ""jab"" --reference-dir ""reference_poses"" --num-video-sequence-samples 20 --skip-frame 1 --save-kpts-dir ""keypoints"" --record-reference-max-saves 0 --reference-capture-cooldown-frames 24 --disable-video-classifier --visualize-pose --person-selection-mode ""most_motion"" --ref-min-return-closure 0.20"
16,,jab,left45,jab,left45,jab__left45,jab,https://www.youtube.com/watch?v=G0STp-E2i6Q,5 Boxing Footwork techniques you probably didn’t know #boxing #boxeo #footwork #boxingfootwork,,,"& ""python"" ""action_recognition.py"" --weights ""yolo26n-pose.pt"" --source ""https://www.youtube.com/watch?v=G0STp-E2i6Q"" --record-reference ""jab__left45"" --target-technique ""jab"" --reference-dir ""reference_poses"" --num-video-sequence-samples 20 --skip-frame 1 --save-kpts-dir ""keypoints"" --record-reference-max-saves 0 --reference-capture-cooldown-frames 24 --disable-video-classifier --visualize-pose --person-selection-mode ""most_motion"" --ref-min-return-closure 0.20"
17,,jab,left45,jab,left45,jab__left45,jab,https://www.youtube.com/watch?v=Xt3IEB3Ses8,Master the Pivot – Pro Footwork for Better Angles &amp; Defense #BoxingFootwork #PivotBoxing,,,"& ""python"" ""action_recognition.py"" --weights ""yolo26n-pose.pt"" --source ""https://www.youtube.com/watch?v=Xt3IEB3Ses8"" --record-reference ""jab__left45"" --target-technique ""jab"" --reference-dir ""reference_poses"" --num-video-sequence-samples 20 --skip-frame 1 --save-kpts-dir ""keypoints"" --record-reference-max-saves 0 --reference-capture-cooldown-frames 24 --disable-video-classifier --visualize-pose --person-selection-mode ""most_motion"" --ref-min-return-closure 0.20"
18,,jab,left45,jab,left45,jab__left45,jab,https://www.youtube.com/watch?v=D-E0cdLXFXI,Boxing Footwork: How to Pivot #boxing #boxingtraining #boxingdrills,,,"& ""python"" ""action_recognition.py"" --weights ""yolo26n-pose.pt"" --source ""https://www.youtube.com/watch?v=D-E0cdLXFXI"" --record-reference ""jab__left45"" --target-technique ""jab"" --reference-dir ""reference_poses"" --num-video-sequence-samples 20 --skip-frame 1 --save-kpts-dir ""keypoints"" --record-reference-max-saves 0 --reference-capture-cooldown-frames 24 --disable-video-classifier --visualize-pose --person-selection-mode ""most_motion"" --ref-min-return-closure 0.20"
19,,jab,left45,jab,left45,jab__left45,jab,https://www.youtube.com/watch?v=e2S6-gwR0es,Your Boxing Stance is Wrong,,,"& ""python"" ""action_recognition.py"" --weights ""yolo26n-pose.pt"" --source ""https://www.youtube.com/watch?v=e2S6-gwR0es"" --record-reference ""jab__left45"" --target-technique ""jab"" --reference-dir ""reference_poses"" --num-video-sequence-samples 20 --skip-frame 1 --save-kpts-dir ""keypoints"" --record-reference-max-saves 0 --reference-capture-cooldown-frames 24 --disable-video-classifier --visualize-pose --person-selection-mode ""most_motion"" --ref-min-return-closure 0.20"
20,,jab,left45,jab,left45,jab__left45,jab,https://www.youtube.com/watch?v=wbD2nUawj0c,How to Pivot in Boxing FEETWORK #boxingtraining #boxing #boxingdrills #boxinglife,,,"& ""python"" ""action_recognition.py"" --weights ""yolo26n-pose.pt"" --source ""https://www.youtube.com/watch?v=wbD2nUawj0c"" --record-reference ""jab__left45"" --target-technique ""jab"" --reference-dir ""reference_poses"" --num-video-sequence-samples 20 --skip-frame 1 --save-kpts-dir ""keypoints"" --record-reference-max-saves 0 --reference-capture-cooldown-frames 24 --disable-video-classifier --visualize-pose --person-selection-mode ""most_motion"" --ref-min-return-closure 0.20"
21,,jab,left45,jab,left45,jab__left45,jab,https://www.youtube.com/watch?v=hNclexRmDsY,How to Pivot in Boxing,,,"& ""python"" ""action_recognition.py"" --weights ""yolo26n-pose.pt"" --source ""https://www.youtube.com/watch?v=hNclexRmDsY"" --record-reference ""jab__left45"" --target-technique ""jab"" --reference-dir ""reference_poses"" --num-video-sequence-samples 20 --skip-frame 1 --save-kpts-dir ""keypoints"" --record-reference-max-saves 0 --reference-capture-cooldown-frames 24 --disable-video-classifier --visualize-pose --person-selection-mode ""most_motion"" --ref-min-return-closure 0.20"
22,,jab,left45,jab,left45,jab__left45,jab,https://www.youtube.com/watch?v=u7S6P79M0kk,Boxer EXPOSES Mike Tyson’s #1 Mistake when Slipping Punches,,,"& ""python"" ""action_recognition.py"" --weights ""yolo26n-pose.pt"" --source ""https://www.youtube.com/watch?v=u7S6P79M0kk"" --record-reference ""jab__left45"" --target-technique ""jab"" --reference-dir ""reference_poses"" --num-video-sequence-samples 20 --skip-frame 1 --save-kpts-dir ""keypoints"" --record-reference-max-saves 0 --reference-capture-cooldown-frames 24 --disable-video-classifier --visualize-pose --person-selection-mode ""most_motion"" --ref-min-return-closure 0.20"
23,,jab,left45,jab,left45,jab__left45,jab,https://www.youtube.com/watch?v=k7GbUE-9E-w,How to perfect your side kick💪,,,"& ""python"" ""action_recognition.py"" --weights ""yolo26n-pose.pt"" --source ""https://www.youtube.com/watch?v=k7GbUE-9E-w"" --record-reference ""jab__left45"" --target-technique ""jab"" --reference-dir ""reference_poses"" --num-video-sequence-samples 20 --skip-frame 1 --save-kpts-dir ""keypoints"" --record-reference-max-saves 0 --reference-capture-cooldown-frames 24 --disable-video-classifier --visualize-pose --person-selection-mode ""most_motion"" --ref-min-return-closure 0.20"
24,,jab,left45,jab,left45,jab__left45,jab,https://www.youtube.com/watch?v=ilx8fbQgWZA,How to judge the distance outside the car when pulling over? #tips #driving #manual #skills #carsoft,,,"& ""python"" ""action_recognition.py"" --weights ""yolo26n-pose.pt"" --source ""https://www.youtube.com/watch?v=ilx8fbQgWZA"" --record-reference ""jab__left45"" --target-technique ""jab"" --reference-dir ""reference_poses"" --num-video-sequence-samples 20 --skip-frame 1 --save-kpts-dir ""keypoints"" --record-reference-max-saves 0 --reference-capture-cooldown-frames 24 --disable-video-classifier --visualize-pose --person-selection-mode ""most_motion"" --ref-min-return-closure 0.20"
25,,jab,left45,jab,left45,jab__left45,jab,https://www.youtube.com/watch?v=_r1Cg7A7tVo,Learn the Basic Boxing Stance: Essential Tips and Techniques,,,"& ""python"" ""action_recognition.py"" --weights ""yolo26n-pose.pt"" --source ""https://www.youtube.com/watch?v=_r1Cg7A7tVo"" --record-reference ""jab__left45"" --target-technique ""jab"" --reference-dir ""reference_poses"" --num-video-sequence-samples 20 --skip-frame 1 --save-kpts-dir ""keypoints"" --record-reference-max-saves 0 --reference-capture-cooldown-frames 24 --disable-video-classifier --visualize-pose --person-selection-mode ""most_motion"" --ref-min-return-closure 0.20"
26,,jab,left45,jab,left45,jab__left45,jab,https://www.youtube.com/watch?v=gjlXUSGcYTA,Locate the LIVER with this simple trick 🤮,,,"& ""python"" ""action_recognition.py"" --weights ""yolo26n-pose.pt"" --source ""https://www.youtube.com/watch?v=gjlXUSGcYTA"" --record-reference ""jab__left45"" --target-technique ""jab"" --reference-dir ""reference_poses"" --num-video-sequence-samples 20 --skip-frame 1 --save-kpts-dir ""keypoints"" --record-reference-max-saves 0 --reference-capture-cooldown-frames 24 --disable-video-classifier --visualize-pose --person-selection-mode ""most_motion"" --ref-min-return-closure 0.20"
27,,jab,left45,jab,left45,jab__left45,jab,https://www.youtube.com/watch?v=bJl14OSVMa8,Backswing Rotation Guide 👇,,,"& ""python"" ""action_recognition.py"" --weights ""yolo26n-pose.pt"" --source ""https://www.youtube.com/watch?v=bJl14OSVMa8"" --record-reference ""jab__left45"" --target-technique ""jab"" --reference-dir ""reference_poses"" --num-video-sequence-samples 20 --skip-frame 1 --save-kpts-dir ""keypoints"" --record-reference-max-saves 0 --reference-capture-cooldown-frames 24 --disable-video-classifier --visualize-pose --person-selection-mode ""most_motion"" --ref-min-return-closure 0.20"
28,,jab,left45,jab,left45,jab__left45,jab,https://www.youtube.com/watch?v=MhmLkSN8xGA,SLIP &amp; PIVOT 🥶 #boxing #boxingtechniques #boxingtraining #tutorial #learntobox #viral #shorts,,,"& ""python"" ""action_recognition.py"" --weights ""yolo26n-pose.pt"" --source ""https://www.youtube.com/watch?v=MhmLkSN8xGA"" --record-reference ""jab__left45"" --target-technique ""jab"" --reference-dir ""reference_poses"" --num-video-sequence-samples 20 --skip-frame 1 --save-kpts-dir ""keypoints"" --record-reference-max-saves 0 --reference-capture-cooldown-frames 24 --disable-video-classifier --visualize-pose --person-selection-mode ""most_motion"" --ref-min-return-closure 0.20"
29,,jab,left45,jab,left45,jab__left45,jab,https://www.youtube.com/watch?v=C9Q9XySC3QA,The L-step: the ultimate footwork manoeuvre for boxers. Level up your boxing with this movement 📈,,,"& ""python"" ""action_recognition.py"" --weights ""yolo26n-pose.pt"" --source ""https://www.youtube.com/watch?v=C9Q9XySC3QA"" --record-reference ""jab__left45"" --target-technique ""jab"" --reference-dir ""reference_poses"" --num-video-sequence-samples 20 --skip-frame 1 --save-kpts-dir ""keypoints"" --record-reference-max-saves 0 --reference-capture-cooldown-frames 24 --disable-video-classifier --visualize-pose --person-selection-mode ""most_motion"" --ref-min-return-closure 0.20"
30,,jab,left45,jab,left45,jab__left45,jab,https://www.youtube.com/watch?v=HvooLBGtGx4,#Mastering #90-Degree Cutting Angles #Woodworking  #tipsandtricks,,,"& ""python"" ""action_recognition.py"" --weights ""yolo26n-pose.pt"" --source ""https://www.youtube.com/watch?v=HvooLBGtGx4"" --record-reference ""jab__left45"" --target-technique ""jab"" --reference-dir ""reference_poses"" --num-video-sequence-samples 20 --skip-frame 1 --save-kpts-dir ""keypoints"" --record-reference-max-saves 0 --reference-capture-cooldown-frames 24 --disable-video-classifier --visualize-pose --person-selection-mode ""most_motion"" --ref-min-return-closure 0.20"
31,,jab,left45,jab,left45,jab__left45,jab,https://www.youtube.com/watch?v=238FDYH-lkk,4 Footwork Drills To Change Angles Like Lomachenko 🥊,,,"& ""python"" ""action_recognition.py"" --weights ""yolo26n-pose.pt"" --source ""https://www.youtube.com/watch?v=238FDYH-lkk"" --record-reference ""jab__left45"" --target-technique ""jab"" --reference-dir ""reference_poses"" --num-video-sequence-samples 20 --skip-frame 1 --save-kpts-dir ""keypoints"" --record-reference-max-saves 0 --reference-capture-cooldown-frames 24 --disable-video-classifier --visualize-pose --person-selection-mode ""most_motion"" --ref-min-return-closure 0.20"
32,,jab,left45,jab,left45,jab__left45,jab,https://www.youtube.com/watch?v=UK-PybcXk7E,🎯 Where to Hit the Object Ball for Perfect Shots | Pool Aiming Guide #billiards #pool1 #cueball,,,"& ""python"" ""action_recognition.py"" --weights ""yolo26n-pose.pt"" --source ""https://www.youtube.com/watch?v=UK-PybcXk7E"" --record-reference ""jab__left45"" --target-technique ""jab"" --reference-dir ""reference_poses"" --num-video-sequence-samples 20 --skip-frame 1 --save-kpts-dir ""keypoints"" --record-reference-max-saves 0 --reference-capture-cooldown-frames 24 --disable-video-classifier --visualize-pose --person-selection-mode ""most_motion"" --ref-min-return-closure 0.20"
33,,jab,left45,jab,left45,jab__left45,jab,https://www.youtube.com/watch?v=wjr8EJHGGMY,Master the Art of Punching with Effective Head Movement #boxingtechnique #boxingtips,,,"& ""python"" ""action_recognition.py"" --weights ""yolo26n-pose.pt"" --source ""https://www.youtube.com/watch?v=wjr8EJHGGMY"" --record-reference ""jab__left45"" --target-technique ""jab"" --reference-dir ""reference_poses"" --num-video-sequence-samples 20 --skip-frame 1 --save-kpts-dir ""keypoints"" --record-reference-max-saves 0 --reference-capture-cooldown-frames 24 --disable-video-classifier --visualize-pose --person-selection-mode ""most_motion"" --ref-min-return-closure 0.20"
34,,jab,left45,jab,left45,jab__left45,jab,https://www.youtube.com/watch?v=L-0MGfv3x1Y,Angle changes 📐 #boxing #boxeo #tutorial #boxingtraining #mma #viral #learntobox #shorts,,,"& ""python"" ""action_recognition.py"" --weights ""yolo26n-pose.pt"" --source ""https://www.youtube.com/watch?v=L-0MGfv3x1Y"" --record-reference ""jab__left45"" --target-technique ""jab"" --reference-dir ""reference_poses"" --num-video-sequence-samples 20 --skip-frame 1 --save-kpts-dir ""keypoints"" --record-reference-max-saves 0 --reference-capture-cooldown-frames 24 --disable-video-classifier --visualize-pose --person-selection-mode ""most_motion"" --ref-min-return-closure 0.20"
35,,jab,left45,jab,left45,jab__left45,jab,https://www.youtube.com/watch?v=mF2HmMVH_DQ,How to Pivot Hook in Boxing,,,"& ""python"" ""action_recognition.py"" --weights ""yolo26n-pose.pt"" --source ""https://www.youtube.com/watch?v=mF2HmMVH_DQ"" --record-reference ""jab__left45"" --target-technique ""jab"" --reference-dir ""reference_poses"" --num-video-sequence-samples 20 --skip-frame 1 --save-kpts-dir ""keypoints"" --record-reference-max-saves 0 --reference-capture-cooldown-frames 24 --disable-video-classifier --visualize-pose --person-selection-mode ""most_motion"" --ref-min-return-closure 0.20"
36,,jab,left45,jab,left45,jab__left45,jab,https://www.youtube.com/watch?v=BIURBvKZDfc,Boxing basics: how to pivot and ways to use it #boxing #boxingtechnique #boxingfootwork,,,"& ""python"" ""action_recognition.py"" --weights ""yolo26n-pose.pt"" --source ""https://www.youtube.com/watch?v=BIURBvKZDfc"" --record-reference ""jab__left45"" --target-technique ""jab"" --reference-dir ""reference_poses"" --num-video-sequence-samples 20 --skip-frame 1 --save-kpts-dir ""keypoints"" --record-reference-max-saves 0 --reference-capture-cooldown-frames 24 --disable-video-classifier --visualize-pose --person-selection-mode ""most_motion"" --ref-min-return-closure 0.20"
37,,jab,left45,jab,left45,jab__left45,jab,https://www.youtube.com/watch?v=cM6sXom80_w,Easy 45 Degree Miter Joint #howto #tutorial #shorts #carpentry #woodworking,,,"& ""python"" ""action_recognition.py"" --weights ""yolo26n-pose.pt"" --source ""https://www.youtube.com/watch?v=cM6sXom80_w"" --record-reference ""jab__left45"" --target-technique ""jab"" --reference-dir ""reference_poses"" --num-video-sequence-samples 20 --skip-frame 1 --save-kpts-dir ""keypoints"" --record-reference-max-saves 0 --reference-capture-cooldown-frames 24 --disable-video-classifier --visualize-pose --person-selection-mode ""most_motion"" --ref-min-return-closure 0.20"
38,,jab,left45,jab,left45,jab__left45,jab,https://www.youtube.com/watch?v=k2csGKckAC4,Boxing basics: boxing drills for changing angles #boxing #boxingfootwork #boxingangles,,,"& ""python"" ""action_recognition.py"" --weights ""yolo26n-pose.pt"" --source ""https://www.youtube.com/watch?v=k2csGKckAC4"" --record-reference ""jab__left45"" --target-technique ""jab"" --reference-dir ""reference_poses"" --num-video-sequence-samples 20 --skip-frame 1 --save-kpts-dir ""keypoints"" --record-reference-max-saves 0 --reference-capture-cooldown-frames 24 --disable-video-classifier --visualize-pose --person-selection-mode ""most_motion"" --ref-min-return-closure 0.20"
39,,jab,left45,jab,left45,jab__left45,jab,https://www.youtube.com/watch?v=OR196I4BAU8,ULTIMATE lead uppercut set-up 🤯🔥 #tutorial #boxing #boxingtutorial #boxingtraining #learntobox,,,"& ""python"" ""action_recognition.py"" --weights ""yolo26n-pose.pt"" --source ""https://www.youtube.com/watch?v=OR196I4BAU8"" --record-reference ""jab__left45"" --target-technique ""jab"" --reference-dir ""reference_poses"" --num-video-sequence-samples 20 --skip-frame 1 --save-kpts-dir ""keypoints"" --record-reference-max-saves 0 --reference-capture-cooldown-frames 24 --disable-video-classifier --visualize-pose --person-selection-mode ""most_motion"" --ref-min-return-closure 0.20"
40,,jab,left45,jab,left45,jab__left45,jab,https://www.youtube.com/watch?v=sw-XRzlIvfw,Master Your Hip Rotation for Harder Punches! #boxingtraining,,,"& ""python"" ""action_recognition.py"" --weights ""yolo26n-pose.pt"" --source ""https://www.youtube.com/watch?v=sw-XRzlIvfw"" --record-reference ""jab__left45"" --target-technique ""jab"" --reference-dir ""reference_poses"" --num-video-sequence-samples 20 --skip-frame 1 --save-kpts-dir ""keypoints"" --record-reference-max-saves 0 --reference-capture-cooldown-frames 24 --disable-video-classifier --visualize-pose --person-selection-mode ""most_motion"" --ref-min-return-closure 0.20"
41,,jab,left45,jab,left45,jab__left45,jab,https://www.youtube.com/watch?v=xPPIGKCEq9Y,How to Pivot to the Outside #footwork #angles #mma #boxing #kickboxing #mmastriking,,,"& ""python"" ""action_recognition.py"" --weights ""yolo26n-pose.pt"" --source ""https://www.youtube.com/watch?v=xPPIGKCEq9Y"" --record-reference ""jab__left45"" --target-technique ""jab"" --reference-dir ""reference_poses"" --num-video-sequence-samples 20 --skip-frame 1 --save-kpts-dir ""keypoints"" --record-reference-max-saves 0 --reference-capture-cooldown-frames 24 --disable-video-classifier --visualize-pose --person-selection-mode ""most_motion"" --ref-min-return-closure 0.20"
42,,jab,left45,jab,left45,jab__left45,jab,https://www.youtube.com/watch?v=1DO3tXZZQLM,Breaking Down A Boxers Fighting Stance | Rear Foot Placement,,,"& ""python"" ""action_recognition.py"" --weights ""yolo26n-pose.pt"" --source ""https://www.youtube.com/watch?v=1DO3tXZZQLM"" --record-reference ""jab__left45"" --target-technique ""jab"" --reference-dir ""reference_poses"" --num-video-sequence-samples 20 --skip-frame 1 --save-kpts-dir ""keypoints"" --record-reference-max-saves 0 --reference-capture-cooldown-frames 24 --disable-video-classifier --visualize-pose --person-selection-mode ""most_motion"" --ref-min-return-closure 0.20"
43,,jab,left45,jab,left45,jab__left45,jab,https://www.youtube.com/watch?v=XzmfSbnMJtI,Boxing How to Guide - Right Hook to the Body,,,"& ""python"" ""action_recognition.py"" --weights ""yolo26n-pose.pt"" --source ""https://www.youtube.com/watch?v=XzmfSbnMJtI"" --record-reference ""jab__left45"" --target-technique ""jab"" --reference-dir ""reference_poses"" --num-video-sequence-samples 20 --skip-frame 1 --save-kpts-dir ""keypoints"" --record-reference-max-saves 0 --reference-capture-cooldown-frames 24 --disable-video-classifier --visualize-pose --person-selection-mode ""most_motion"" --ref-min-return-closure 0.20"
44,,jab,left45,jab,left45,jab__left45,jab,https://www.youtube.com/watch?v=BSVrp0F3ZXQ,Proper lead foot position to stop an opponent from getting an angle. #leadfoot #boxing #angle,,,"& ""python"" ""action_recognition.py"" --weights ""yolo26n-pose.pt"" --source ""https://www.youtube.com/watch?v=BSVrp0F3ZXQ"" --record-reference ""jab__left45"" --target-technique ""jab"" --reference-dir ""reference_poses"" --num-video-sequence-samples 20 --skip-frame 1 --save-kpts-dir ""keypoints"" --record-reference-max-saves 0 --reference-capture-cooldown-frames 24 --disable-video-classifier --visualize-pose --person-selection-mode ""most_motion"" --ref-min-return-closure 0.20"
45,,jab,left45,jab,left45,jab__left45,jab,https://www.youtube.com/watch?v=ffOYVPFlmJc,The most predominant stance of the greatest boxers in boxing history! #Lstance #boxing,,,"& ""python"" ""action_recognition.py"" --weights ""yolo26n-pose.pt"" --source ""https://www.youtube.com/watch?v=ffOYVPFlmJc"" --record-reference ""jab__left45"" --target-technique ""jab"" --reference-dir ""reference_poses"" --num-video-sequence-samples 20 --skip-frame 1 --save-kpts-dir ""keypoints"" --record-reference-max-saves 0 --reference-capture-cooldown-frames 24 --disable-video-classifier --visualize-pose --person-selection-mode ""most_motion"" --ref-min-return-closure 0.20"
46,,jab,left45,jab,left45,jab__left45,jab,https://www.youtube.com/watch?v=GasfUfXwryk,"HOW TO PERFECT YOUR BOXING STANCE, FEET POSITION &amp; FOOTWORK 🥊 #youtubeshorts #coachfiyah",,,"& ""python"" ""action_recognition.py"" --weights ""yolo26n-pose.pt"" --source ""https://www.youtube.com/watch?v=GasfUfXwryk"" --record-reference ""jab__left45"" --target-technique ""jab"" --reference-dir ""reference_poses"" --num-video-sequence-samples 20 --skip-frame 1 --save-kpts-dir ""keypoints"" --record-reference-max-saves 0 --reference-capture-cooldown-frames 24 --disable-video-classifier --visualize-pose --person-selection-mode ""most_motion"" --ref-min-return-closure 0.20"
47,,jab,left45,jab,left45,jab__left45,jab,https://www.youtube.com/watch?v=zmVrIel9uVU,Learn How to Throw LIVER HOOK 💥🥊 #boxing #shorts,,,"& ""python"" ""action_recognition.py"" --weights ""yolo26n-pose.pt"" --source ""https://www.youtube.com/watch?v=zmVrIel9uVU"" --record-reference ""jab__left45"" --target-technique ""jab"" --reference-dir ""reference_poses"" --num-video-sequence-samples 20 --skip-frame 1 --save-kpts-dir ""keypoints"" --record-reference-max-saves 0 --reference-capture-cooldown-frames 24 --disable-video-classifier --visualize-pose --person-selection-mode ""most_motion"" --ref-min-return-closure 0.20"
48,,jab,left45,jab,left45,jab__left45,jab,https://www.youtube.com/watch?v=h4vQrtKr5F0,THE 45 DEGREE JAB,,,"& ""python"" ""action_recognition.py"" --weights ""yolo26n-pose.pt"" --source ""https://www.youtube.com/watch?v=h4vQrtKr5F0"" --record-reference ""jab__left45"" --target-technique ""jab"" --reference-dir ""reference_poses"" --num-video-sequence-samples 20 --skip-frame 1 --save-kpts-dir ""keypoints"" --record-reference-max-saves 0 --reference-capture-cooldown-frames 24 --disable-video-classifier --visualize-pose --person-selection-mode ""most_motion"" --ref-min-return-closure 0.20"
49,,jab,right45,jab,right45,jab__right45,jab,https://www.youtube.com/watch?v=w8mTuLc7zJU,45 degree welding #weldingtricks #weldingtipsandtricks #welder,,,"& ""python"" ""action_recognition.py"" --weights ""yolo26n-pose.pt"" --source ""https://www.youtube.com/watch?v=w8mTuLc7zJU"" --record-reference ""jab__right45"" --target-technique ""jab"" --reference-dir ""reference_poses"" --num-video-sequence-samples 20 --skip-frame 1 --save-kpts-dir ""keypoints"" --record-reference-max-saves 0 --reference-capture-cooldown-frames 24 --disable-video-classifier --visualize-pose --person-selection-mode ""most_motion"" --ref-min-return-closure 0.20"
50,,jab,right45,jab,right45,jab__right45,jab,https://www.youtube.com/watch?v=k6-Jipxenzc,This Simple Thumb Trick Will Double Your Wrist Strength For Punching #muaythai #mma #fight,,,"& ""python"" ""action_recognition.py"" --weights ""yolo26n-pose.pt"" --source ""https://www.youtube.com/watch?v=k6-Jipxenzc"" --record-reference ""jab__right45"" --target-technique ""jab"" --reference-dir ""reference_poses"" --num-video-sequence-samples 20 --skip-frame 1 --save-kpts-dir ""keypoints"" --record-reference-max-saves 0 --reference-capture-cooldown-frames 24 --disable-video-classifier --visualize-pose --person-selection-mode ""most_motion"" --ref-min-return-closure 0.20"
51,,jab,right45,jab,right45,jab__right45,jab,https://www.youtube.com/watch?v=P9gjzoNJCKs,Sneaky angle cutting in boxing 🪄,,,"& ""python"" ""action_recognition.py"" --weights ""yolo26n-pose.pt"" --source ""https://www.youtube.com/watch?v=P9gjzoNJCKs"" --record-reference ""jab__right45"" --target-technique ""jab"" --reference-dir ""reference_poses"" --num-video-sequence-samples 20 --skip-frame 1 --save-kpts-dir ""keypoints"" --record-reference-max-saves 0 --reference-capture-cooldown-frames 24 --disable-video-classifier --visualize-pose --person-selection-mode ""most_motion"" --ref-min-return-closure 0.20"
52,,jab,right45,jab,right45,jab__right45,jab,https://www.youtube.com/watch?v=wzOCSocPGys,How-To Boxing: Angle Shuffle,,,"& ""python"" ""action_recognition.py"" --weights ""yolo26n-pose.pt"" --source ""https://www.youtube.com/watch?v=wzOCSocPGys"" --record-reference ""jab__right45"" --target-technique ""jab"" --reference-dir ""reference_poses"" --num-video-sequence-samples 20 --skip-frame 1 --save-kpts-dir ""keypoints"" --record-reference-max-saves 0 --reference-capture-cooldown-frames 24 --disable-video-classifier --visualize-pose --person-selection-mode ""most_motion"" --ref-min-return-closure 0.20"
53,,jab,right45,jab,right45,jab__right45,jab,https://www.youtube.com/watch?v=yl66S30Mrrg,Hook. Power punch. Power punch training. Boxing training.,,,"& ""python"" ""action_recognition.py"" --weights ""yolo26n-pose.pt"" --source ""https://www.youtube.com/watch?v=yl66S30Mrrg"" --record-reference ""jab__right45"" --target-technique ""jab"" --reference-dir ""reference_poses"" --num-video-sequence-samples 20 --skip-frame 1 --save-kpts-dir ""keypoints"" --record-reference-max-saves 0 --reference-capture-cooldown-frames 24 --disable-video-classifier --visualize-pose --person-selection-mode ""most_motion"" --ref-min-return-closure 0.20"
54,,jab,right45,jab,right45,jab__right45,jab,https://www.youtube.com/watch?v=CG1oqBm2Yjw,“Right and Wrong” Boxing Techniques,,,"& ""python"" ""action_recognition.py"" --weights ""yolo26n-pose.pt"" --source ""https://www.youtube.com/watch?v=CG1oqBm2Yjw"" --record-reference ""jab__right45"" --target-technique ""jab"" --reference-dir ""reference_poses"" --num-video-sequence-samples 20 --skip-frame 1 --save-kpts-dir ""keypoints"" --record-reference-max-saves 0 --reference-capture-cooldown-frames 24 --disable-video-classifier --visualize-pose --person-selection-mode ""most_motion"" --ref-min-return-closure 0.20"
55,,jab,right45,jab,right45,jab__right45,jab,https://www.youtube.com/watch?v=K5qYd1axXuc,Boxing Professional REVEALS Secrets To Landing an Uppercut,,,"& ""python"" ""action_recognition.py"" --weights ""yolo26n-pose.pt"" --source ""https://www.youtube.com/watch?v=K5qYd1axXuc"" --record-reference ""jab__right45"" --target-technique ""jab"" --reference-dir ""reference_poses"" --num-video-sequence-samples 20 --skip-frame 1 --save-kpts-dir ""keypoints"" --record-reference-max-saves 0 --reference-capture-cooldown-frames 24 --disable-video-classifier --visualize-pose --person-selection-mode ""most_motion"" --ref-min-return-closure 0.20"
56,,jab,right45,jab,right45,jab__right45,jab,https://www.youtube.com/watch?v=SVVsU7rbRrQ,Stop throwing your lead hook like a robot 🤖,,,"& ""python"" ""action_recognition.py"" --weights ""yolo26n-pose.pt"" --source ""https://www.youtube.com/watch?v=SVVsU7rbRrQ"" --record-reference ""jab__right45"" --target-technique ""jab"" --reference-dir ""reference_poses"" --num-video-sequence-samples 20 --skip-frame 1 --save-kpts-dir ""keypoints"" --record-reference-max-saves 0 --reference-capture-cooldown-frames 24 --disable-video-classifier --visualize-pose --person-selection-mode ""most_motion"" --ref-min-return-closure 0.20"
57,,jab,right45,jab,right45,jab__right45,jab,https://www.youtube.com/watch?v=jQ6RlFLk2dw,How to Make a Boxing Fist ! #boxingtraining #boxing #boxeo #youtubeshort #shortsfeed,,,"& ""python"" ""action_recognition.py"" --weights ""yolo26n-pose.pt"" --source ""https://www.youtube.com/watch?v=jQ6RlFLk2dw"" --record-reference ""jab__right45"" --target-technique ""jab"" --reference-dir ""reference_poses"" --num-video-sequence-samples 20 --skip-frame 1 --save-kpts-dir ""keypoints"" --record-reference-max-saves 0 --reference-capture-cooldown-frames 24 --disable-video-classifier --visualize-pose --person-selection-mode ""most_motion"" --ref-min-return-closure 0.20"
58,,jab,right45,jab,right45,jab__right45,jab,https://www.youtube.com/watch?v=sq4Avpv5LAQ,How Normal Basketball Players Shoot…,,,"& ""python"" ""action_recognition.py"" --weights ""yolo26n-pose.pt"" --source ""https://www.youtube.com/watch?v=sq4Avpv5LAQ"" --record-reference ""jab__right45"" --target-technique ""jab"" --reference-dir ""reference_poses"" --num-video-sequence-samples 20 --skip-frame 1 --save-kpts-dir ""keypoints"" --record-reference-max-saves 0 --reference-capture-cooldown-frames 24 --disable-video-classifier --visualize-pose --person-selection-mode ""most_motion"" --ref-min-return-closure 0.20"
59,,jab,right45,jab,right45,jab__right45,jab,https://www.youtube.com/watch?v=8T3sPSyTqgM,Watch and learn 👀📚 How to KICK like the GOAT of Muay Thai 101 🐐  #shorts,,,"& ""python"" ""action_recognition.py"" --weights ""yolo26n-pose.pt"" --source ""https://www.youtube.com/watch?v=8T3sPSyTqgM"" --record-reference ""jab__right45"" --target-technique ""jab"" --reference-dir ""reference_poses"" --num-video-sequence-samples 20 --skip-frame 1 --save-kpts-dir ""keypoints"" --record-reference-max-saves 0 --reference-capture-cooldown-frames 24 --disable-video-classifier --visualize-pose --person-selection-mode ""most_motion"" --ref-min-return-closure 0.20"
60,,jab,right45,jab,right45,jab__right45,jab,https://www.youtube.com/watch?v=b6W9UotGsz8,Easy 45 degree ( tips ),,,"& ""python"" ""action_recognition.py"" --weights ""yolo26n-pose.pt"" --source ""https://www.youtube.com/watch?v=b6W9UotGsz8"" --record-reference ""jab__right45"" --target-technique ""jab"" --reference-dir ""reference_poses"" --num-video-sequence-samples 20 --skip-frame 1 --save-kpts-dir ""keypoints"" --record-reference-max-saves 0 --reference-capture-cooldown-frames 24 --disable-video-classifier --visualize-pose --person-selection-mode ""most_motion"" --ref-min-return-closure 0.20"
61,,jab,right45,jab,right45,jab__right45,jab,https://www.youtube.com/watch?v=XbS2y-4mMVI,How to throw a perfect muay thai kick 🥊 #shorts,,,"& ""python"" ""action_recognition.py"" --weights ""yolo26n-pose.pt"" --source ""https://www.youtube.com/watch?v=XbS2y-4mMVI"" --record-reference ""jab__right45"" --target-technique ""jab"" --reference-dir ""reference_poses"" --num-video-sequence-samples 20 --skip-frame 1 --save-kpts-dir ""keypoints"" --record-reference-max-saves 0 --reference-capture-cooldown-frames 24 --disable-video-classifier --visualize-pose --person-selection-mode ""most_motion"" --ref-min-return-closure 0.20"
62,,jab,right45,jab,right45,jab__right45,jab,https://www.youtube.com/watch?v=DpLIcxlOagI,Angle Grinder Caution !!! #Shorts,,,"& ""python"" ""action_recognition.py"" --weights ""yolo26n-pose.pt"" --source ""https://www.youtube.com/watch?v=DpLIcxlOagI"" --record-reference ""jab__right45"" --target-technique ""jab"" --reference-dir ""reference_poses"" --num-video-sequence-samples 20 --skip-frame 1 --save-kpts-dir ""keypoints"" --record-reference-max-saves 0 --reference-capture-cooldown-frames 24 --disable-video-classifier --visualize-pose --person-selection-mode ""most_motion"" --ref-min-return-closure 0.20"
63,,jab,right45,jab,right45,jab__right45,jab,https://www.youtube.com/watch?v=G0STp-E2i6Q,5 Boxing Footwork techniques you probably didn’t know #boxing #boxeo #footwork #boxingfootwork,,,"& ""python"" ""action_recognition.py"" --weights ""yolo26n-pose.pt"" --source ""https://www.youtube.com/watch?v=G0STp-E2i6Q"" --record-reference ""jab__right45"" --target-technique ""jab"" --reference-dir ""reference_poses"" --num-video-sequence-samples 20 --skip-frame 1 --save-kpts-dir ""keypoints"" --record-reference-max-saves 0 --reference-capture-cooldown-frames 24 --disable-video-classifier --visualize-pose --person-selection-mode ""most_motion"" --ref-min-return-closure 0.20"
64,,jab,right45,jab,right45,jab__right45,jab,https://www.youtube.com/watch?v=Xt3IEB3Ses8,Master the Pivot – Pro Footwork for Better Angles &amp; Defense #BoxingFootwork #PivotBoxing,,,"& ""python"" ""action_recognition.py"" --weights ""yolo26n-pose.pt"" --source ""https://www.youtube.com/watch?v=Xt3IEB3Ses8"" --record-reference ""jab__right45"" --target-technique ""jab"" --reference-dir ""reference_poses"" --num-video-sequence-samples 20 --skip-frame 1 --save-kpts-dir ""keypoints"" --record-reference-max-saves 0 --reference-capture-cooldown-frames 24 --disable-video-classifier --visualize-pose --person-selection-mode ""most_motion"" --ref-min-return-closure 0.20"
65,,jab,right45,jab,right45,jab__right45,jab,https://www.youtube.com/watch?v=D-E0cdLXFXI,Boxing Footwork: How to Pivot #boxing #boxingtraining #boxingdrills,,,"& ""python"" ""action_recognition.py"" --weights ""yolo26n-pose.pt"" --source ""https://www.youtube.com/watch?v=D-E0cdLXFXI"" --record-reference ""jab__right45"" --target-technique ""jab"" --reference-dir ""reference_poses"" --num-video-sequence-samples 20 --skip-frame 1 --save-kpts-dir ""keypoints"" --record-reference-max-saves 0 --reference-capture-cooldown-frames 24 --disable-video-classifier --visualize-pose --person-selection-mode ""most_motion"" --ref-min-return-closure 0.20"
66,,jab,right45,jab,right45,jab__right45,jab,https://www.youtube.com/watch?v=e2S6-gwR0es,Your Boxing Stance is Wrong,,,"& ""python"" ""action_recognition.py"" --weights ""yolo26n-pose.pt"" --source ""https://www.youtube.com/watch?v=e2S6-gwR0es"" --record-reference ""jab__right45"" --target-technique ""jab"" --reference-dir ""reference_poses"" --num-video-sequence-samples 20 --skip-frame 1 --save-kpts-dir ""keypoints"" --record-reference-max-saves 0 --reference-capture-cooldown-frames 24 --disable-video-classifier --visualize-pose --person-selection-mode ""most_motion"" --ref-min-return-closure 0.20"
67,,jab,right45,jab,right45,jab__right45,jab,https://www.youtube.com/watch?v=wbD2nUawj0c,How to Pivot in Boxing FEETWORK #boxingtraining #boxing #boxingdrills #boxinglife,,,"& ""python"" ""action_recognition.py"" --weights ""yolo26n-pose.pt"" --source ""https://www.youtube.com/watch?v=wbD2nUawj0c"" --record-reference ""jab__right45"" --target-technique ""jab"" --reference-dir ""reference_poses"" --num-video-sequence-samples 20 --skip-frame 1 --save-kpts-dir ""keypoints"" --record-reference-max-saves 0 --reference-capture-cooldown-frames 24 --disable-video-classifier --visualize-pose --person-selection-mode ""most_motion"" --ref-min-return-closure 0.20"
68,,jab,right45,jab,right45,jab__right45,jab,https://www.youtube.com/watch?v=hNclexRmDsY,How to Pivot in Boxing,,,"& ""python"" ""action_recognition.py"" --weights ""yolo26n-pose.pt"" --source ""https://www.youtube.com/watch?v=hNclexRmDsY"" --record-reference ""jab__right45"" --target-technique ""jab"" --reference-dir ""reference_poses"" --num-video-sequence-samples 20 --skip-frame 1 --save-kpts-dir ""keypoints"" --record-reference-max-saves 0 --reference-capture-cooldown-frames 24 --disable-video-classifier --visualize-pose --person-selection-mode ""most_motion"" --ref-min-return-closure 0.20"
69,,jab,right45,jab,right45,jab__right45,jab,https://www.youtube.com/watch?v=u7S6P79M0kk,Boxer EXPOSES Mike Tyson’s #1 Mistake when Slipping Punches,,,"& ""python"" ""action_recognition.py"" --weights ""yolo26n-pose.pt"" --source ""https://www.youtube.com/watch?v=u7S6P79M0kk"" --record-reference ""jab__right45"" --target-technique ""jab"" --reference-dir ""reference_poses"" --num-video-sequence-samples 20 --skip-frame 1 --save-kpts-dir ""keypoints"" --record-reference-max-saves 0 --reference-capture-cooldown-frames 24 --disable-video-classifier --visualize-pose --person-selection-mode ""most_motion"" --ref-min-return-closure 0.20"
70,,jab,right45,jab,right45,jab__right45,jab,https://www.youtube.com/watch?v=k7GbUE-9E-w,How to perfect your side kick💪,,,"& ""python"" ""action_recognition.py"" --weights ""yolo26n-pose.pt"" --source ""https://www.youtube.com/watch?v=k7GbUE-9E-w"" --record-reference ""jab__right45"" --target-technique ""jab"" --reference-dir ""reference_poses"" --num-video-sequence-samples 20 --skip-frame 1 --save-kpts-dir ""keypoints"" --record-reference-max-saves 0 --reference-capture-cooldown-frames 24 --disable-video-classifier --visualize-pose --person-selection-mode ""most_motion"" --ref-min-return-closure 0.20"
71,,jab,right45,jab,right45,jab__right45,jab,https://www.youtube.com/watch?v=fyOYOcq--0M,Karate kata training for beginners,,,"& ""python"" ""action_recognition.py"" --weights ""yolo26n-pose.pt"" --source ""https://www.youtube.com/watch?v=fyOYOcq--0M"" --record-reference ""jab__right45"" --target-technique ""jab"" --reference-dir ""reference_poses"" --num-video-sequence-samples 20 --skip-frame 1 --save-kpts-dir ""keypoints"" --record-reference-max-saves 0 --reference-capture-cooldown-frames 24 --disable-video-classifier --visualize-pose --person-selection-mode ""most_motion"" --ref-min-return-closure 0.20"
72,,jab,right45,jab,right45,jab__right45,jab,https://www.youtube.com/watch?v=IqCnSHDddmU,Wing chun self defense techniques - 37 #wingchun #kungfu #martialarts #boxing #foryou #shorts #fyp,,,"& ""python"" ""action_recognition.py"" --weights ""yolo26n-pose.pt"" --source ""https://www.youtube.com/watch?v=IqCnSHDddmU"" --record-reference ""jab__right45"" --target-technique ""jab"" --reference-dir ""reference_poses"" --num-video-sequence-samples 20 --skip-frame 1 --save-kpts-dir ""keypoints"" --record-reference-max-saves 0 --reference-capture-cooldown-frames 24 --disable-video-classifier --visualize-pose --person-selection-mode ""most_motion"" --ref-min-return-closure 0.20"
73,,jab,right45,jab,right45,jab__right45,jab,https://www.youtube.com/watch?v=_r1Cg7A7tVo,Learn the Basic Boxing Stance: Essential Tips and Techniques,,,"& ""python"" ""action_recognition.py"" --weights ""yolo26n-pose.pt"" --source ""https://www.youtube.com/watch?v=_r1Cg7A7tVo"" --record-reference ""jab__right45"" --target-technique ""jab"" --reference-dir ""reference_poses"" --num-video-sequence-samples 20 --skip-frame 1 --save-kpts-dir ""keypoints"" --record-reference-max-saves 0 --reference-capture-cooldown-frames 24 --disable-video-classifier --visualize-pose --person-selection-mode ""most_motion"" --ref-min-return-closure 0.20"
74,,jab,right45,jab,right45,jab__right45,jab,https://www.youtube.com/watch?v=gjlXUSGcYTA,Locate the LIVER with this simple trick 🤮,,,"& ""python"" ""action_recognition.py"" --weights ""yolo26n-pose.pt"" --source ""https://www.youtube.com/watch?v=gjlXUSGcYTA"" --record-reference ""jab__right45"" --target-technique ""jab"" --reference-dir ""reference_poses"" --num-video-sequence-samples 20 --skip-frame 1 --save-kpts-dir ""keypoints"" --record-reference-max-saves 0 --reference-capture-cooldown-frames 24 --disable-video-classifier --visualize-pose --person-selection-mode ""most_motion"" --ref-min-return-closure 0.20"
75,,jab,right45,jab,right45,jab__right45,jab,https://www.youtube.com/watch?v=MhmLkSN8xGA,SLIP &amp; PIVOT 🥶 #boxing #boxingtechniques #boxingtraining #tutorial #learntobox #viral #shorts,,,"& ""python"" ""action_recognition.py"" --weights ""yolo26n-pose.pt"" --source ""https://www.youtube.com/watch?v=MhmLkSN8xGA"" --record-reference ""jab__right45"" --target-technique ""jab"" --reference-dir ""reference_poses"" --num-video-sequence-samples 20 --skip-frame 1 --save-kpts-dir ""keypoints"" --record-reference-max-saves 0 --reference-capture-cooldown-frames 24 --disable-video-classifier --visualize-pose --person-selection-mode ""most_motion"" --ref-min-return-closure 0.20"
76,,jab,right45,jab,right45,jab__right45,jab,https://www.youtube.com/watch?v=C9Q9XySC3QA,The L-step: the ultimate footwork manoeuvre for boxers. Level up your boxing with this movement 📈,,,"& ""python"" ""action_recognition.py"" --weights ""yolo26n-pose.pt"" --source ""https://www.youtube.com/watch?v=C9Q9XySC3QA"" --record-reference ""jab__right45"" --target-technique ""jab"" --reference-dir ""reference_poses"" --num-video-sequence-samples 20 --skip-frame 1 --save-kpts-dir ""keypoints"" --record-reference-max-saves 0 --reference-capture-cooldown-frames 24 --disable-video-classifier --visualize-pose --person-selection-mode ""most_motion"" --ref-min-return-closure 0.20"
77,,jab,right45,jab,right45,jab__right45,jab,https://www.youtube.com/watch?v=238FDYH-lkk,4 Footwork Drills To Change Angles Like Lomachenko 🥊,,,"& ""python"" ""action_recognition.py"" --weights ""yolo26n-pose.pt"" --source ""https://www.youtube.com/watch?v=238FDYH-lkk"" --record-reference ""jab__right45"" --target-technique ""jab"" --reference-dir ""reference_poses"" --num-video-sequence-samples 20 --skip-frame 1 --save-kpts-dir ""keypoints"" --record-reference-max-saves 0 --reference-capture-cooldown-frames 24 --disable-video-classifier --visualize-pose --person-selection-mode ""most_motion"" --ref-min-return-closure 0.20"
78,,jab,right45,jab,right45,jab__right45,jab,https://www.youtube.com/watch?v=wjr8EJHGGMY,Master the Art of Punching with Effective Head Movement #boxingtechnique #boxingtips,,,"& ""python"" ""action_recognition.py"" --weights ""yolo26n-pose.pt"" --source ""https://www.youtube.com/watch?v=wjr8EJHGGMY"" --record-reference ""jab__right45"" --target-technique ""jab"" --reference-dir ""reference_poses"" --num-video-sequence-samples 20 --skip-frame 1 --save-kpts-dir ""keypoints"" --record-reference-max-saves 0 --reference-capture-cooldown-frames 24 --disable-video-classifier --visualize-pose --person-selection-mode ""most_motion"" --ref-min-return-closure 0.20"
79,,jab,right45,jab,right45,jab__right45,jab,https://www.youtube.com/watch?v=L-0MGfv3x1Y,Angle changes 📐 #boxing #boxeo #tutorial #boxingtraining #mma #viral #learntobox #shorts,,,"& ""python"" ""action_recognition.py"" --weights ""yolo26n-pose.pt"" --source ""https://www.youtube.com/watch?v=L-0MGfv3x1Y"" --record-reference ""jab__right45"" --target-technique ""jab"" --reference-dir ""reference_poses"" --num-video-sequence-samples 20 --skip-frame 1 --save-kpts-dir ""keypoints"" --record-reference-max-saves 0 --reference-capture-cooldown-frames 24 --disable-video-classifier --visualize-pose --person-selection-mode ""most_motion"" --ref-min-return-closure 0.20"
80,,jab,right45,jab,right45,jab__right45,jab,https://www.youtube.com/watch?v=mF2HmMVH_DQ,How to Pivot Hook in Boxing,,,"& ""python"" ""action_recognition.py"" --weights ""yolo26n-pose.pt"" --source ""https://www.youtube.com/watch?v=mF2HmMVH_DQ"" --record-reference ""jab__right45"" --target-technique ""jab"" --reference-dir ""reference_poses"" --num-video-sequence-samples 20 --skip-frame 1 --save-kpts-dir ""keypoints"" --record-reference-max-saves 0 --reference-capture-cooldown-frames 24 --disable-video-classifier --visualize-pose --person-selection-mode ""most_motion"" --ref-min-return-closure 0.20"
81,,jab,right45,jab,right45,jab__right45,jab,https://www.youtube.com/watch?v=BIURBvKZDfc,Boxing basics: how to pivot and ways to use it #boxing #boxingtechnique #boxingfootwork,,,"& ""python"" ""action_recognition.py"" --weights ""yolo26n-pose.pt"" --source ""https://www.youtube.com/watch?v=BIURBvKZDfc"" --record-reference ""jab__right45"" --target-technique ""jab"" --reference-dir ""reference_poses"" --num-video-sequence-samples 20 --skip-frame 1 --save-kpts-dir ""keypoints"" --record-reference-max-saves 0 --reference-capture-cooldown-frames 24 --disable-video-classifier --visualize-pose --person-selection-mode ""most_motion"" --ref-min-return-closure 0.20"
82,,jab,right45,jab,right45,jab__right45,jab,https://www.youtube.com/watch?v=YQhsyPLfPw8,HIDE This Punch &amp; SURPRISE Them! #boxing #offense #training #technique #boxeo,,,"& ""python"" ""action_recognition.py"" --weights ""yolo26n-pose.pt"" --source ""https://www.youtube.com/watch?v=YQhsyPLfPw8"" --record-reference ""jab__right45"" --target-technique ""jab"" --reference-dir ""reference_poses"" --num-video-sequence-samples 20 --skip-frame 1 --save-kpts-dir ""keypoints"" --record-reference-max-saves 0 --reference-capture-cooldown-frames 24 --disable-video-classifier --visualize-pose --person-selection-mode ""most_motion"" --ref-min-return-closure 0.20"
83,,jab,right45,jab,right45,jab__right45,jab,https://www.youtube.com/watch?v=sc3PZynPie8,How to throw the Basic Low Kick,,,"& ""python"" ""action_recognition.py"" --weights ""yolo26n-pose.pt"" --source ""https://www.youtube.com/watch?v=sc3PZynPie8"" --record-reference ""jab__right45"" --target-technique ""jab"" --reference-dir ""reference_poses"" --num-video-sequence-samples 20 --skip-frame 1 --save-kpts-dir ""keypoints"" --record-reference-max-saves 0 --reference-capture-cooldown-frames 24 --disable-video-classifier --visualize-pose --person-selection-mode ""most_motion"" --ref-min-return-closure 0.20"
84,,jab,right45,jab,right45,jab__right45,jab,https://www.youtube.com/watch?v=081Pjj0LyHI,Wing Chun Chain Punch #wingchun #chainpunching #wingchunkuen #vingtsun,,,"& ""python"" ""action_recognition.py"" --weights ""yolo26n-pose.pt"" --source ""https://www.youtube.com/watch?v=081Pjj0LyHI"" --record-reference ""jab__right45"" --target-technique ""jab"" --reference-dir ""reference_poses"" --num-video-sequence-samples 20 --skip-frame 1 --save-kpts-dir ""keypoints"" --record-reference-max-saves 0 --reference-capture-cooldown-frames 24 --disable-video-classifier --visualize-pose --person-selection-mode ""most_motion"" --ref-min-return-closure 0.20"
85,,jab,right45,jab,right45,jab__right45,jab,https://www.youtube.com/watch?v=cM6sXom80_w,Easy 45 Degree Miter Joint #howto #tutorial #shorts #carpentry #woodworking,,,"& ""python"" ""action_recognition.py"" --weights ""yolo26n-pose.pt"" --source ""https://www.youtube.com/watch?v=cM6sXom80_w"" --record-reference ""jab__right45"" --target-technique ""jab"" --reference-dir ""reference_poses"" --num-video-sequence-samples 20 --skip-frame 1 --save-kpts-dir ""keypoints"" --record-reference-max-saves 0 --reference-capture-cooldown-frames 24 --disable-video-classifier --visualize-pose --person-selection-mode ""most_motion"" --ref-min-return-closure 0.20"
86,,jab,right45,jab,right45,jab__right45,jab,https://www.youtube.com/watch?v=k2csGKckAC4,Boxing basics: boxing drills for changing angles #boxing #boxingfootwork #boxingangles,,,"& ""python"" ""action_recognition.py"" --weights ""yolo26n-pose.pt"" --source ""https://www.youtube.com/watch?v=k2csGKckAC4"" --record-reference ""jab__right45"" --target-technique ""jab"" --reference-dir ""reference_poses"" --num-video-sequence-samples 20 --skip-frame 1 --save-kpts-dir ""keypoints"" --record-reference-max-saves 0 --reference-capture-cooldown-frames 24 --disable-video-classifier --visualize-pose --person-selection-mode ""most_motion"" --ref-min-return-closure 0.20"
87,,jab,right45,jab,right45,jab__right45,jab,https://www.youtube.com/watch?v=unZ_QUdtsME,Root Gap // Root Face // Bevel angle // Grove // Butt joint,,,"& ""python"" ""action_recognition.py"" --weights ""yolo26n-pose.pt"" --source ""https://www.youtube.com/watch?v=unZ_QUdtsME"" --record-reference ""jab__right45"" --target-technique ""jab"" --reference-dir ""reference_poses"" --num-video-sequence-samples 20 --skip-frame 1 --save-kpts-dir ""keypoints"" --record-reference-max-saves 0 --reference-capture-cooldown-frames 24 --disable-video-classifier --visualize-pose --person-selection-mode ""most_motion"" --ref-min-return-closure 0.20"
88,,jab,right45,jab,right45,jab__right45,jab,https://www.youtube.com/watch?v=sw-XRzlIvfw,Master Your Hip Rotation for Harder Punches! #boxingtraining,,,"& ""python"" ""action_recognition.py"" --weights ""yolo26n-pose.pt"" --source ""https://www.youtube.com/watch?v=sw-XRzlIvfw"" --record-reference ""jab__right45"" --target-technique ""jab"" --reference-dir ""reference_poses"" --num-video-sequence-samples 20 --skip-frame 1 --save-kpts-dir ""keypoints"" --record-reference-max-saves 0 --reference-capture-cooldown-frames 24 --disable-video-classifier --visualize-pose --person-selection-mode ""most_motion"" --ref-min-return-closure 0.20"
89,,jab,right45,jab,right45,jab__right45,jab,https://www.youtube.com/watch?v=BSVrp0F3ZXQ,Proper lead foot position to stop an opponent from getting an angle. #leadfoot #boxing #angle,,,"& ""python"" ""action_recognition.py"" --weights ""yolo26n-pose.pt"" --source ""https://www.youtube.com/watch?v=BSVrp0F3ZXQ"" --record-reference ""jab__right45"" --target-technique ""jab"" --reference-dir ""reference_poses"" --num-video-sequence-samples 20 --skip-frame 1 --save-kpts-dir ""keypoints"" --record-reference-max-saves 0 --reference-capture-cooldown-frames 24 --disable-video-classifier --visualize-pose --person-selection-mode ""most_motion"" --ref-min-return-closure 0.20"
90,,jab,right45,jab,right45,jab__right45,jab,https://www.youtube.com/watch?v=GasfUfXwryk,"HOW TO PERFECT YOUR BOXING STANCE, FEET POSITION &amp; FOOTWORK 🥊 #youtubeshorts #coachfiyah",,,"& ""python"" ""action_recognition.py"" --weights ""yolo26n-pose.pt"" --source ""https://www.youtube.com/watch?v=GasfUfXwryk"" --record-reference ""jab__right45"" --target-technique ""jab"" --reference-dir ""reference_poses"" --num-video-sequence-samples 20 --skip-frame 1 --save-kpts-dir ""keypoints"" --record-reference-max-saves 0 --reference-capture-cooldown-frames 24 --disable-video-classifier --visualize-pose --person-selection-mode ""most_motion"" --ref-min-return-closure 0.20"
91,,jab,right45,jab,right45,jab__right45,jab,https://www.youtube.com/watch?v=JJhI5UNSmXA,Boxing Lesson - Basic Punches - boxing4free.com UPDATED 2010,,,"& ""python"" ""action_recognition.py"" --weights ""yolo26n-pose.pt"" --source ""https://www.youtube.com/watch?v=JJhI5UNSmXA"" --record-reference ""jab__right45"" --target-technique ""jab"" --reference-dir ""reference_poses"" --num-video-sequence-samples 20 --skip-frame 1 --save-kpts-dir ""keypoints"" --record-reference-max-saves 0 --reference-capture-cooldown-frames 24 --disable-video-classifier --visualize-pose --person-selection-mode ""most_motion"" --ref-min-return-closure 0.20"
92,,jab,right45,jab,right45,jab__right45,jab,https://www.youtube.com/watch?v=wxZjcfMDZvw,45 Degree punch,,,"& ""python"" ""action_recognition.py"" --weights ""yolo26n-pose.pt"" --source ""https://www.youtube.com/watch?v=wxZjcfMDZvw"" --record-reference ""jab__right45"" --target-technique ""jab"" --reference-dir ""reference_poses"" --num-video-sequence-samples 20 --skip-frame 1 --save-kpts-dir ""keypoints"" --record-reference-max-saves 0 --reference-capture-cooldown-frames 24 --disable-video-classifier --visualize-pose --person-selection-mode ""most_motion"" --ref-min-return-closure 0.20"
93,,jab,right45,jab,right45,jab__right45,jab,https://www.youtube.com/watch?v=h4vQrtKr5F0,THE 45 DEGREE JAB,,,"& ""python"" ""action_recognition.py"" --weights ""yolo26n-pose.pt"" --source ""https://www.youtube.com/watch?v=h4vQrtKr5F0"" --record-reference ""jab__right45"" --target-technique ""jab"" --reference-dir ""reference_poses"" --num-video-sequence-samples 20 --skip-frame 1 --save-kpts-dir ""keypoints"" --record-reference-max-saves 0 --reference-capture-cooldown-frames 24 --disable-video-classifier --visualize-pose --person-selection-mode ""most_motion"" --ref-min-return-closure 0.20"
94,,jab,front,jab,front,jab__front,jab,https://www.youtube.com/watch?v=UMgN9zcC0Qw,How to punch correctly…,,,"& ""python"" ""action_recognition.py"" --weights ""yolo26n-pose.pt"" --source ""https://www.youtube.com/watch?v=UMgN9zcC0Qw"" --record-reference ""jab__front"" --target-technique ""jab"" --reference-dir ""reference_poses"" --num-video-sequence-samples 20 --skip-frame 1 --save-kpts-dir ""keypoints"" --record-reference-max-saves 0 --reference-capture-cooldown-frames 24 --disable-video-classifier --visualize-pose --person-selection-mode ""most_motion"" --ref-min-return-closure 0.20"
95,,jab,front,jab,front,jab__front,jab,https://www.youtube.com/watch?v=SW4Tx0wH65c,How to though a Quick Snapping Powerful jab. #theworldsfastestjab #quickjab #boxing #jab,,,"& ""python"" ""action_recognition.py"" --weights ""yolo26n-pose.pt"" --source ""https://www.youtube.com/watch?v=SW4Tx0wH65c"" --record-reference ""jab__front"" --target-technique ""jab"" --reference-dir ""reference_poses"" --num-video-sequence-samples 20 --skip-frame 1 --save-kpts-dir ""keypoints"" --record-reference-max-saves 0 --reference-capture-cooldown-frames 24 --disable-video-classifier --visualize-pose --person-selection-mode ""most_motion"" --ref-min-return-closure 0.20"
96,,jab,front,jab,front,jab__front,jab,https://www.youtube.com/watch?v=R-ChXWqSUZ4,When a goalkeeper SCORES after 13 seconds #shorts,,,"& ""python"" ""action_recognition.py"" --weights ""yolo26n-pose.pt"" --source ""https://www.youtube.com/watch?v=R-ChXWqSUZ4"" --record-reference ""jab__front"" --target-technique ""jab"" --reference-dir ""reference_poses"" --num-video-sequence-samples 20 --skip-frame 1 --save-kpts-dir ""keypoints"" --record-reference-max-saves 0 --reference-capture-cooldown-frames 24 --disable-video-classifier --visualize-pose --person-selection-mode ""most_motion"" --ref-min-return-closure 0.20"
97,,jab,front,jab,front,jab__front,jab,https://www.youtube.com/watch?v=HsKmzFmDrMs,Mike Tyson on how to throw a Knockout Punch 👑🥊,,,"& ""python"" ""action_recognition.py"" --weights ""yolo26n-pose.pt"" --source ""https://www.youtube.com/watch?v=HsKmzFmDrMs"" --record-reference ""jab__front"" --target-technique ""jab"" --reference-dir ""reference_poses"" --num-video-sequence-samples 20 --skip-frame 1 --save-kpts-dir ""keypoints"" --record-reference-max-saves 0 --reference-capture-cooldown-frames 24 --disable-video-classifier --visualize-pose --person-selection-mode ""most_motion"" --ref-min-return-closure 0.20"
98,,jab,front,jab,front,jab__front,jab,https://www.youtube.com/watch?v=BkTWWuN5fVY,Boxing fundamentals: How to jab correctly 🥊,,,"& ""python"" ""action_recognition.py"" --weights ""yolo26n-pose.pt"" --source ""https://www.youtube.com/watch?v=BkTWWuN5fVY"" --record-reference ""jab__front"" --target-technique ""jab"" --reference-dir ""reference_poses"" --num-video-sequence-samples 20 --skip-frame 1 --save-kpts-dir ""keypoints"" --record-reference-max-saves 0 --reference-capture-cooldown-frames 24 --disable-video-classifier --visualize-pose --person-selection-mode ""most_motion"" --ref-min-return-closure 0.20"
99,,jab,front,jab,front,jab__front,jab,https://www.youtube.com/watch?v=0j46IiKNUMs,Work your JAB-CROSS like Deontay Wilder… 🥊,,,"& ""python"" ""action_recognition.py"" --weights ""yolo26n-pose.pt"" --source ""https://www.youtube.com/watch?v=0j46IiKNUMs"" --record-reference ""jab__front"" --target-technique ""jab"" --reference-dir ""reference_poses"" --num-video-sequence-samples 20 --skip-frame 1 --save-kpts-dir ""keypoints"" --record-reference-max-saves 0 --reference-capture-cooldown-frames 24 --disable-video-classifier --visualize-pose --person-selection-mode ""most_motion"" --ref-min-return-closure 0.20"
100,,jab,front,jab,front,jab__front,jab,https://www.youtube.com/watch?v=zRBL7ISpYGk,Learn This Deadly Boxing Combo🥊💥,,,"& ""python"" ""action_recognition.py"" --weights ""yolo26n-pose.pt"" --source ""https://www.youtube.com/watch?v=zRBL7ISpYGk"" --record-reference ""jab__front"" --target-technique ""jab"" --reference-dir ""reference_poses"" --num-video-sequence-samples 20 --skip-frame 1 --save-kpts-dir ""keypoints"" --record-reference-max-saves 0 --reference-capture-cooldown-frames 24 --disable-video-classifier --visualize-pose --person-selection-mode ""most_motion"" --ref-min-return-closure 0.20"
101,,jab,front,jab,front,jab__front,jab,https://www.youtube.com/watch?v=nq49Zw4pE1Y,How to Jab! Pull don&#39;t Push #boxingtraining #boxingdrills #boxingshorts #boxing,,,"& ""python"" ""action_recognition.py"" --weights ""yolo26n-pose.pt"" --source ""https://www.youtube.com/watch?v=nq49Zw4pE1Y"" --record-reference ""jab__front"" --target-technique ""jab"" --reference-dir ""reference_poses"" --num-video-sequence-samples 20 --skip-frame 1 --save-kpts-dir ""keypoints"" --record-reference-max-saves 0 --reference-capture-cooldown-frames 24 --disable-video-classifier --visualize-pose --person-selection-mode ""most_motion"" --ref-min-return-closure 0.20"
102,,jab,front,jab,front,jab__front,jab,https://www.youtube.com/watch?v=HSCo5VZKHgY,This #1 tip will improve your Jab ! ❗️,,,"& ""python"" ""action_recognition.py"" --weights ""yolo26n-pose.pt"" --source ""https://www.youtube.com/watch?v=HSCo5VZKHgY"" --record-reference ""jab__front"" --target-technique ""jab"" --reference-dir ""reference_poses"" --num-video-sequence-samples 20 --skip-frame 1 --save-kpts-dir ""keypoints"" --record-reference-max-saves 0 --reference-capture-cooldown-frames 24 --disable-video-classifier --visualize-pose --person-selection-mode ""most_motion"" --ref-min-return-closure 0.20"
103,,jab,front,jab,front,jab__front,jab,https://www.youtube.com/watch?v=SwTR-wVHZ1c,How to Master the Jab Like a Pro Boxer!,,,"& ""python"" ""action_recognition.py"" --weights ""yolo26n-pose.pt"" --source ""https://www.youtube.com/watch?v=SwTR-wVHZ1c"" --record-reference ""jab__front"" --target-technique ""jab"" --reference-dir ""reference_poses"" --num-video-sequence-samples 20 --skip-frame 1 --save-kpts-dir ""keypoints"" --record-reference-max-saves 0 --reference-capture-cooldown-frames 24 --disable-video-classifier --visualize-pose --person-selection-mode ""most_motion"" --ref-min-return-closure 0.20"
104,,jab,front,jab,front,jab__front,jab,https://www.youtube.com/watch?v=QMxN1BSbTJU,How to Throw a Punch in a Fight,,,"& ""python"" ""action_recognition.py"" --weights ""yolo26n-pose.pt"" --source ""https://www.youtube.com/watch?v=QMxN1BSbTJU"" --record-reference ""jab__front"" --target-technique ""jab"" --reference-dir ""reference_poses"" --num-video-sequence-samples 20 --skip-frame 1 --save-kpts-dir ""keypoints"" --record-reference-max-saves 0 --reference-capture-cooldown-frames 24 --disable-video-classifier --visualize-pose --person-selection-mode ""most_motion"" --ref-min-return-closure 0.20"
105,,jab,front,jab,front,jab__front,jab,https://www.youtube.com/watch?v=TqteZOax5fU,You CAN slip the jab cross 🤷‍♂️,,,"& ""python"" ""action_recognition.py"" --weights ""yolo26n-pose.pt"" --source ""https://www.youtube.com/watch?v=TqteZOax5fU"" --record-reference ""jab__front"" --target-technique ""jab"" --reference-dir ""reference_poses"" --num-video-sequence-samples 20 --skip-frame 1 --save-kpts-dir ""keypoints"" --record-reference-max-saves 0 --reference-capture-cooldown-frames 24 --disable-video-classifier --visualize-pose --person-selection-mode ""most_motion"" --ref-min-return-closure 0.20"
106,,jab,front,jab,front,jab__front,jab,https://www.youtube.com/watch?v=Q2HiBSGb-sE,Can You Dodge This Punch?,,,"& ""python"" ""action_recognition.py"" --weights ""yolo26n-pose.pt"" --source ""https://www.youtube.com/watch?v=Q2HiBSGb-sE"" --record-reference ""jab__front"" --target-technique ""jab"" --reference-dir ""reference_poses"" --num-video-sequence-samples 20 --skip-frame 1 --save-kpts-dir ""keypoints"" --record-reference-max-saves 0 --reference-capture-cooldown-frames 24 --disable-video-classifier --visualize-pose --person-selection-mode ""most_motion"" --ref-min-return-closure 0.20"
107,,jab,front,jab,front,jab__front,jab,https://www.youtube.com/watch?v=MkmBwyfahD0,Throw Your Jab with Your Hip,,,"& ""python"" ""action_recognition.py"" --weights ""yolo26n-pose.pt"" --source ""https://www.youtube.com/watch?v=MkmBwyfahD0"" --record-reference ""jab__front"" --target-technique ""jab"" --reference-dir ""reference_poses"" --num-video-sequence-samples 20 --skip-frame 1 --save-kpts-dir ""keypoints"" --record-reference-max-saves 0 --reference-capture-cooldown-frames 24 --disable-video-classifier --visualize-pose --person-selection-mode ""most_motion"" --ref-min-return-closure 0.20"
108,,jab,front,jab,front,jab__front,jab,https://www.youtube.com/watch?v=56HGBUTicnA,How to Throw the Perfect Punch #shorts,,,"& ""python"" ""action_recognition.py"" --weights ""yolo26n-pose.pt"" --source ""https://www.youtube.com/watch?v=56HGBUTicnA"" --record-reference ""jab__front"" --target-technique ""jab"" --reference-dir ""reference_poses"" --num-video-sequence-samples 20 --skip-frame 1 --save-kpts-dir ""keypoints"" --record-reference-max-saves 0 --reference-capture-cooldown-frames 24 --disable-video-classifier --visualize-pose --person-selection-mode ""most_motion"" --ref-min-return-closure 0.20"
109,,jab,front,jab,front,jab__front,jab,https://www.youtube.com/watch?v=ilV4-hQaSZ0,How to Throw a Punch,,,"& ""python"" ""action_recognition.py"" --weights ""yolo26n-pose.pt"" --source ""https://www.youtube.com/watch?v=ilV4-hQaSZ0"" --record-reference ""jab__front"" --target-technique ""jab"" --reference-dir ""reference_poses"" --num-video-sequence-samples 20 --skip-frame 1 --save-kpts-dir ""keypoints"" --record-reference-max-saves 0 --reference-capture-cooldown-frames 24 --disable-video-classifier --visualize-pose --person-selection-mode ""most_motion"" --ref-min-return-closure 0.20"
110,,jab,front,jab,front,jab__front,jab,https://www.youtube.com/watch?v=c2TqwA6V7II,Intermediate vs Advanced Skiers | #shorts,,,"& ""python"" ""action_recognition.py"" --weights ""yolo26n-pose.pt"" --source ""https://www.youtube.com/watch?v=c2TqwA6V7II"" --record-reference ""jab__front"" --target-technique ""jab"" --reference-dir ""reference_poses"" --num-video-sequence-samples 20 --skip-frame 1 --save-kpts-dir ""keypoints"" --record-reference-max-saves 0 --reference-capture-cooldown-frames 24 --disable-video-classifier --visualize-pose --person-selection-mode ""most_motion"" --ref-min-return-closure 0.20"
111,,jab,front,jab,front,jab__front,jab,https://www.youtube.com/watch?v=teBtAxi18GM,How to throw your jab,,,"& ""python"" ""action_recognition.py"" --weights ""yolo26n-pose.pt"" --source ""https://www.youtube.com/watch?v=teBtAxi18GM"" --record-reference ""jab__front"" --target-technique ""jab"" --reference-dir ""reference_poses"" --num-video-sequence-samples 20 --skip-frame 1 --save-kpts-dir ""keypoints"" --record-reference-max-saves 0 --reference-capture-cooldown-frames 24 --disable-video-classifier --visualize-pose --person-selection-mode ""most_motion"" --ref-min-return-closure 0.20"
112,,jab,front,jab,front,jab__front,jab,https://www.youtube.com/watch?v=D-E0cdLXFXI,Boxing Footwork: How to Pivot #boxing #boxingtraining #boxingdrills,,,"& ""python"" ""action_recognition.py"" --weights ""yolo26n-pose.pt"" --source ""https://www.youtube.com/watch?v=D-E0cdLXFXI"" --record-reference ""jab__front"" --target-technique ""jab"" --reference-dir ""reference_poses"" --num-video-sequence-samples 20 --skip-frame 1 --save-kpts-dir ""keypoints"" --record-reference-max-saves 0 --reference-capture-cooldown-frames 24 --disable-video-classifier --visualize-pose --person-selection-mode ""most_motion"" --ref-min-return-closure 0.20"
113,,jab,front,jab,front,jab__front,jab,https://www.youtube.com/watch?v=Tr0D4DTMuIM,Floyd Mayweather Jab Control,,,"& ""python"" ""action_recognition.py"" --weights ""yolo26n-pose.pt"" --source ""https://www.youtube.com/watch?v=Tr0D4DTMuIM"" --record-reference ""jab__front"" --target-technique ""jab"" --reference-dir ""reference_poses"" --num-video-sequence-samples 20 --skip-frame 1 --save-kpts-dir ""keypoints"" --record-reference-max-saves 0 --reference-capture-cooldown-frames 24 --disable-video-classifier --visualize-pose --person-selection-mode ""most_motion"" --ref-min-return-closure 0.20"
114,,jab,front,jab,front,jab__front,jab,https://www.youtube.com/watch?v=6F09-6sKQHQ,How to Throw the Perfect Jab in Boxing | Jab Technique Explained. #boxing #viralvideo #fight #fyp,,,"& ""python"" ""action_recognition.py"" --weights ""yolo26n-pose.pt"" --source ""https://www.youtube.com/watch?v=6F09-6sKQHQ"" --record-reference ""jab__front"" --target-technique ""jab"" --reference-dir ""reference_poses"" --num-video-sequence-samples 20 --skip-frame 1 --save-kpts-dir ""keypoints"" --record-reference-max-saves 0 --reference-capture-cooldown-frames 24 --disable-video-classifier --visualize-pose --person-selection-mode ""most_motion"" --ref-min-return-closure 0.20"
115,,jab,front,jab,front,jab__front,jab,https://www.youtube.com/watch?v=0gtMKaCJ5I8,The Correct Way To Throw HOOKS in BOXING | Thumb Up or Thumb In,,,"& ""python"" ""action_recognition.py"" --weights ""yolo26n-pose.pt"" --source ""https://www.youtube.com/watch?v=0gtMKaCJ5I8"" --record-reference ""jab__front"" --target-technique ""jab"" --reference-dir ""reference_poses"" --num-video-sequence-samples 20 --skip-frame 1 --save-kpts-dir ""keypoints"" --record-reference-max-saves 0 --reference-capture-cooldown-frames 24 --disable-video-classifier --visualize-pose --person-selection-mode ""most_motion"" --ref-min-return-closure 0.20"
116,,jab,front,jab,front,jab__front,jab,https://www.youtube.com/watch?v=3dyp-jzvmVA,The Power of Eye Feints in Boxing: A Surprisingly Underused Skill #boxingtechnique #boxingtips,,,"& ""python"" ""action_recognition.py"" --weights ""yolo26n-pose.pt"" --source ""https://www.youtube.com/watch?v=3dyp-jzvmVA"" --record-reference ""jab__front"" --target-technique ""jab"" --reference-dir ""reference_poses"" --num-video-sequence-samples 20 --skip-frame 1 --save-kpts-dir ""keypoints"" --record-reference-max-saves 0 --reference-capture-cooldown-frames 24 --disable-video-classifier --visualize-pose --person-selection-mode ""most_motion"" --ref-min-return-closure 0.20"
117,,jab,front,jab,front,jab__front,jab,https://www.youtube.com/watch?v=71nmi6nGcrY,How to Throw the Perfect Jab in Boxing,,,"& ""python"" ""action_recognition.py"" --weights ""yolo26n-pose.pt"" --source ""https://www.youtube.com/watch?v=71nmi6nGcrY"" --record-reference ""jab__front"" --target-technique ""jab"" --reference-dir ""reference_poses"" --num-video-sequence-samples 20 --skip-frame 1 --save-kpts-dir ""keypoints"" --record-reference-max-saves 0 --reference-capture-cooldown-frames 24 --disable-video-classifier --visualize-pose --person-selection-mode ""most_motion"" --ref-min-return-closure 0.20"
118,,jab,front,jab,front,jab__front,jab,https://www.youtube.com/watch?v=hJgZrFohz3s,The Right Technique in Throwing the Uppercut #shorts,,,"& ""python"" ""action_recognition.py"" --weights ""yolo26n-pose.pt"" --source ""https://www.youtube.com/watch?v=hJgZrFohz3s"" --record-reference ""jab__front"" --target-technique ""jab"" --reference-dir ""reference_poses"" --num-video-sequence-samples 20 --skip-frame 1 --save-kpts-dir ""keypoints"" --record-reference-max-saves 0 --reference-capture-cooldown-frames 24 --disable-video-classifier --visualize-pose --person-selection-mode ""most_motion"" --ref-min-return-closure 0.20"
119,,jab,front,jab,front,jab__front,jab,https://www.youtube.com/watch?v=DWYzO2NJmCQ,How to throw a cross #shorts #boxing #dazn #ufc,,,"& ""python"" ""action_recognition.py"" --weights ""yolo26n-pose.pt"" --source ""https://www.youtube.com/watch?v=DWYzO2NJmCQ"" --record-reference ""jab__front"" --target-technique ""jab"" --reference-dir ""reference_poses"" --num-video-sequence-samples 20 --skip-frame 1 --save-kpts-dir ""keypoints"" --record-reference-max-saves 0 --reference-capture-cooldown-frames 24 --disable-video-classifier --visualize-pose --person-selection-mode ""most_motion"" --ref-min-return-closure 0.20"
120,,jab,front,jab,front,jab__front,jab,https://www.youtube.com/watch?v=1aUj39yG8SM,How to anchor a powerboat - preview of our quick video guide.,,,"& ""python"" ""action_recognition.py"" --weights ""yolo26n-pose.pt"" --source ""https://www.youtube.com/watch?v=1aUj39yG8SM"" --record-reference ""jab__front"" --target-technique ""jab"" --reference-dir ""reference_poses"" --num-video-sequence-samples 20 --skip-frame 1 --save-kpts-dir ""keypoints"" --record-reference-max-saves 0 --reference-capture-cooldown-frames 24 --disable-video-classifier --visualize-pose --person-selection-mode ""most_motion"" --ref-min-return-closure 0.20"
121,,jab,front,jab,front,jab__front,jab,https://www.youtube.com/watch?v=LtRlpieK03E,How to punch properly,,,"& ""python"" ""action_recognition.py"" --weights ""yolo26n-pose.pt"" --source ""https://www.youtube.com/watch?v=LtRlpieK03E"" --record-reference ""jab__front"" --target-technique ""jab"" --reference-dir ""reference_poses"" --num-video-sequence-samples 20 --skip-frame 1 --save-kpts-dir ""keypoints"" --record-reference-max-saves 0 --reference-capture-cooldown-frames 24 --disable-video-classifier --visualize-pose --person-selection-mode ""most_motion"" --ref-min-return-closure 0.20"
122,,jab,front,jab,front,jab__front,jab,https://www.youtube.com/watch?v=n1PPAT9hoqw,What’s the correct way to punch?,,,"& ""python"" ""action_recognition.py"" --weights ""yolo26n-pose.pt"" --source ""https://www.youtube.com/watch?v=n1PPAT9hoqw"" --record-reference ""jab__front"" --target-technique ""jab"" --reference-dir ""reference_poses"" --num-video-sequence-samples 20 --skip-frame 1 --save-kpts-dir ""keypoints"" --record-reference-max-saves 0 --reference-capture-cooldown-frames 24 --disable-video-classifier --visualize-pose --person-selection-mode ""most_motion"" --ref-min-return-closure 0.20"
123,,jab,front,jab,front,jab__front,jab,https://www.youtube.com/watch?v=eBxn21FtqPg,The Correct Way to Throw Uppercut,,,"& ""python"" ""action_recognition.py"" --weights ""yolo26n-pose.pt"" --source ""https://www.youtube.com/watch?v=eBxn21FtqPg"" --record-reference ""jab__front"" --target-technique ""jab"" --reference-dir ""reference_poses"" --num-video-sequence-samples 20 --skip-frame 1 --save-kpts-dir ""keypoints"" --record-reference-max-saves 0 --reference-capture-cooldown-frames 24 --disable-video-classifier --visualize-pose --person-selection-mode ""most_motion"" --ref-min-return-closure 0.20"
124,,jab,front,jab,front,jab__front,jab,https://www.youtube.com/watch?v=rkKVeNSMQKM,Master the Jab: 3 ESSENTIAL Techniques,,,"& ""python"" ""action_recognition.py"" --weights ""yolo26n-pose.pt"" --source ""https://www.youtube.com/watch?v=rkKVeNSMQKM"" --record-reference ""jab__front"" --target-technique ""jab"" --reference-dir ""reference_poses"" --num-video-sequence-samples 20 --skip-frame 1 --save-kpts-dir ""keypoints"" --record-reference-max-saves 0 --reference-capture-cooldown-frames 24 --disable-video-classifier --visualize-pose --person-selection-mode ""most_motion"" --ref-min-return-closure 0.20"
125,,jab,front,jab,front,jab__front,jab,https://www.youtube.com/watch?v=6bVdmjKm2VE,Dmitry Bivol&#39;s Secret Jab Technique,,,"& ""python"" ""action_recognition.py"" --weights ""yolo26n-pose.pt"" --source ""https://www.youtube.com/watch?v=6bVdmjKm2VE"" --record-reference ""jab__front"" --target-technique ""jab"" --reference-dir ""reference_poses"" --num-video-sequence-samples 20 --skip-frame 1 --save-kpts-dir ""keypoints"" --record-reference-max-saves 0 --reference-capture-cooldown-frames 24 --disable-video-classifier --visualize-pose --person-selection-mode ""most_motion"" --ref-min-return-closure 0.20"
126,,jab,front,jab,front,jab__front,jab,https://www.youtube.com/watch?v=vJONAnLSuV4,Techniques de base en boxe : Jab Cross et Damato Shift #boxe #boxeanglaise #boxeur #mma #boxing,,,"& ""python"" ""action_recognition.py"" --weights ""yolo26n-pose.pt"" --source ""https://www.youtube.com/watch?v=vJONAnLSuV4"" --record-reference ""jab__front"" --target-technique ""jab"" --reference-dir ""reference_poses"" --num-video-sequence-samples 20 --skip-frame 1 --save-kpts-dir ""keypoints"" --record-reference-max-saves 0 --reference-capture-cooldown-frames 24 --disable-video-classifier --visualize-pose --person-selection-mode ""most_motion"" --ref-min-return-closure 0.20"
127,,jab,front,jab,front,jab__front,jab,https://www.youtube.com/watch?v=wjr8EJHGGMY,Master the Art of Punching with Effective Head Movement #boxingtechnique #boxingtips,,,"& ""python"" ""action_recognition.py"" --weights ""yolo26n-pose.pt"" --source ""https://www.youtube.com/watch?v=wjr8EJHGGMY"" --record-reference ""jab__front"" --target-technique ""jab"" --reference-dir ""reference_poses"" --num-video-sequence-samples 20 --skip-frame 1 --save-kpts-dir ""keypoints"" --record-reference-max-saves 0 --reference-capture-cooldown-frames 24 --disable-video-classifier --visualize-pose --person-selection-mode ""most_motion"" --ref-min-return-closure 0.20"
128,,jab,front,jab,front,jab__front,jab,https://www.youtube.com/watch?v=LpmcS_ixyKE,The Boxing Jab with Jeff Mayweather,,,"& ""python"" ""action_recognition.py"" --weights ""yolo26n-pose.pt"" --source ""https://www.youtube.com/watch?v=LpmcS_ixyKE"" --record-reference ""jab__front"" --target-technique ""jab"" --reference-dir ""reference_poses"" --num-video-sequence-samples 20 --skip-frame 1 --save-kpts-dir ""keypoints"" --record-reference-max-saves 0 --reference-capture-cooldown-frames 24 --disable-video-classifier --visualize-pose --person-selection-mode ""most_motion"" --ref-min-return-closure 0.20"
129,,jab,front,jab,front,jab__front,jab,https://www.youtube.com/watch?v=a6P3Qd6titA,STEP JAB vs PUSH JAB,,,"& ""python"" ""action_recognition.py"" --weights ""yolo26n-pose.pt"" --source ""https://www.youtube.com/watch?v=a6P3Qd6titA"" --record-reference ""jab__front"" --target-technique ""jab"" --reference-dir ""reference_poses"" --num-video-sequence-samples 20 --skip-frame 1 --save-kpts-dir ""keypoints"" --record-reference-max-saves 0 --reference-capture-cooldown-frames 24 --disable-video-classifier --visualize-pose --person-selection-mode ""most_motion"" --ref-min-return-closure 0.20"
130,,jab,front,jab,front,jab__front,jab,https://www.youtube.com/watch?v=kQhk8kOYAoQ,Mastering the Right Cross | Techniques and Variations for Power Punching  #boxingtechniques,,,"& ""python"" ""action_recognition.py"" --weights ""yolo26n-pose.pt"" --source ""https://www.youtube.com/watch?v=kQhk8kOYAoQ"" --record-reference ""jab__front"" --target-technique ""jab"" --reference-dir ""reference_poses"" --num-video-sequence-samples 20 --skip-frame 1 --save-kpts-dir ""keypoints"" --record-reference-max-saves 0 --reference-capture-cooldown-frames 24 --disable-video-classifier --visualize-pose --person-selection-mode ""most_motion"" --ref-min-return-closure 0.20"
131,,jab,front,jab,front,jab__front,jab,https://www.youtube.com/watch?v=0GRmOzGXGaI,HOW TO JAB,,,"& ""python"" ""action_recognition.py"" --weights ""yolo26n-pose.pt"" --source ""https://www.youtube.com/watch?v=0GRmOzGXGaI"" --record-reference ""jab__front"" --target-technique ""jab"" --reference-dir ""reference_poses"" --num-video-sequence-samples 20 --skip-frame 1 --save-kpts-dir ""keypoints"" --record-reference-max-saves 0 --reference-capture-cooldown-frames 24 --disable-video-classifier --visualize-pose --person-selection-mode ""most_motion"" --ref-min-return-closure 0.20"
132,,jab,front,jab,front,jab__front,jab,https://www.youtube.com/watch?v=IIxk4E73R7o,How to Throw a Jab | Lennox Lewis Masterclass | How To Box,,,"& ""python"" ""action_recognition.py"" --weights ""yolo26n-pose.pt"" --source ""https://www.youtube.com/watch?v=IIxk4E73R7o"" --record-reference ""jab__front"" --target-technique ""jab"" --reference-dir ""reference_poses"" --num-video-sequence-samples 20 --skip-frame 1 --save-kpts-dir ""keypoints"" --record-reference-max-saves 0 --reference-capture-cooldown-frames 24 --disable-video-classifier --visualize-pose --person-selection-mode ""most_motion"" --ref-min-return-closure 0.20"
133,,jab,front,jab,front,jab__front,jab,https://www.youtube.com/watch?v=php2qxReE3Q,The Correct Way To Jab,,,"& ""python"" ""action_recognition.py"" --weights ""yolo26n-pose.pt"" --source ""https://www.youtube.com/watch?v=php2qxReE3Q"" --record-reference ""jab__front"" --target-technique ""jab"" --reference-dir ""reference_poses"" --num-video-sequence-samples 20 --skip-frame 1 --save-kpts-dir ""keypoints"" --record-reference-max-saves 0 --reference-capture-cooldown-frames 24 --disable-video-classifier --visualize-pose --person-selection-mode ""most_motion"" --ref-min-return-closure 0.20"
134,,jab,front,jab,front,jab__front,jab,https://www.youtube.com/watch?v=Cm06zG11nm4,How to Master the Jab for Boxing,,,"& ""python"" ""action_recognition.py"" --weights ""yolo26n-pose.pt"" --source ""https://www.youtube.com/watch?v=Cm06zG11nm4"" --record-reference ""jab__front"" --target-technique ""jab"" --reference-dir ""reference_poses"" --num-video-sequence-samples 20 --skip-frame 1 --save-kpts-dir ""keypoints"" --record-reference-max-saves 0 --reference-capture-cooldown-frames 24 --disable-video-classifier --visualize-pose --person-selection-mode ""most_motion"" --ref-min-return-closure 0.20"
135,,jab,front,jab,front,jab__front,jab,https://www.youtube.com/watch?v=qrMSreI_Rc8,Tyson hook technique #boxing #tutorial,,,"& ""python"" ""action_recognition.py"" --weights ""yolo26n-pose.pt"" --source ""https://www.youtube.com/watch?v=qrMSreI_Rc8"" --record-reference ""jab__front"" --target-technique ""jab"" --reference-dir ""reference_poses"" --num-video-sequence-samples 20 --skip-frame 1 --save-kpts-dir ""keypoints"" --record-reference-max-saves 0 --reference-capture-cooldown-frames 24 --disable-video-classifier --visualize-pose --person-selection-mode ""most_motion"" --ref-min-return-closure 0.20"
136,,jab,front,jab,front,jab__front,jab,https://www.youtube.com/watch?v=euHgMEjZbyU,Body mechanics for the jab and positioning to defend and counter the overhand right! #jab #counter,,,"& ""python"" ""action_recognition.py"" --weights ""yolo26n-pose.pt"" --source ""https://www.youtube.com/watch?v=euHgMEjZbyU"" --record-reference ""jab__front"" --target-technique ""jab"" --reference-dir ""reference_poses"" --num-video-sequence-samples 20 --skip-frame 1 --save-kpts-dir ""keypoints"" --record-reference-max-saves 0 --reference-capture-cooldown-frames 24 --disable-video-classifier --visualize-pose --person-selection-mode ""most_motion"" --ref-min-return-closure 0.20"
137,,jab,front,jab,front,jab__front,jab,https://www.youtube.com/watch?v=FFS_21q8ZTc,Mechanics of the jab. Paramount for offensive striking. Learn more about it on Jujiclub.com,,,"& ""python"" ""action_recognition.py"" --weights ""yolo26n-pose.pt"" --source ""https://www.youtube.com/watch?v=FFS_21q8ZTc"" --record-reference ""jab__front"" --target-technique ""jab"" --reference-dir ""reference_poses"" --num-video-sequence-samples 20 --skip-frame 1 --save-kpts-dir ""keypoints"" --record-reference-max-saves 0 --reference-capture-cooldown-frames 24 --disable-video-classifier --visualize-pose --person-selection-mode ""most_motion"" --ref-min-return-closure 0.20"
138,,jab,front,jab,front,jab__front,jab,https://www.youtube.com/watch?v=e6UNuMxBIdE,Step By Step Guide To Throwing The Jab | Boxing Training,,,"& ""python"" ""action_recognition.py"" --weights ""yolo26n-pose.pt"" --source ""https://www.youtube.com/watch?v=e6UNuMxBIdE"" --record-reference ""jab__front"" --target-technique ""jab"" --reference-dir ""reference_poses"" --num-video-sequence-samples 20 --skip-frame 1 --save-kpts-dir ""keypoints"" --record-reference-max-saves 0 --reference-capture-cooldown-frames 24 --disable-video-classifier --visualize-pose --person-selection-mode ""most_motion"" --ref-min-return-closure 0.20"
139,,jab,front,jab,front,jab__front,jab,https://www.youtube.com/watch?v=bknFo1Jt0mI,The Correct Way to Throw a Double Jab...,,,"& ""python"" ""action_recognition.py"" --weights ""yolo26n-pose.pt"" --source ""https://www.youtube.com/watch?v=bknFo1Jt0mI"" --record-reference ""jab__front"" --target-technique ""jab"" --reference-dir ""reference_poses"" --num-video-sequence-samples 20 --skip-frame 1 --save-kpts-dir ""keypoints"" --record-reference-max-saves 0 --reference-capture-cooldown-frames 24 --disable-video-classifier --visualize-pose --person-selection-mode ""most_motion"" --ref-min-return-closure 0.20"
140,,jab,front,jab,front,jab__front,jab,https://www.youtube.com/watch?v=wGf5GdTqc18,How To Throw Your Jab With Perfect Technique 💥,,,"& ""python"" ""action_recognition.py"" --weights ""yolo26n-pose.pt"" --source ""https://www.youtube.com/watch?v=wGf5GdTqc18"" --record-reference ""jab__front"" --target-technique ""jab"" --reference-dir ""reference_poses"" --num-video-sequence-samples 20 --skip-frame 1 --save-kpts-dir ""keypoints"" --record-reference-max-saves 0 --reference-capture-cooldown-frames 24 --disable-video-classifier --visualize-pose --person-selection-mode ""most_motion"" --ref-min-return-closure 0.20"
141,,jab,front,jab,front,jab__front,jab,https://www.youtube.com/watch?v=jA5y-5vKBJU,JAB TO BODY | Step By Step Breakdown| Slow Motion  #boxing #boxingtraining #fitness #fightcamp,,,"& ""python"" ""action_recognition.py"" --weights ""yolo26n-pose.pt"" --source ""https://www.youtube.com/watch?v=jA5y-5vKBJU"" --record-reference ""jab__front"" --target-technique ""jab"" --reference-dir ""reference_poses"" --num-video-sequence-samples 20 --skip-frame 1 --save-kpts-dir ""keypoints"" --record-reference-max-saves 0 --reference-capture-cooldown-frames 24 --disable-video-classifier --visualize-pose --person-selection-mode ""most_motion"" --ref-min-return-closure 0.20"
142,,jab,front,jab,front,jab__front,jab,https://www.youtube.com/watch?v=DN7Wx8zB_-g,Fix this very common fault with your boxing jab technique | simple fix,,,"& ""python"" ""action_recognition.py"" --weights ""yolo26n-pose.pt"" --source ""https://www.youtube.com/watch?v=DN7Wx8zB_-g"" --record-reference ""jab__front"" --target-technique ""jab"" --reference-dir ""reference_poses"" --num-video-sequence-samples 20 --skip-frame 1 --save-kpts-dir ""keypoints"" --record-reference-max-saves 0 --reference-capture-cooldown-frames 24 --disable-video-classifier --visualize-pose --person-selection-mode ""most_motion"" --ref-min-return-closure 0.20"
143,,jab,front,jab,front,jab__front,jab,https://www.youtube.com/watch?v=pbb0PxykYNQ,Mastering the Jab Cross and Hook | Boxing Technique Breakdown,,,"& ""python"" ""action_recognition.py"" --weights ""yolo26n-pose.pt"" --source ""https://www.youtube.com/watch?v=pbb0PxykYNQ"" --record-reference ""jab__front"" --target-technique ""jab"" --reference-dir ""reference_poses"" --num-video-sequence-samples 20 --skip-frame 1 --save-kpts-dir ""keypoints"" --record-reference-max-saves 0 --reference-capture-cooldown-frames 24 --disable-video-classifier --visualize-pose --person-selection-mode ""most_motion"" --ref-min-return-closure 0.20"
144,,jab,front,jab,front,jab__front,jab,https://www.youtube.com/watch?v=NjneRrqC0Ps,New JAB Technique for #boxing - “Jeet Sao” also known as the “Intercepting Fist”,,,"& ""python"" ""action_recognition.py"" --weights ""yolo26n-pose.pt"" --source ""https://www.youtube.com/watch?v=NjneRrqC0Ps"" --record-reference ""jab__front"" --target-technique ""jab"" --reference-dir ""reference_poses"" --num-video-sequence-samples 20 --skip-frame 1 --save-kpts-dir ""keypoints"" --record-reference-max-saves 0 --reference-capture-cooldown-frames 24 --disable-video-classifier --visualize-pose --person-selection-mode ""most_motion"" --ref-min-return-closure 0.20"
