technique,angle,reference_key,status,source_url,source_url_1,source_url_2,source_url_3,source_url_4,segment_start_s,segment_end_s,quality,notes,target_technique_key,record_reference_key,command_ready,command
fighting_stance,front,fighting_stance__front,ready,https://www.youtube.com/watch?v=SjLXzCpRS8U,https://www.youtube.com/watch?v=SjLXzCpRS8U,https://www.youtube.com/watch?v=e2S6-gwR0es,https://www.youtube.com/watch?v=ApRBjb93FJ4,https://www.youtube.com/watch?v=DelgrO2MEiI,,,,auto: boxing fighting stance tutorial front view | Boxing Stance | Beginner Step-By-Step Tutorial,fighting_stance,fighting_stance__front,yes,"& ""python"" ""action_recognition.py"" --weights ""yolo26n-pose.pt"" --source ""https://www.youtube.com/watch?v=SjLXzCpRS8U"" --record-reference ""fighting_stance__front"" --target-technique ""fighting_stance"" --reference-dir ""reference_poses"" --num-video-sequence-samples 12 --skip-frame 1 --save-kpts-dir ""keypoints"" --record-reference-max-saves 1 --reference-capture-cooldown-frames 24 --disable-video-classifier --visualize-pose --auto-exit-after-reference --reference-search-max-frames 1800 --person-selection-mode ""most_motion"" --disable-structured-storage --reference-capture-mode ""best_window"" --ref-min-motion-energy 0.02 --ref-min-score-gate 0"
fighting_stance,left45,fighting_stance__left45,ready,https://www.youtube.com/watch?v=BZpdl092w4U,https://www.youtube.com/watch?v=BZpdl092w4U,https://www.youtube.com/watch?v=pFlW2MtfIVs,https://www.youtube.com/watch?v=e2S6-gwR0es,https://www.youtube.com/watch?v=oXdYa2vgC9c,,,,auto: boxing fighting stance tutorial left 45 degree view | Roy Jones Jr. Stance Breakdown,fighting_stance,fighting_stance__left45,yes,"& ""python"" ""action_recognition.py"" --weights ""yolo26n-pose.pt"" --source ""https://www.youtube.com/watch?v=BZpdl092w4U"" --record-reference ""fighting_stance__left45"" --target-technique ""fighting_stance"" --reference-dir ""reference_poses"" --num-video-sequence-samples 12 --skip-frame 1 --save-kpts-dir ""keypoints"" --record-reference-max-saves 1 --reference-capture-cooldown-frames 24 --disable-video-classifier --visualize-pose --auto-exit-after-reference --reference-search-max-frames 1800 --person-selection-mode ""most_motion"" --disable-structured-storage --reference-capture-mode ""best_window"" --ref-min-motion-energy 0.02 --ref-min-score-gate 0"
fighting_stance,right45,fighting_stance__right45,ready,https://www.youtube.com/watch?v=rU2MWIoVVos,https://www.youtube.com/watch?v=rU2MWIoVVos,https://www.youtube.com/watch?v=pFlW2MtfIVs,https://www.youtube.com/watch?v=-HV_dT74bsU,https://www.youtube.com/watch?v=BZpdl092w4U,,,,auto: boxing fighting stance tutorial right 45 degree view | Vasyl Lomachenko Boxing Stance,fighting_stance,fighting_stance__right45,yes,"& ""python"" ""action_recognition.py"" --weights ""yolo26n-pose.pt"" --source ""https://www.youtube.com/watch?v=rU2MWIoVVos"" --record-reference ""fighting_stance__right45"" --target-technique ""fighting_stance"" --reference-dir ""reference_poses"" --num-video-sequence-samples 12 --skip-frame 1 --save-kpts-dir ""keypoints"" --record-reference-max-saves 1 --reference-capture-cooldown-frames 24 --disable-video-classifier --visualize-pose --auto-exit-after-reference --reference-search-max-frames 1800 --person-selection-mode ""most_motion"" --disable-structured-storage --reference-capture-mode ""best_window"" --ref-min-motion-energy 0.02 --ref-min-score-gate 0"
fighting_stance,side,fighting_stance__side,ready,https://www.youtube.com/watch?v=75KjoTO1dJs,https://www.youtube.com/watch?v=75KjoTO1dJs,https://www.youtube.com/watch?v=e2S6-gwR0es,https://www.youtube.com/watch?v=rU2MWIoVVos,https://www.youtube.com/watch?v=-HV_dT74bsU,,,,auto: boxing fighting stance tutorial side view | Southpaw Stance for Right Handed Boxers,fighting_stance,fighting_stance__side,yes,"& ""python"" ""action_recognition.py"" --weights ""yolo26n-pose.pt"" --source ""https://www.youtube.com/watch?v=75KjoTO1dJs"" --record-reference ""fighting_stance__side"" --target-technique ""fighting_stance"" --reference-dir ""reference_poses"" --num-video-sequence-samples 12 --skip-frame 1 --save-kpts-dir ""keypoints"" --record-reference-max-saves 1 --reference-capture-cooldown-frames 24 --disable-video-classifier --visualize-pose --auto-exit-after-reference --reference-search-max-frames 1800 --person-selection-mode ""most_motion"" --disable-structured-storage --reference-capture-mode ""best_window"" --ref-min-motion-energy 0.02 --ref-min-score-gate 0"
jab,front,jab__front,ready,https://www.youtube.com/watch?v=71nmi6nGcrY,https://www.youtube.com/watch?v=71nmi6nGcrY,https://www.youtube.com/watch?v=e6UNuMxBIdE,https://www.youtube.com/watch?v=IIxk4E73R7o,https://www.youtube.com/watch?v=LpmcS_ixyKE,,,,auto: boxing jab tutorial front view | How to Throw the Perfect Jab in Boxing,jab,jab__front,yes,"& ""python"" ""action_recognition.py"" --weights ""yolo26n-pose.pt"" --source ""https://www.youtube.com/watch?v=71nmi6nGcrY"" --record-reference ""jab__front"" --target-technique ""jab"" --reference-dir ""reference_poses"" --num-video-sequence-samples 12 --skip-frame 1 --save-kpts-dir ""keypoints"" --record-reference-max-saves 1 --reference-capture-cooldown-frames 24 --disable-video-classifier --visualize-pose --auto-exit-after-reference --reference-search-max-frames 1800 --person-selection-mode ""most_motion"" --disable-structured-storage --reference-capture-mode ""best_window"" --ref-min-motion-energy 0.02 --ref-min-score-gate 0"
jab,left45,jab__left45,ready,https://www.youtube.com/watch?v=wxZjcfMDZvw,https://www.youtube.com/watch?v=wxZjcfMDZvw,https://www.youtube.com/watch?v=hNclexRmDsY,https://www.youtube.com/watch?v=h4vQrtKr5F0,https://www.youtube.com/watch?v=BZpdl092w4U,,,,auto: boxing jab tutorial left 45 degree view | Canelo Alvarez Jab Technique,jab,jab__left45,yes,"& ""python"" ""action_recognition.py"" --weights ""yolo26n-pose.pt"" --source ""https://www.youtube.com/watch?v=wxZjcfMDZvw"" --record-reference ""jab__left45"" --target-technique ""jab"" --reference-dir ""reference_poses"" --num-video-sequence-samples 12 --skip-frame 1 --save-kpts-dir ""keypoints"" --record-reference-max-saves 1 --reference-capture-cooldown-frames 24 --disable-video-classifier --visualize-pose --auto-exit-after-reference --reference-search-max-frames 1800 --person-selection-mode ""most_motion"" --disable-structured-storage --reference-capture-mode ""best_window"" --ref-min-motion-energy 0.02 --ref-min-score-gate 0"
jab,right45,jab__right45,ready,https://www.youtube.com/watch?v=VljZoHO1OLk,https://www.youtube.com/watch?v=VljZoHO1OLk,https://www.youtube.com/watch?v=h4vQrtKr5F0,https://www.youtube.com/watch?v=wxZjcfMDZvw,https://www.youtube.com/watch?v=hNclexRmDsY,,,,auto: boxing jab tutorial right 45 degree view | Floyd Mayweather Fundamentals,jab,jab__right45,yes,"& ""python"" ""action_recognition.py"" --weights ""yolo26n-pose.pt"" --source ""https://www.youtube.com/watch?v=VljZoHO1OLk"" --record-reference ""jab__right45"" --target-technique ""jab"" --reference-dir ""reference_poses"" --num-video-sequence-samples 12 --skip-frame 1 --save-kpts-dir ""keypoints"" --record-reference-max-saves 1 --reference-capture-cooldown-frames 24 --disable-video-classifier --visualize-pose --auto-exit-after-reference --reference-search-max-frames 1800 --person-selection-mode ""most_motion"" --disable-structured-storage --reference-capture-mode ""best_window"" --ref-min-motion-energy 0.02 --ref-min-score-gate 0"
jab,side,jab__side,ready,https://www.youtube.com/watch?v=n-PBmzmeXSI,https://www.youtube.com/watch?v=n-PBmzmeXSI,https://www.youtube.com/watch?v=71nmi6nGcrY,https://www.youtube.com/watch?v=JhkqSCahsNY,https://www.youtube.com/watch?v=meUNR0SgSXw,,,,auto: boxing jab tutorial side view | The Basic Boxing Punches Explained | How & Why,jab,jab__side,yes,"& ""python"" ""action_recognition.py"" --weights ""yolo26n-pose.pt"" --source ""https://www.youtube.com/watch?v=n-PBmzmeXSI"" --record-reference ""jab__side"" --target-technique ""jab"" --reference-dir ""reference_poses"" --num-video-sequence-samples 12 --skip-frame 1 --save-kpts-dir ""keypoints"" --record-reference-max-saves 1 --reference-capture-cooldown-frames 24 --disable-video-classifier --visualize-pose --auto-exit-after-reference --reference-search-max-frames 1800 --person-selection-mode ""most_motion"" --disable-structured-storage --reference-capture-mode ""best_window"" --ref-min-motion-energy 0.02 --ref-min-score-gate 0"
cross,front,cross__front,ready,https://www.youtube.com/watch?v=sK-6Ujp3KYY,https://www.youtube.com/watch?v=sK-6Ujp3KYY,https://www.youtube.com/watch?v=n-PBmzmeXSI,https://www.youtube.com/watch?v=YsFK1MMDQgk,https://www.youtube.com/watch?v=JhkqSCahsNY,,,,auto: boxing cross punch tutorial front view | How to Throw the Perfect Cross (Right Hand / 2) in Boxing,cross,cross__front,yes,"& ""python"" ""action_recognition.py"" --weights ""yolo26n-pose.pt"" --source ""https://www.youtube.com/watch?v=sK-6Ujp3KYY"" --record-reference ""cross__front"" --target-technique ""cross"" --reference-dir ""reference_poses"" --num-video-sequence-samples 12 --skip-frame 1 --save-kpts-dir ""keypoints"" --record-reference-max-saves 1 --reference-capture-cooldown-frames 24 --disable-video-classifier --visualize-pose --auto-exit-after-reference --reference-search-max-frames 1800 --person-selection-mode ""most_motion"" --disable-structured-storage --reference-capture-mode ""best_window"" --ref-min-motion-energy 0.02 --ref-min-score-gate 0"
cross,left45,cross__left45,ready,https://www.youtube.com/watch?v=6KPs2tFATI0,https://www.youtube.com/watch?v=6KPs2tFATI0,https://www.youtube.com/watch?v=ce-lVnoUYTs,https://www.youtube.com/watch?v=-VDRBeu7zqM,https://www.youtube.com/watch?v=wxZjcfMDZvw,,,,auto: boxing cross punch tutorial left 45 degree view | Anderson Silva Cross Defense,cross,cross__left45,yes,"& ""python"" ""action_recognition.py"" --weights ""yolo26n-pose.pt"" --source ""https://www.youtube.com/watch?v=6KPs2tFATI0"" --record-reference ""cross__left45"" --target-technique ""cross"" --reference-dir ""reference_poses"" --num-video-sequence-samples 12 --skip-frame 1 --save-kpts-dir ""keypoints"" --record-reference-max-saves 1 --reference-capture-cooldown-frames 24 --disable-video-classifier --visualize-pose --auto-exit-after-reference --reference-search-max-frames 1800 --person-selection-mode ""most_motion"" --disable-structured-storage --reference-capture-mode ""best_window"" --ref-min-motion-energy 0.02 --ref-min-score-gate 0"
cross,right45,cross__right45,ready,https://www.youtube.com/watch?v=zl2bZwxM_ws,https://www.youtube.com/watch?v=zl2bZwxM_ws,https://www.youtube.com/watch?v=wxZjcfMDZvw,https://www.youtube.com/watch?v=-VDRBeu7zqM,https://www.youtube.com/watch?v=6KPs2tFATI0,,,,auto: boxing cross punch tutorial right 45 degree view | Joe Frazier Style Cross,cross,cross__right45,yes,"& ""python"" ""action_recognition.py"" --weights ""yolo26n-pose.pt"" --source ""https://www.youtube.com/watch?v=zl2bZwxM_ws"" --record-reference ""cross__right45"" --target-technique ""cross"" --reference-dir ""reference_poses"" --num-video-sequence-samples 12 --skip-frame 1 --save-kpts-dir ""keypoints"" --record-reference-max-saves 1 --reference-capture-cooldown-frames 24 --disable-video-classifier --visualize-pose --auto-exit-after-reference --reference-search-max-frames 1800 --person-selection-mode ""most_motion"" --disable-structured-storage --reference-capture-mode ""best_window"" --ref-min-motion-energy 0.02 --ref-min-score-gate 0"
cross,side,cross__side,ready,https://www.youtube.com/watch?v=YsFK1MMDQgk,https://www.youtube.com/watch?v=YsFK1MMDQgk,https://www.youtube.com/watch?v=JhkqSCahsNY,https://www.youtube.com/watch?v=n-PBmzmeXSI,https://www.youtube.com/watch?v=sK-6Ujp3KYY,,,,auto: boxing cross punch tutorial side view | Muhammad Ali Cross Technique Breakdown,cross,cross__side,yes,"& ""python"" ""action_recognition.py"" --weights ""yolo26n-pose.pt"" --source ""https://www.youtube.com/watch?v=YsFK1MMDQgk"" --record-reference ""cross__side"" --target-technique ""cross"" --reference-dir ""reference_poses"" --num-video-sequence-samples 12 --skip-frame 1 --save-kpts-dir ""keypoints"" --record-reference-max-saves 1 --reference-capture-cooldown-frames 24 --disable-video-classifier --visualize-pose --auto-exit-after-reference --reference-search-max-frames 1800 --person-selection-mode ""most_motion"" --disable-structured-storage --reference-capture-mode ""best_window"" --ref-min-motion-energy 0.02 --ref-min-score-gate 0"
hook,front,hook__front,ready,https://www.youtube.com/watch?v=MJmHnyBjC6s,https://www.youtube.com/watch?v=MJmHnyBjC6s,https://www.youtube.com/watch?v=JhkqSCahsNY,https://www.youtube.com/watch?v=gjKbtKhNoWA,https://www.youtube.com/watch?v=0gtMKaCJ5I8,,,,auto: boxing hook punch tutorial front view | How to throw the right hook in Boxing | Subscribe for more like this,hook,hook__front,yes,"& ""python"" ""action_recognition.py"" --weights ""yolo26n-pose.pt"" --source ""https://www.youtube.com/watch?v=MJmHnyBjC6s"" --record-reference ""hook__front"" --target-technique ""hook"" --reference-dir ""reference_poses"" --num-video-sequence-samples 12 --skip-frame 1 --save-kpts-dir ""keypoints"" --record-reference-max-saves 1 --reference-capture-cooldown-frames 24 --disable-video-classifier --visualize-pose --auto-exit-after-reference --reference-search-max-frames 1800 --person-selection-mode ""most_motion"" --disable-structured-storage --reference-capture-mode ""best_window"" --ref-min-motion-energy 0.02 --ref-min-score-gate 0"
hook,left45,hook__left45,ready,https://www.youtube.com/watch?v=gjKbtKhNoWA,https://www.youtube.com/watch?v=gjKbtKhNoWA,https://www.youtube.com/watch?v=hAOIr4G_QQk,https://www.youtube.com/watch?v=M1xSCbXdQEo,https://www.youtube.com/watch?v=ce-lVnoUYTs,,,,auto: boxing hook punch tutorial left 45 degree view | Mike Tyson Hook Power Mechanics,hook,hook__left45,yes,"& ""python"" ""action_recognition.py"" --weights ""yolo26n-pose.pt"" --source ""https://www.youtube.com/watch?v=gjKbtKhNoWA"" --record-reference ""hook__left45"" --target-technique ""hook"" --reference-dir ""reference_poses"" --num-video-sequence-samples 12 --skip-frame 1 --save-kpts-dir ""keypoints"" --record-reference-max-saves 1 --reference-capture-cooldown-frames 24 --disable-video-classifier --visualize-pose --auto-exit-after-reference --reference-search-max-frames 1800 --person-selection-mode ""most_motion"" --disable-structured-storage --reference-capture-mode ""best_window"" --ref-min-motion-energy 0.02 --ref-min-score-gate 0"
hook,right45,hook__right45,ready,https://www.youtube.com/watch?v=M1xSCbXdQEo,https://www.youtube.com/watch?v=M1xSCbXdQEo,https://www.youtube.com/watch?v=XzmfSbnMJtI,https://www.youtube.com/watch?v=hAOIr4G_QQk,https://www.youtube.com/watch?v=gjKbtKhNoWA,,,,auto: boxing hook punch tutorial right 45 degree view | Sugar Ray Robinson Hook Technique,hook,hook__right45,yes,"& ""python"" ""action_recognition.py"" --weights ""yolo26n-pose.pt"" --source ""https://www.youtube.com/watch?v=M1xSCbXdQEo"" --record-reference ""hook__right45"" --target-technique ""hook"" --reference-dir ""reference_poses"" --num-video-sequence-samples 12 --skip-frame 1 --save-kpts-dir ""keypoints"" --record-reference-max-saves 1 --reference-capture-cooldown-frames 24 --disable-video-classifier --visualize-pose --auto-exit-after-reference --reference-search-max-frames 1800 --person-selection-mode ""most_motion"" --disable-structured-storage --reference-capture-mode ""best_window"" --ref-min-motion-energy 0.02 --ref-min-score-gate 0"
hook,side,hook__side,ready,https://www.youtube.com/watch?v=XzmfSbnMJtI,https://www.youtube.com/watch?v=XzmfSbnMJtI,https://www.youtube.com/watch?v=0gtMKaCJ5I8,https://www.youtube.com/watch?v=n-PBmzmeXSI,https://www.youtube.com/watch?v=M1xSCbXdQEo,,,,auto: boxing hook punch tutorial side view | Lennox Lewis Hook Counter,hook,hook__side,yes,"& ""python"" ""action_recognition.py"" --weights ""yolo26n-pose.pt"" --source ""https://www.youtube.com/watch?v=XzmfSbnMJtI"" --record-reference ""hook__side"" --target-technique ""hook"" --reference-dir ""reference_poses"" --num-video-sequence-samples 12 --skip-frame 1 --save-kpts-dir ""keypoints"" --record-reference-max-saves 1 --reference-capture-cooldown-frames 24 --disable-video-classifier --visualize-pose --auto-exit-after-reference --reference-search-max-frames 1800 --person-selection-mode ""most_motion"" --disable-structured-storage --reference-capture-mode ""best_window"" --ref-min-motion-energy 0.02 --ref-min-score-gate 0"
uppercut,front,uppercut__front,ready,https://www.youtube.com/watch?v=eBxn21FtqPg,https://www.youtube.com/watch?v=eBxn21FtqPg,https://www.youtube.com/watch?v=JhkqSCahsNY,https://www.youtube.com/watch?v=VljZoHO1OLk,https://www.youtube.com/watch?v=zl2bZwxM_ws,,,,auto: boxing uppercut tutorial front view | The Correct Way to Throw Uppercut,uppercut,uppercut__front,yes,"& ""python"" ""action_recognition.py"" --weights ""yolo26n-pose.pt"" --source ""https://www.youtube.com/watch?v=eBxn21FtqPg"" --record-reference ""uppercut__front"" --target-technique ""uppercut"" --reference-dir ""reference_poses"" --num-video-sequence-samples 12 --skip-frame 1 --save-kpts-dir ""keypoints"" --record-reference-max-saves 1 --reference-capture-cooldown-frames 24 --disable-video-classifier --visualize-pose --auto-exit-after-reference --reference-search-max-frames 1800 --person-selection-mode ""most_motion"" --disable-structured-storage --reference-capture-mode ""best_window"" --ref-min-motion-energy 0.02 --ref-min-score-gate 0"
uppercut,left45,uppercut__left45,ready,https://www.youtube.com/watch?v=ApRBjb93FJ4,https://www.youtube.com/watch?v=ApRBjb93FJ4,https://www.youtube.com/watch?v=GxMOV3ibhWg,https://www.youtube.com/watch?v=VljZoHO1OLk,https://www.youtube.com/watch?v=6KPs2tFATI0,,,,auto: boxing uppercut tutorial left 45 degree view | Sugar Leonard Uppercut Power,uppercut,uppercut__left45,yes,"& ""python"" ""action_recognition.py"" --weights ""yolo26n-pose.pt"" --source ""https://www.youtube.com/watch?v=ApRBjb93FJ4"" --record-reference ""uppercut__left45"" --target-technique ""uppercut"" --reference-dir ""reference_poses"" --num-video-sequence-samples 12 --skip-frame 1 --save-kpts-dir ""keypoints"" --record-reference-max-saves 1 --reference-capture-cooldown-frames 24 --disable-video-classifier --visualize-pose --auto-exit-after-reference --reference-search-max-frames 1800 --person-selection-mode ""most_motion"" --disable-structured-storage --reference-capture-mode ""best_window"" --ref-min-motion-energy 0.02 --ref-min-score-gate 0"
uppercut,right45,uppercut__right45,ready,https://www.youtube.com/watch?v=DelgrO2MEiI,https://www.youtube.com/watch?v=DelgrO2MEiI,https://www.youtube.com/watch?v=GxMOV3ibhWg,https://www.youtube.com/watch?v=VljZoHO1OLk,https://www.youtube.com/watch?v=ApRBjb93FJ4,,,,auto: boxing uppercut tutorial right 45 degree view | Marvelous Marvin Hagler Uppercut Mastery,uppercut,uppercut__right45,yes,"& ""python"" ""action_recognition.py"" --weights ""yolo26n-pose.pt"" --source ""https://www.youtube.com/watch?v=DelgrO2MEiI"" --record-reference ""uppercut__right45"" --target-technique ""uppercut"" --reference-dir ""reference_poses"" --num-video-sequence-samples 12 --skip-frame 1 --save-kpts-dir ""keypoints"" --record-reference-max-saves 1 --reference-capture-cooldown-frames 24 --disable-video-classifier --visualize-pose --auto-exit-after-reference --reference-search-max-frames 1800 --person-selection-mode ""most_motion"" --disable-structured-storage --reference-capture-mode ""best_window"" --ref-min-motion-energy 0.02 --ref-min-score-gate 0"
uppercut,side,uppercut__side,ready,https://www.youtube.com/watch?v=meUNR0SgSXw,https://www.youtube.com/watch?v=meUNR0SgSXw,https://www.youtube.com/watch?v=eBxn21FtqPg,https://www.youtube.com/watch?v=GxMOV3ibhWg,https://www.youtube.com/watch?v=ApRBjb93FJ4,,,,auto: boxing uppercut tutorial side view | Evander Holyfield Uppercut Strategy,uppercut,uppercut__side,yes,"& ""python"" ""action_recognition.py"" --weights ""yolo26n-pose.pt"" --source ""https://www.youtube.com/watch?v=meUNR0SgSXw"" --record-reference ""uppercut__side"" --target-technique ""uppercut"" --reference-dir ""reference_poses"" --num-video-sequence-samples 12 --skip-frame 1 --save-kpts-dir ""keypoints"" --record-reference-max-saves 1 --reference-capture-cooldown-frames 24 --disable-video-classifier --visualize-pose --auto-exit-after-reference --reference-search-max-frames 1800 --person-selection-mode ""most_motion"" --disable-structured-storage --reference-capture-mode ""best_window"" --ref-min-motion-energy 0.02 --ref-min-score-gate 0"
front_kick,front,front_kick__front,ready,https://www.youtube.com/watch?v=ZIg1bG0Iin4,https://www.youtube.com/watch?v=ZIg1bG0Iin4,https://www.youtube.com/watch?v=eg7LpOr5yzY,https://www.youtube.com/watch?v=aWjz5NgzhTw,https://www.youtube.com/watch?v=6km5zupr8JY,,,,auto: martial arts front kick tutorial front view | Jesse Enkamp Karate Front Kick,front_kick,front_kick__front,yes,"& ""python"" ""action_recognition.py"" --weights ""yolo26n-pose.pt"" --source ""https://www.youtube.com/watch?v=ZIg1bG0Iin4"" --record-reference ""front_kick__front"" --target-technique ""front_kick"" --reference-dir ""reference_poses"" --num-video-sequence-samples 12 --skip-frame 1 --save-kpts-dir ""keypoints"" --record-reference-max-saves 1 --reference-capture-cooldown-frames 24 --disable-video-classifier --visualize-pose --auto-exit-after-reference --reference-search-max-frames 1800 --person-selection-mode ""most_motion"" --disable-structured-storage --reference-capture-mode ""best_window"" --ref-min-motion-energy 0.02 --ref-min-score-gate 0"
front_kick,left45,front_kick__left45,ready,https://www.youtube.com/watch?v=nOJxkCkxVSs,https://www.youtube.com/watch?v=nOJxkCkxVSs,https://www.youtube.com/watch?v=me9y-Uz6otg,https://www.youtube.com/watch?v=rMBC4Tc_ZKw,https://www.youtube.com/watch?v=gih8JPD-9KU,,,,auto: martial arts front kick tutorial left 45 degree view | Anderson Silva Front Kick Defense,front_kick,front_kick__left45,yes,"& ""python"" ""action_recognition.py"" --weights ""yolo26n-pose.pt"" --source ""https://www.youtube.com/watch?v=nOJxkCkxVSs"" --record-reference ""front_kick__left45"" --target-technique ""front_kick"" --reference-dir ""reference_poses"" --num-video-sequence-samples 12 --skip-frame 1 --save-kpts-dir ""keypoints"" --record-reference-max-saves 1 --reference-capture-cooldown-frames 24 --disable-video-classifier --visualize-pose --auto-exit-after-reference --reference-search-max-frames 1800 --person-selection-mode ""most_motion"" --disable-structured-storage --reference-capture-mode ""best_window"" --ref-min-motion-energy 0.02 --ref-min-score-gate 0"
front_kick,right45,front_kick__right45,ready,https://www.youtube.com/watch?v=LqHUf0H6bb4,https://www.youtube.com/watch?v=LqHUf0H6bb4,https://www.youtube.com/watch?v=CO4S2daMICk,https://www.youtube.com/watch?v=f-0cCiOIJn4,https://www.youtube.com/watch?v=IlQKAsPwl7I,,,,auto: martial arts front kick tutorial right 45 degree view | Liam Harrison Front Kick Angles,front_kick,front_kick__right45,yes,"& ""python"" ""action_recognition.py"" --weights ""yolo26n-pose.pt"" --source ""https://www.youtube.com/watch?v=LqHUf0H6bb4"" --record-reference ""front_kick__right45"" --target-technique ""front_kick"" --reference-dir ""reference_poses"" --num-video-sequence-samples 12 --skip-frame 1 --save-kpts-dir ""keypoints"" --record-reference-max-saves 1 --reference-capture-cooldown-frames 24 --disable-video-classifier --visualize-pose --auto-exit-after-reference --reference-search-max-frames 1800 --person-selection-mode ""most_motion"" --disable-structured-storage --reference-capture-mode ""best_window"" --ref-min-motion-energy 0.02 --ref-min-score-gate 0"
front_kick,side,front_kick__side,ready,https://www.youtube.com/watch?v=WV_OH8cuJFw,https://www.youtube.com/watch?v=WV_OH8cuJFw,https://www.youtube.com/watch?v=aWjz5NgzhTw,https://www.youtube.com/watch?v=o6DNgVL99SA,https://www.youtube.com/watch?v=CqCYfyoo9vg,,,,auto: martial arts front kick tutorial side view | Shotokan Karate Front Kick Details,front_kick,front_kick__side,yes,"& ""python"" ""action_recognition.py"" --weights ""yolo26n-pose.pt"" --source ""https://www.youtube.com/watch?v=WV_OH8cuJFw"" --record-reference ""front_kick__side"" --target-technique ""front_kick"" --reference-dir ""reference_poses"" --num-video-sequence-samples 12 --skip-frame 1 --save-kpts-dir ""keypoints"" --record-reference-max-saves 1 --reference-capture-cooldown-frames 24 --disable-video-classifier --visualize-pose --auto-exit-after-reference --reference-search-max-frames 1800 --person-selection-mode ""most_motion"" --disable-structured-storage --reference-capture-mode ""best_window"" --ref-min-motion-energy 0.02 --ref-min-score-gate 0"
roundhouse_kick,front,roundhouse_kick__front,ready,https://www.youtube.com/watch?v=BEYGp-npoHc,https://www.youtube.com/watch?v=BEYGp-npoHc,https://www.youtube.com/watch?v=KrR-58vvMnY,https://www.youtube.com/watch?v=4NpVUMwVjyg,https://www.youtube.com/watch?v=DbEwDrTlz_g,,,,auto: martial arts roundhouse kick tutorial front view | Scott Adkins Lead Round Kick Tutorial,roundhouse_kick,roundhouse_kick__front,yes,"& ""python"" ""action_recognition.py"" --weights ""yolo26n-pose.pt"" --source ""https://www.youtube.com/watch?v=BEYGp-npoHc"" --record-reference ""roundhouse_kick__front"" --target-technique ""roundhouse_kick"" --reference-dir ""reference_poses"" --num-video-sequence-samples 12 --skip-frame 1 --save-kpts-dir ""keypoints"" --record-reference-max-saves 1 --reference-capture-cooldown-frames 24 --disable-video-classifier --visualize-pose --auto-exit-after-reference --reference-search-max-frames 1800 --person-selection-mode ""most_motion"" --disable-structured-storage --reference-capture-mode ""best_window"" --ref-min-motion-energy 0.02 --ref-min-score-gate 0"
roundhouse_kick,left45,roundhouse_kick__left45,ready,https://www.youtube.com/watch?v=Bp_QVO7kYtg,https://www.youtube.com/watch?v=Bp_QVO7kYtg,https://www.youtube.com/watch?v=BBSV6f2JNEA,https://www.youtube.com/watch?v=UlkqKZBPNdc,https://www.youtube.com/watch?v=0ZlSlVtm-7Y,,,,auto: martial arts roundhouse kick tutorial left 45 degree view | 5 Common Muay Thai Roundhouse Mistakes: Perfect Your Kick,roundhouse_kick,roundhouse_kick__left45,yes,"& ""python"" ""action_recognition.py"" --weights ""yolo26n-pose.pt"" --source ""https://www.youtube.com/watch?v=Bp_QVO7kYtg"" --record-reference ""roundhouse_kick__left45"" --target-technique ""roundhouse_kick"" --reference-dir ""reference_poses"" --num-video-sequence-samples 12 --skip-frame 1 --save-kpts-dir ""keypoints"" --record-reference-max-saves 1 --reference-capture-cooldown-frames 24 --disable-video-classifier --visualize-pose --auto-exit-after-reference --reference-search-max-frames 1800 --person-selection-mode ""most_motion"" --disable-structured-storage --reference-capture-mode ""best_window"" --ref-min-motion-energy 0.02 --ref-min-score-gate 0"
roundhouse_kick,right45,roundhouse_kick__right45,ready,https://www.youtube.com/watch?v=IlQKAsPwl7I,https://www.youtube.com/watch?v=IlQKAsPwl7I,https://www.youtube.com/watch?v=eQFo1L9g4Sc,https://www.youtube.com/watch?v=Bp_QVO7kYtg,https://www.youtube.com/watch?v=f-0cCiOIJn4,,,,auto: martial arts roundhouse kick tutorial right 45 degree view | Anderson Silva Roundhouse Defense,roundhouse_kick,roundhouse_kick__right45,yes,"& ""python"" ""action_recognition.py"" --weights ""yolo26n-pose.pt"" --source ""https://www.youtube.com/watch?v=IlQKAsPwl7I"" --record-reference ""roundhouse_kick__right45"" --target-technique ""roundhouse_kick"" --reference-dir ""reference_poses"" --num-video-sequence-samples 12 --skip-frame 1 --save-kpts-dir ""keypoints"" --record-reference-max-saves 1 --reference-capture-cooldown-frames 24 --disable-video-classifier --visualize-pose --auto-exit-after-reference --reference-search-max-frames 1800 --person-selection-mode ""most_motion"" --disable-structured-storage --reference-capture-mode ""best_window"" --ref-min-motion-energy 0.02 --ref-min-score-gate 0"
roundhouse_kick,side,roundhouse_kick__side,ready,https://www.youtube.com/watch?v=KrR-58vvMnY,https://www.youtube.com/watch?v=KrR-58vvMnY,https://www.youtube.com/watch?v=Bp_QVO7kYtg,https://www.youtube.com/watch?v=W1uzggUF4Ns,https://www.youtube.com/watch?v=BEYGp-npoHc,,,,auto: martial arts roundhouse kick tutorial side view | HOW TO DO A KARATE ROUNDHOUSE KICK | Tutorial,roundhouse_kick,roundhouse_kick__side,yes,"& ""python"" ""action_recognition.py"" --weights ""yolo26n-pose.pt"" --source ""https://www.youtube.com/watch?v=KrR-58vvMnY"" --record-reference ""roundhouse_kick__side"" --target-technique ""roundhouse_kick"" --reference-dir ""reference_poses"" --num-video-sequence-samples 12 --skip-frame 1 --save-kpts-dir ""keypoints"" --record-reference-max-saves 1 --reference-capture-cooldown-frames 24 --disable-video-classifier --visualize-pose --auto-exit-after-reference --reference-search-max-frames 1800 --person-selection-mode ""most_motion"" --disable-structured-storage --reference-capture-mode ""best_window"" --ref-min-motion-energy 0.02 --ref-min-score-gate 0"
side_kick,front,side_kick__front,ready,https://www.youtube.com/watch?v=8ZzAEfRlB_s,https://www.youtube.com/watch?v=8ZzAEfRlB_s,https://www.youtube.com/watch?v=2H0qIAH-T6M,https://www.youtube.com/watch?v=98boTtEjgfw,https://www.youtube.com/watch?v=SXVlx7Jqxj8,,,,auto: martial arts side kick tutorial front view | Amazing SIDE KICK Exercise (Yoko Geri) by Jesse Enkamp,side_kick,side_kick__front,yes,"& ""python"" ""action_recognition.py"" --weights ""yolo26n-pose.pt"" --source ""https://www.youtube.com/watch?v=8ZzAEfRlB_s"" --record-reference ""side_kick__front"" --target-technique ""side_kick"" --reference-dir ""reference_poses"" --num-video-sequence-samples 12 --skip-frame 1 --save-kpts-dir ""keypoints"" --record-reference-max-saves 1 --reference-capture-cooldown-frames 24 --disable-video-classifier --visualize-pose --auto-exit-after-reference --reference-search-max-frames 1800 --person-selection-mode ""most_motion"" --disable-structured-storage --reference-capture-mode ""best_window"" --ref-min-motion-energy 0.02 --ref-min-score-gate 0"
side_kick,left45,side_kick__left45,ready,https://www.youtube.com/watch?v=1p_koHemyuA,https://www.youtube.com/watch?v=1p_koHemyuA,https://www.youtube.com/watch?v=gih8JPD-9KU,https://www.youtube.com/watch?v=9puCMIjaDJk,https://www.youtube.com/watch?v=KFP7fyMxgBY,,,,auto: martial arts side kick tutorial left 45 degree view | Petchboonchu Side Kick Precision,side_kick,side_kick__left45,yes,"& ""python"" ""action_recognition.py"" --weights ""yolo26n-pose.pt"" --source ""https://www.youtube.com/watch?v=1p_koHemyuA"" --record-reference ""side_kick__left45"" --target-technique ""side_kick"" --reference-dir ""reference_poses"" --num-video-sequence-samples 12 --skip-frame 1 --save-kpts-dir ""keypoints"" --record-reference-max-saves 1 --reference-capture-cooldown-frames 24 --disable-video-classifier --visualize-pose --auto-exit-after-reference --reference-search-max-frames 1800 --person-selection-mode ""most_motion"" --disable-structured-storage --reference-capture-mode ""best_window"" --ref-min-motion-energy 0.02 --ref-min-score-gate 0"
side_kick,right45,side_kick__right45,ready,https://www.youtube.com/watch?v=98boTtEjgfw,https://www.youtube.com/watch?v=98boTtEjgfw,https://www.youtube.com/watch?v=f-0cCiOIJn4,https://www.youtube.com/watch?v=9puCMIjaDJk,https://www.youtube.com/watch?v=IlQKAsPwl7I,,,,auto: martial arts side kick tutorial right 45 degree view | Master Lee Taekwondo Side Kick,side_kick,side_kick__right45,yes,"& ""python"" ""action_recognition.py"" --weights ""yolo26n-pose.pt"" --source ""https://www.youtube.com/watch?v=98boTtEjgfw"" --record-reference ""side_kick__right45"" --target-technique ""side_kick"" --reference-dir ""reference_poses"" --num-video-sequence-samples 12 --skip-frame 1 --save-kpts-dir ""keypoints"" --record-reference-max-saves 1 --reference-capture-cooldown-frames 24 --disable-video-classifier --visualize-pose --auto-exit-after-reference --reference-search-max-frames 1800 --person-selection-mode ""most_motion"" --disable-structured-storage --reference-capture-mode ""best_window"" --ref-min-motion-energy 0.02 --ref-min-score-gate 0"
side_kick,side,side_kick__side,ready,https://www.youtube.com/watch?v=2H0qIAH-T6M,https://www.youtube.com/watch?v=2H0qIAH-T6M,https://www.youtube.com/watch?v=NEezqiKiwYQ,https://www.youtube.com/watch?v=cp-tgi-UpJs,https://www.youtube.com/watch?v=KmguN31UgGc,,,,auto: martial arts side kick tutorial side view | Side Kick Tutorial Video - Martial Arts Training,side_kick,side_kick__side,yes,"& ""python"" ""action_recognition.py"" --weights ""yolo26n-pose.pt"" --source ""https://www.youtube.com/watch?v=2H0qIAH-T6M"" --record-reference ""side_kick__side"" --target-technique ""side_kick"" --reference-dir ""reference_poses"" --num-video-sequence-samples 12 --skip-frame 1 --save-kpts-dir ""keypoints"" --record-reference-max-saves 1 --reference-capture-cooldown-frames 24 --disable-video-classifier --visualize-pose --auto-exit-after-reference --reference-search-max-frames 1800 --person-selection-mode ""most_motion"" --disable-structured-storage --reference-capture-mode ""best_window"" --ref-min-motion-energy 0.02 --ref-min-score-gate 0"
back_kick,front,back_kick__front,ready,https://www.youtube.com/watch?v=5pSKO3LiItU,https://www.youtube.com/watch?v=5pSKO3LiItU,https://www.youtube.com/watch?v=dxCo39YyJz4,https://www.youtube.com/watch?v=zmHHa5ImzX0,https://www.youtube.com/watch?v=6jEoWCiMTI8,,,,auto: martial arts back kick tutorial front view | Back kick tutorial full motion Taekwondo / Martial arts / 태권도 / kick / 킥,back_kick,back_kick__front,yes,"& ""python"" ""action_recognition.py"" --weights ""yolo26n-pose.pt"" --source ""https://www.youtube.com/watch?v=5pSKO3LiItU"" --record-reference ""back_kick__front"" --target-technique ""back_kick"" --reference-dir ""reference_poses"" --num-video-sequence-samples 12 --skip-frame 1 --save-kpts-dir ""keypoints"" --record-reference-max-saves 1 --reference-capture-cooldown-frames 24 --disable-video-classifier --visualize-pose --auto-exit-after-reference --reference-search-max-frames 1800 --person-selection-mode ""most_motion"" --disable-structured-storage --reference-capture-mode ""best_window"" --ref-min-motion-energy 0.02 --ref-min-score-gate 0"
back_kick,left45,back_kick__left45,ready,https://www.youtube.com/watch?v=aV0QCW4vf1g,https://www.youtube.com/watch?v=aV0QCW4vf1g,https://www.youtube.com/watch?v=me9y-Uz6otg,https://www.youtube.com/watch?v=gih8JPD-9KU,https://www.youtube.com/watch?v=9puCMIjaDJk,,,,auto: martial arts back kick tutorial left 45 degree view | 1st perfect 45 turning long kick,back_kick,back_kick__left45,yes,"& ""python"" ""action_recognition.py"" --weights ""yolo26n-pose.pt"" --source ""https://www.youtube.com/watch?v=aV0QCW4vf1g"" --record-reference ""back_kick__left45"" --target-technique ""back_kick"" --reference-dir ""reference_poses"" --num-video-sequence-samples 12 --skip-frame 1 --save-kpts-dir ""keypoints"" --record-reference-max-saves 1 --reference-capture-cooldown-frames 24 --disable-video-classifier --visualize-pose --auto-exit-after-reference --reference-search-max-frames 1800 --person-selection-mode ""most_motion"" --disable-structured-storage --reference-capture-mode ""best_window"" --ref-min-motion-energy 0.02 --ref-min-score-gate 0"
back_kick,right45,back_kick__right45,ready,https://www.youtube.com/watch?v=LqHUf0H6bb4,https://www.youtube.com/watch?v=LqHUf0H6bb4,https://www.youtube.com/watch?v=eQFo1L9g4Sc,https://www.youtube.com/watch?v=9puCMIjaDJk,https://www.youtube.com/watch?v=IlQKAsPwl7I,,,,auto: martial arts back kick tutorial right 45 degree view | Striking Fundamentals: 45 Degree Kick,back_kick,back_kick__right45,yes,"& ""python"" ""action_recognition.py"" --weights ""yolo26n-pose.pt"" --source ""https://www.youtube.com/watch?v=LqHUf0H6bb4"" --record-reference ""back_kick__right45"" --target-technique ""back_kick"" --reference-dir ""reference_poses"" --num-video-sequence-samples 12 --skip-frame 1 --save-kpts-dir ""keypoints"" --record-reference-max-saves 1 --reference-capture-cooldown-frames 24 --disable-video-classifier --visualize-pose --auto-exit-after-reference --reference-search-max-frames 1800 --person-selection-mode ""most_motion"" --disable-structured-storage --reference-capture-mode ""best_window"" --ref-min-motion-energy 0.02 --ref-min-score-gate 0"
back_kick,side,back_kick__side,ready,https://www.youtube.com/watch?v=a7LsNhMOlMc,https://www.youtube.com/watch?v=a7LsNhMOlMc,https://www.youtube.com/watch?v=5pSKO3LiItU,https://www.youtube.com/watch?v=Kuq1H1Y-BCA,https://www.youtube.com/watch?v=8xM4K4YamM0,,,,auto: martial arts back kick tutorial side view | Spinning Back Kick Break (6 Boards),back_kick,back_kick__side,yes,"& ""python"" ""action_recognition.py"" --weights ""yolo26n-pose.pt"" --source ""https://www.youtube.com/watch?v=a7LsNhMOlMc"" --record-reference ""back_kick__side"" --target-technique ""back_kick"" --reference-dir ""reference_poses"" --num-video-sequence-samples 12 --skip-frame 1 --save-kpts-dir ""keypoints"" --record-reference-max-saves 1 --reference-capture-cooldown-frames 24 --disable-video-classifier --visualize-pose --auto-exit-after-reference --reference-search-max-frames 1800 --person-selection-mode ""most_motion"" --disable-structured-storage --reference-capture-mode ""best_window"" --ref-min-motion-energy 0.02 --ref-min-score-gate 0"
spinning_back_kick,front,spinning_back_kick__front,ready,https://www.youtube.com/watch?v=81PkDXrPqFI,https://www.youtube.com/watch?v=81PkDXrPqFI,https://www.youtube.com/watch?v=a7LsNhMOlMc,https://www.youtube.com/watch?v=gOxRrX6tCGg,https://www.youtube.com/watch?v=FmbDkWru1UY,,,,auto: martial arts spinning back kick tutorial front view | How to Land a Spinning Back Kick,spinning_back_kick,spinning_back_kick__front,yes,"& ""python"" ""action_recognition.py"" --weights ""yolo26n-pose.pt"" --source ""https://www.youtube.com/watch?v=81PkDXrPqFI"" --record-reference ""spinning_back_kick__front"" --target-technique ""spinning_back_kick"" --reference-dir ""reference_poses"" --num-video-sequence-samples 12 --skip-frame 1 --save-kpts-dir ""keypoints"" --record-reference-max-saves 1 --reference-capture-cooldown-frames 24 --disable-video-classifier --visualize-pose --auto-exit-after-reference --reference-search-max-frames 1800 --person-selection-mode ""most_motion"" --disable-structured-storage --reference-capture-mode ""best_window"" --ref-min-motion-energy 0.02 --ref-min-score-gate 0"
spinning_back_kick,left45,spinning_back_kick__left45,ready,https://www.youtube.com/watch?v=BDORUMu__is,https://www.youtube.com/watch?v=BDORUMu__is,https://www.youtube.com/watch?v=IuQeTww3c3o,https://www.youtube.com/watch?v=Z9R8kn6c3kM,https://www.youtube.com/watch?v=NMICZNCv4hE,,,,auto: martial arts spinning back kick tutorial left 45 degree view | TORNADO KICK - 3 EASY STEPS | TKD,spinning_back_kick,spinning_back_kick__left45,yes,"& ""python"" ""action_recognition.py"" --weights ""yolo26n-pose.pt"" --source ""https://www.youtube.com/watch?v=BDORUMu__is"" --record-reference ""spinning_back_kick__left45"" --target-technique ""spinning_back_kick"" --reference-dir ""reference_poses"" --num-video-sequence-samples 12 --skip-frame 1 --save-kpts-dir ""keypoints"" --record-reference-max-saves 1 --reference-capture-cooldown-frames 24 --disable-video-classifier --visualize-pose --auto-exit-after-reference --reference-search-max-frames 1800 --person-selection-mode ""most_motion"" --disable-structured-storage --reference-capture-mode ""best_window"" --ref-min-motion-energy 0.02 --ref-min-score-gate 0"
spinning_back_kick,right45,spinning_back_kick__right45,ready,https://www.youtube.com/watch?v=IuQeTww3c3o,https://www.youtube.com/watch?v=IuQeTww3c3o,https://www.youtube.com/watch?v=BDORUMu__is,https://www.youtube.com/watch?v=f-0cCiOIJn4,https://www.youtube.com/watch?v=Z9R8kn6c3kM,,,,auto: martial arts spinning back kick tutorial right 45 degree view | Easy and Effective Tornado Kick Tutorial!! Spinning Kick 101,spinning_back_kick,spinning_back_kick__right45,yes,"& ""python"" ""action_recognition.py"" --weights ""yolo26n-pose.pt"" --source ""https://www.youtube.com/watch?v=IuQeTww3c3o"" --record-reference ""spinning_back_kick__right45"" --target-technique ""spinning_back_kick"" --reference-dir ""reference_poses"" --num-video-sequence-samples 12 --skip-frame 1 --save-kpts-dir ""keypoints"" --record-reference-max-saves 1 --reference-capture-cooldown-frames 24 --disable-video-classifier --visualize-pose --auto-exit-after-reference --reference-search-max-frames 1800 --person-selection-mode ""most_motion"" --disable-structured-storage --reference-capture-mode ""best_window"" --ref-min-motion-energy 0.02 --ref-min-score-gate 0"
spinning_back_kick,side,spinning_back_kick__side,ready,https://www.youtube.com/watch?v=uTuugDIWjNQ,https://www.youtube.com/watch?v=uTuugDIWjNQ,https://www.youtube.com/watch?v=MUxGUOXwHW0,https://www.youtube.com/watch?v=a7LsNhMOlMc,https://www.youtube.com/watch?v=gOxRrX6tCGg,,,,auto: martial arts spinning back kick tutorial side view | How to Fix Your Spinning Back Kick / Turning Side Kick,spinning_back_kick,spinning_back_kick__side,yes,"& ""python"" ""action_recognition.py"" --weights ""yolo26n-pose.pt"" --source ""https://www.youtube.com/watch?v=uTuugDIWjNQ"" --record-reference ""spinning_back_kick__side"" --target-technique ""spinning_back_kick"" --reference-dir ""reference_poses"" --num-video-sequence-samples 12 --skip-frame 1 --save-kpts-dir ""keypoints"" --record-reference-max-saves 1 --reference-capture-cooldown-frames 24 --disable-video-classifier --visualize-pose --auto-exit-after-reference --reference-search-max-frames 1800 --person-selection-mode ""most_motion"" --disable-structured-storage --reference-capture-mode ""best_window"" --ref-min-motion-energy 0.02 --ref-min-score-gate 0"
knee_strike,front,knee_strike__front,ready,https://www.youtube.com/watch?v=XzXUM6i9Qdw,https://www.youtube.com/watch?v=XzXUM6i9Qdw,https://www.youtube.com/watch?v=s3XTFR1ihBY,https://www.youtube.com/watch?v=-9GdYh_YoJo,https://www.youtube.com/watch?v=cdCB1s52fY0,,,,auto: muay thai knee strike tutorial front view | Muay Thai Basics: Knees - AKA Techniques,knee_strike,knee_strike__front,yes,"& ""python"" ""action_recognition.py"" --weights ""yolo26n-pose.pt"" --source ""https://www.youtube.com/watch?v=XzXUM6i9Qdw"" --record-reference ""knee_strike__front"" --target-technique ""knee_strike"" --reference-dir ""reference_poses"" --num-video-sequence-samples 12 --skip-frame 1 --save-kpts-dir ""keypoints"" --record-reference-max-saves 1 --reference-capture-cooldown-frames 24 --disable-video-classifier --visualize-pose --auto-exit-after-reference --reference-search-max-frames 1800 --person-selection-mode ""most_motion"" --disable-structured-storage --reference-capture-mode ""best_window"" --ref-min-motion-energy 0.02 --ref-min-score-gate 0"
knee_strike,left45,knee_strike__left45,ready,https://www.youtube.com/watch?v=BBSV6f2JNEA,https://www.youtube.com/watch?v=BBSV6f2JNEA,https://www.youtube.com/watch?v=pPmnlFqhRfw,https://www.youtube.com/watch?v=UlkqKZBPNdc,https://www.youtube.com/watch?v=me9y-Uz6otg,,,,auto: muay thai knee strike tutorial left 45 degree view | Liam Harrison Knee Fundamentals,knee_strike,knee_strike__left45,yes,"& ""python"" ""action_recognition.py"" --weights ""yolo26n-pose.pt"" --source ""https://www.youtube.com/watch?v=BBSV6f2JNEA"" --record-reference ""knee_strike__left45"" --target-technique ""knee_strike"" --reference-dir ""reference_poses"" --num-video-sequence-samples 12 --skip-frame 1 --save-kpts-dir ""keypoints"" --record-reference-max-saves 1 --reference-capture-cooldown-frames 24 --disable-video-classifier --visualize-pose --auto-exit-after-reference --reference-search-max-frames 1800 --person-selection-mode ""most_motion"" --disable-structured-storage --reference-capture-mode ""best_window"" --ref-min-motion-energy 0.02 --ref-min-score-gate 0"
knee_strike,right45,knee_strike__right45,ready,https://www.youtube.com/watch?v=0ZlSlVtm-7Y,https://www.youtube.com/watch?v=0ZlSlVtm-7Y,https://www.youtube.com/watch?v=CO4S2daMICk,https://www.youtube.com/watch?v=pPmnlFqhRfw,https://www.youtube.com/watch?v=BBSV6f2JNEA,,,,auto: muay thai knee strike tutorial right 45 degree view | Top 3 Ways To Land A Clean Body Kick | EXCLUSIVE CONTENT FROM LIAMHARRISONTRAINING.COM,knee_strike,knee_strike__right45,yes,"& ""python"" ""action_recognition.py"" --weights ""yolo26n-pose.pt"" --source ""https://www.youtube.com/watch?v=0ZlSlVtm-7Y"" --record-reference ""knee_strike__right45"" --target-technique ""knee_strike"" --reference-dir ""reference_poses"" --num-video-sequence-samples 12 --skip-frame 1 --save-kpts-dir ""keypoints"" --record-reference-max-saves 1 --reference-capture-cooldown-frames 24 --disable-video-classifier --visualize-pose --auto-exit-after-reference --reference-search-max-frames 1800 --person-selection-mode ""most_motion"" --disable-structured-storage --reference-capture-mode ""best_window"" --ref-min-motion-energy 0.02 --ref-min-score-gate 0"
knee_strike,side,knee_strike__side,ready,https://www.youtube.com/watch?v=SD2PvP-jVds,https://www.youtube.com/watch?v=SD2PvP-jVds,https://www.youtube.com/watch?v=7TP2fMacFoc,https://www.youtube.com/watch?v=jMY-jEP_I7U,https://www.youtube.com/watch?v=fJx-x0Rnv_k,,,,auto: muay thai knee strike tutorial side view | Dominate the Muay Thai Clinch with Petchboonchu,knee_strike,knee_strike__side,yes,"& ""python"" ""action_recognition.py"" --weights ""yolo26n-pose.pt"" --source ""https://www.youtube.com/watch?v=SD2PvP-jVds"" --record-reference ""knee_strike__side"" --target-technique ""knee_strike"" --reference-dir ""reference_poses"" --num-video-sequence-samples 12 --skip-frame 1 --save-kpts-dir ""keypoints"" --record-reference-max-saves 1 --reference-capture-cooldown-frames 24 --disable-video-classifier --visualize-pose --auto-exit-after-reference --reference-search-max-frames 1800 --person-selection-mode ""most_motion"" --disable-structured-storage --reference-capture-mode ""best_window"" --ref-min-motion-energy 0.02 --ref-min-score-gate 0"
elbow_strike,front,elbow_strike__front,ready,https://www.youtube.com/watch?v=fVeGKwcp700,https://www.youtube.com/watch?v=fVeGKwcp700,https://www.youtube.com/watch?v=fdsiCeQjHUo,https://www.youtube.com/watch?v=mp771sLeuQs,https://www.youtube.com/watch?v=ZWh2W3QuOUQ,,,,auto: muay thai elbow strike tutorial front view | Do you REALLY know how to elbow ?,elbow_strike,elbow_strike__front,yes,"& ""python"" ""action_recognition.py"" --weights ""yolo26n-pose.pt"" --source ""https://www.youtube.com/watch?v=fVeGKwcp700"" --record-reference ""elbow_strike__front"" --target-technique ""elbow_strike"" --reference-dir ""reference_poses"" --num-video-sequence-samples 12 --skip-frame 1 --save-kpts-dir ""keypoints"" --record-reference-max-saves 1 --reference-capture-cooldown-frames 24 --disable-video-classifier --visualize-pose --auto-exit-after-reference --reference-search-max-frames 1800 --person-selection-mode ""most_motion"" --disable-structured-storage --reference-capture-mode ""best_window"" --ref-min-motion-energy 0.02 --ref-min-score-gate 0"
elbow_strike,left45,elbow_strike__left45,ready,https://www.youtube.com/watch?v=P0myRA_s77Y,https://www.youtube.com/watch?v=P0myRA_s77Y,https://www.youtube.com/watch?v=mp771sLeuQs,https://www.youtube.com/watch?v=Mz74FPeyTBc,https://www.youtube.com/watch?v=Q0vhmmAhWfA,,,,auto: muay thai elbow strike tutorial left 45 degree view | Anderson Silva Elbow Mastery,elbow_strike,elbow_strike__left45,yes,"& ""python"" ""action_recognition.py"" --weights ""yolo26n-pose.pt"" --source ""https://www.youtube.com/watch?v=P0myRA_s77Y"" --record-reference ""elbow_strike__left45"" --target-technique ""elbow_strike"" --reference-dir ""reference_poses"" --num-video-sequence-samples 12 --skip-frame 1 --save-kpts-dir ""keypoints"" --record-reference-max-saves 1 --reference-capture-cooldown-frames 24 --disable-video-classifier --visualize-pose --auto-exit-after-reference --reference-search-max-frames 1800 --person-selection-mode ""most_motion"" --disable-structured-storage --reference-capture-mode ""best_window"" --ref-min-motion-energy 0.02 --ref-min-score-gate 0"
elbow_strike,right45,elbow_strike__right45,ready,https://www.youtube.com/watch?v=Mz74FPeyTBc,https://www.youtube.com/watch?v=Mz74FPeyTBc,https://www.youtube.com/watch?v=Q0vhmmAhWfA,https://www.youtube.com/watch?v=P0myRA_s77Y,https://www.youtube.com/watch?v=mp771sLeuQs,,,,"auto: muay thai elbow strike tutorial right 45 degree view | Yodsanklai MW Elbow Technique",elbow_strike,elbow_strike__right45,yes,"& ""python"" ""action_recognition.py"" --weights ""yolo26n-pose.pt"" --source ""https://www.youtube.com/watch?v=Mz74FPeyTBc"" --record-reference ""elbow_strike__right45"" --target-technique ""elbow_strike"" --reference-dir ""reference_poses"" --num-video-sequence-samples 12 --skip-frame 1 --save-kpts-dir ""keypoints"" --record-reference-max-saves 1 --reference-capture-cooldown-frames 24 --disable-video-classifier --visualize-pose --auto-exit-after-reference --reference-search-max-frames 1800 --person-selection-mode ""most_motion"" --disable-structured-storage --reference-capture-mode ""best_window"" --ref-min-motion-energy 0.02 --ref-min-score-gate 0"
elbow_strike,side,elbow_strike__side,ready,https://www.youtube.com/watch?v=b2EaxgTDWZc,https://www.youtube.com/watch?v=b2EaxgTDWZc,https://www.youtube.com/watch?v=fVeGKwcp700,https://www.youtube.com/watch?v=ZWh2W3QuOUQ,https://www.youtube.com/watch?v=mp771sLeuQs,,,,auto: muay thai elbow strike tutorial side view | 5 Common Elbow Strike Mistakes: How to Cut Your Opponent,elbow_strike,elbow_strike__side,yes,"& ""python"" ""action_recognition.py"" --weights ""yolo26n-pose.pt"" --source ""https://www.youtube.com/watch?v=b2EaxgTDWZc"" --record-reference ""elbow_strike__side"" --target-technique ""elbow_strike"" --reference-dir ""reference_poses"" --num-video-sequence-samples 12 --skip-frame 1 --save-kpts-dir ""keypoints"" --record-reference-max-saves 1 --reference-capture-cooldown-frames 24 --disable-video-classifier --visualize-pose --auto-exit-after-reference --reference-search-max-frames 1800 --person-selection-mode ""most_motion"" --disable-structured-storage --reference-capture-mode ""best_window"" --ref-min-motion-energy 0.02 --ref-min-score-gate 0"
axe_kick,front,axe_kick__front,ready,https://www.youtube.com/watch?v=4IvPiUtUsSE,https://www.youtube.com/watch?v=4IvPiUtUsSE,https://www.youtube.com/watch?v=Vnmv0OtqnGI,https://www.youtube.com/watch?v=17g-7KBqm8I,https://www.youtube.com/watch?v=7QddB-1zbYg,,,,auto: taekwondo axe kick tutorial front view | How to Do an Axe Kick | Taekwondo Training,axe_kick,axe_kick__front,yes,"& ""python"" ""action_recognition.py"" --weights ""yolo26n-pose.pt"" --source ""https://www.youtube.com/watch?v=4IvPiUtUsSE"" --record-reference ""axe_kick__front"" --target-technique ""axe_kick"" --reference-dir ""reference_poses"" --num-video-sequence-samples 12 --skip-frame 1 --save-kpts-dir ""keypoints"" --record-reference-max-saves 1 --reference-capture-cooldown-frames 24 --disable-video-classifier --visualize-pose --auto-exit-after-reference --reference-search-max-frames 1800 --person-selection-mode ""most_motion"" --disable-structured-storage --reference-capture-mode ""best_window"" --ref-min-motion-energy 0.02 --ref-min-score-gate 0"
axe_kick,left45,axe_kick__left45,ready,https://www.youtube.com/watch?v=B22iX-GqOLc,https://www.youtube.com/watch?v=B22iX-GqOLc,https://www.youtube.com/watch?v=jmZgJXwHNQY,https://www.youtube.com/watch?v=f-0cCiOIJn4,https://www.youtube.com/watch?v=dGQuQbhrFKo,,,,auto: taekwondo axe kick tutorial left 45 degree view | Master Park Taekwondo Axe Kick,axe_kick,axe_kick__left45,yes,"& ""python"" ""action_recognition.py"" --weights ""yolo26n-pose.pt"" --source ""https://www.youtube.com/watch?v=B22iX-GqOLc"" --record-reference ""axe_kick__left45"" --target-technique ""axe_kick"" --reference-dir ""reference_poses"" --num-video-sequence-samples 12 --skip-frame 1 --save-kpts-dir ""keypoints"" --record-reference-max-saves 1 --reference-capture-cooldown-frames 24 --disable-video-classifier --visualize-pose --auto-exit-after-reference --reference-search-max-frames 1800 --person-selection-mode ""most_motion"" --disable-structured-storage --reference-capture-mode ""best_window"" --ref-min-motion-energy 0.02 --ref-min-score-gate 0"
axe_kick,right45,axe_kick__right45,ready,https://www.youtube.com/watch?v=n5rYqSzOOmU,https://www.youtube.com/watch?v=n5rYqSzOOmU,https://www.youtube.com/watch?v=Vnmv0OtqnGI,https://www.youtube.com/watch?v=f-0cCiOIJn4,https://www.youtube.com/watch?v=B22iX-GqOLc,,,,auto: taekwondo axe kick tutorial right 45 degree view | Olympic TKD Axe Kick Form,axe_kick,axe_kick__right45,yes,"& ""python"" ""action_recognition.py"" --weights ""yolo26n-pose.pt"" --source ""https://www.youtube.com/watch?v=n5rYqSzOOmU"" --record-reference ""axe_kick__right45"" --target-technique ""axe_kick"" --reference-dir ""reference_poses"" --num-video-sequence-samples 12 --skip-frame 1 --save-kpts-dir ""keypoints"" --record-reference-max-saves 1 --reference-capture-cooldown-frames 24 --disable-video-classifier --visualize-pose --auto-exit-after-reference --reference-search-max-frames 1800 --person-selection-mode ""most_motion"" --disable-structured-storage --reference-capture-mode ""best_window"" --ref-min-motion-energy 0.02 --ref-min-score-gate 0"
axe_kick,side,axe_kick__side,ready,https://www.youtube.com/watch?v=1OoNhh-Cr-I,https://www.youtube.com/watch?v=1OoNhh-Cr-I,https://www.youtube.com/watch?v=Vnmv0OtqnGI,https://www.youtube.com/watch?v=ImSHw5dw7Q0,https://www.youtube.com/watch?v=eTl8iS9PAPs,,,,auto: taekwondo axe kick tutorial side view | How To Do The Powerful Axe Kick | Taekwondo Training,axe_kick,axe_kick__side,yes,"& ""python"" ""action_recognition.py"" --weights ""yolo26n-pose.pt"" --source ""https://www.youtube.com/watch?v=1OoNhh-Cr-I"" --record-reference ""axe_kick__side"" --target-technique ""axe_kick"" --reference-dir ""reference_poses"" --num-video-sequence-samples 12 --skip-frame 1 --save-kpts-dir ""keypoints"" --record-reference-max-saves 1 --reference-capture-cooldown-frames 24 --disable-video-classifier --visualize-pose --auto-exit-after-reference --reference-search-max-frames 1800 --person-selection-mode ""most_motion"" --disable-structured-storage --reference-capture-mode ""best_window"" --ref-min-motion-energy 0.02 --ref-min-score-gate 0"
fighting_stance,side_right,fighting_stance__side_right,pending,,,,,,,,,"needs source url: boxing fighting stance right side view",fighting_stance,fighting_stance__side_right,no,
jab,side_right,jab__side_right,pending,,,,,,,,,"needs source url: boxing jab right side view",jab,jab__side_right,no,
cross,side_right,cross__side_right,pending,,,,,,,,,"needs source url: boxing cross punch right side view",cross,cross__side_right,no,
hook,side_right,hook__side_right,pending,,,,,,,,,"needs source url: boxing hook punch right side view",hook,hook__side_right,no,
uppercut,side_right,uppercut__side_right,pending,,,,,,,,,"needs source url: boxing uppercut right side view",uppercut,uppercut__side_right,no,
front_kick,side_right,front_kick__side_right,pending,,,,,,,,,"needs source url: martial arts front kick right side view",front_kick,front_kick__side_right,no,
roundhouse_kick,side_right,roundhouse_kick__side_right,pending,,,,,,,,,"needs source url: martial arts roundhouse kick right side view",roundhouse_kick,roundhouse_kick__side_right,no,
side_kick,side_right,side_kick__side_right,pending,,,,,,,,,"needs source url: martial arts side kick right side view",side_kick,side_kick__side_right,no,
back_kick,side_right,back_kick__side_right,pending,,,,,,,,,"needs source url: martial arts back kick right side view",back_kick,back_kick__side_right,no,
spinning_back_kick,side_right,spinning_back_kick__side_right,pending,,,,,,,,,"needs source url: martial arts spinning back kick right side view",spinning_back_kick,spinning_back_kick__side_right,no,
knee_strike,side_right,knee_strike__side_right,pending,,,,,,,,,"needs source url: muay thai knee strike right side view",knee_strike,knee_strike__side_right,no,
elbow_strike,side_right,elbow_strike__side_right,pending,,,,,,,,,"needs source url: muay thai elbow strike right side view",elbow_strike,elbow_strike__side_right,no,
axe_kick,side_right,axe_kick__side_right,pending,,,,,,,,,"needs source url: taekwondo axe kick right side view",axe_kick,axe_kick__side_right,no,
fighting_stance,side_left,fighting_stance__side_left,pending,,,,,,,,,"needs source url: boxing fighting stance left side view",fighting_stance,fighting_stance__side_left,no,
jab,side_left,jab__side_left,pending,,,,,,,,,"needs source url: boxing jab left side view",jab,jab__side_left,no,
cross,side_left,cross__side_left,pending,,,,,,,,,"needs source url: boxing cross punch left side view",cross,cross__side_left,no,
hook,side_left,hook__side_left,pending,,,,,,,,,"needs source url: boxing hook punch left side view",hook,hook__side_left,no,
uppercut,side_left,uppercut__side_left,pending,,,,,,,,,"needs source url: boxing uppercut left side view",uppercut,uppercut__side_left,no,
front_kick,side_left,front_kick__side_left,pending,,,,,,,,,"needs source url: martial arts front kick left side view",front_kick,front_kick__side_left,no,
roundhouse_kick,side_left,roundhouse_kick__side_left,pending,,,,,,,,,"needs source url: martial arts roundhouse kick left side view",roundhouse_kick,roundhouse_kick__side_left,no,
side_kick,side_left,side_kick__side_left,pending,,,,,,,,,"needs source url: martial arts side kick left side view",side_kick,side_kick__side_left,no,
back_kick,side_left,back_kick__side_left,pending,,,,,,,,,"needs source url: martial arts back kick left side view",back_kick,back_kick__side_left,no,
spinning_back_kick,side_left,spinning_back_kick__side_left,pending,,,,,,,,,"needs source url: martial arts spinning back kick left side view",spinning_back_kick,spinning_back_kick__side_left,no,
knee_strike,side_left,knee_strike__side_left,pending,,,,,,,,,"needs source url: muay thai knee strike left side view",knee_strike,knee_strike__side_left,no,
elbow_strike,side_left,elbow_strike__side_left,pending,,,,,,,,,"needs source url: muay thai elbow strike left side view",elbow_strike,elbow_strike__side_left,no,
axe_kick,side_left,axe_kick__side_left,pending,,,,,,,,,"needs source url: taekwondo axe kick left side view",axe_kick,axe_kick__side_left,no,
fighting_stance,behind,fighting_stance__behind,pending,,,,,,,,,"needs source url: boxing fighting stance from behind view",fighting_stance,fighting_stance__behind,no,
jab,behind,jab__behind,pending,,,,,,,,,"needs source url: boxing jab from behind view",jab,jab__behind,no,
cross,behind,cross__behind,pending,,,,,,,,,"needs source url: boxing cross punch from behind view",cross,cross__behind,no,
hook,behind,hook__behind,pending,,,,,,,,,"needs source url: boxing hook punch from behind view",hook,hook__behind,no,
uppercut,behind,uppercut__behind,pending,,,,,,,,,"needs source url: boxing uppercut from behind view",uppercut,uppercut__behind,no,
front_kick,behind,front_kick__behind,pending,,,,,,,,,"needs source url: martial arts front kick from behind view",front_kick,front_kick__behind,no,
roundhouse_kick,behind,roundhouse_kick__behind,pending,,,,,,,,,"needs source url: martial arts roundhouse kick from behind view",roundhouse_kick,roundhouse_kick__behind,no,
side_kick,behind,side_kick__behind,pending,,,,,,,,,"needs source url: martial arts side kick from behind view",side_kick,side_kick__behind,no,
back_kick,behind,back_kick__behind,pending,,,,,,,,,"needs source url: martial arts back kick from behind view",back_kick,back_kick__behind,no,
spinning_back_kick,behind,spinning_back_kick__behind,pending,,,,,,,,,"needs source url: martial arts spinning back kick from behind view",spinning_back_kick,spinning_back_kick__behind,no,
knee_strike,behind,knee_strike__behind,pending,,,,,,,,,"needs source url: muay thai knee strike from behind view",knee_strike,knee_strike__behind,no,
elbow_strike,behind,elbow_strike__behind,pending,,,,,,,,,"needs source url: muay thai elbow strike from behind view",elbow_strike,elbow_strike__behind,no,
axe_kick,behind,axe_kick__behind,pending,,,,,,,,,"needs source url: taekwondo axe kick from behind view",axe_kick,axe_kick__behind,no,
