technique,angle,video_id,url,title,channel_title,channel_id,published_at,duration_iso8601,duration_seconds,definition,caption,view_count,like_count,comment_count,query_hit,tags
jab,left45,k6-Jipxenzc,https://www.youtube.com/watch?v=k6-Jipxenzc,This Simple Thumb Trick Will Double Your Wrist Strength For Punching #muaythai #mma #fight,Glove Up,UC7pkMgqBxFsErwWwXjXq9CA,2025-04-23T12:47:07Z,PT39S,39,hd,false,10802563,170391,1449,boxing jab form slow motion left 45 degree view|how to throw a jab left 45 degree view|jab technique left 45 degree view view|proper jab mechanics left 45 degree view,joe lewis|Boxing|How to punch|How to wrap your hands|mma|Martial arts|the real bruce lee|bruce lee|boxing highlights|boxing knockouts|boxing today|how to make a fist karate|Strength For Punching|how to punch|boxing workout|how to fight|how to punch harder|kickboxing|muay thai vs kickboxing|muay thai
jab,left45,P9gjzoNJCKs,https://www.youtube.com/watch?v=P9gjzoNJCKs,Sneaky angle cutting in boxing 🪄,cocktagon,UCBehP2QmInjKFFPEU99PHig,2025-01-22T13:30:13Z,PT36S,36,hd,false,10231084,331407,1108,how to throw a jab left 45 degree view|jab technique left 45 degree view view,boxing|boxeo
jab,left45,wzOCSocPGys,https://www.youtube.com/watch?v=wzOCSocPGys,How-To Boxing: Angle Shuffle,How to Boxing,UCB_U56mkxRzgfuddedVI5FQ,2019-09-16T20:56:12Z,PT15S,15,hd,false,6811030,272731,1355,boxing jab form slow motion left 45 degree view|boxing jab tutorial left 45 degree view,boxing|how to|drills|fighting|angle shuffle|footwork|technique|How-To Angle shuffle|boxing footwork|boxing angles|boxing technique|How-to: Angle shuffle|jawknee|jawknee.v|boxing athlete|boxing fitness|fitness|athlete|workout|boxing workout
jab,left45,M97ra0UR-40,https://www.youtube.com/watch?v=M97ra0UR-40,How to do Cable Flyes Correctly,TylerPath,UCKNGg6mwG-m62N9A-5ee1mA,2024-03-16T13:45:02Z,PT20S,20,hd,false,6771275,323391,689,jab technique left 45 degree view view,
jab,left45,yl66S30Mrrg,https://www.youtube.com/watch?v=yl66S30Mrrg,Hook. Power punch. Power punch training. Boxing training.,Valentyn Trostianchuk ,UCdIHhzu19iBa2uUHgy-ZV_Q,2023-06-30T21:16:01Z,PT12S,12,hd,false,5076213,245645,1978,how to throw a jab left 45 degree view|proper jab mechanics left 45 degree view,
jab,left45,CG1oqBm2Yjw,https://www.youtube.com/watch?v=CG1oqBm2Yjw,“Right and Wrong” Boxing Techniques,Andrii Khotin,UCm1dm5st6Jpi-KXrYptEhbQ,2024-12-10T18:00:15Z,PT16S,16,hd,false,4226920,79175,296,jab technique left 45 degree view view|proper jab mechanics left 45 degree view,
jab,left45,K5qYd1axXuc,https://www.youtube.com/watch?v=K5qYd1axXuc,Boxing Professional REVEALS Secrets To Landing an Uppercut,Tony Jeffries,UCT_8YwHmACxpUootXe7yKjA,2025-04-05T15:58:30Z,PT42S,42,hd,false,3898659,118210,236,proper jab mechanics left 45 degree view,uppercut|boxing uppercut|how to throw uppercut|how to throw boxing uppercut|uppercut boxing
jab,left45,SVVsU7rbRrQ,https://www.youtube.com/watch?v=SVVsU7rbRrQ,Stop throwing your lead hook like a robot 🤖,fightTIPS,UClKgO_YP3pcIVeav2g_k6hw,2024-04-10T18:43:04Z,PT1M,60,hd,false,3572770,163230,2163,boxing jab form slow motion left 45 degree view|how to throw a jab left 45 degree view|jab technique left 45 degree view view|proper jab mechanics left 45 degree view,
jab,left45,jQ6RlFLk2dw,https://www.youtube.com/watch?v=jQ6RlFLk2dw,How to Make a Boxing Fist ! #boxingtraining #boxing #boxeo #youtubeshort #shortsfeed,The Boxing Training Network,UCU08NMLH6pFrzjCHV-zhmSg,2023-04-18T15:51:41Z,PT50S,50,hd,false,2598005,80286,2781,how to throw a jab left 45 degree view|proper jab mechanics left 45 degree view,boxing training|boxing lesson|boxing fist|boxing for beginer|boxing at home|boxing training for beginners|boxing training at home|basic boxing training
jab,left45,LLPs4o06lrM,https://www.youtube.com/watch?v=LLPs4o06lrM,Mike Tyson&#39;s Fastest Knockout Ever!,Brawlz,UCpGrjiPNe0w7T41uy6CfD5A,2024-11-22T15:45:00Z,PT40S,40,hd,false,2348264,71255,847,boxing jab form slow motion left 45 degree view,mike tyson|mike tyson knockout|boxing knockouts|mike tyson ko|mike tyson highlights|mike tyson history|marvis frazier|mike tyson vs marvis frazier|mike tyson marvis frazier|boxing shorts|mike tyson motivation|boxing legends|boxing history|iron mike tyson|iron mike|boxing news|tyson vs frazier|boxing ko|boxing|mike tyson fights
jab,left45,sq4Avpv5LAQ,https://www.youtube.com/watch?v=sq4Avpv5LAQ,How Normal Basketball Players Shoot…,Dr. Dish Basketball,UC_gC-U2kO9laGuRaC4KM6WQ,2022-12-30T01:00:16Z,PT18S,18,hd,false,2314409,57084,405,jab technique left 45 degree view view,
jab,left45,m7LGnUDHDR4,https://www.youtube.com/watch?v=m7LGnUDHDR4,This CHANGED my backswing forever! 🔥🔥 #golf #golfswing #golfcoach #golftips,Golfslump,UCq9ADj3AFwpvVuMrc3CvPiw,2022-07-15T10:47:02Z,PT27S,27,hd,false,2312150,33299,302,jab technique left 45 degree view view,
jab,left45,b6W9UotGsz8,https://www.youtube.com/watch?v=b6W9UotGsz8,Easy 45 degree ( tips ),Tool_Tips,UCGLDtG2tl0uG8P0eNstbLUA,2021-03-05T08:27:18Z,PT40S,40,hd,false,1625980,27074,166,jab technique left 45 degree view view,how to|woodworking tips|miter saw|wood working|woodworking projects
jab,left45,XbS2y-4mMVI,https://www.youtube.com/watch?v=XbS2y-4mMVI,How to throw a perfect muay thai kick 🥊 #shorts,"Sean ""Muay Thai Guy"" Fagan",UCpRyzlMgSv7_9eMhq-l3DAw,2023-01-10T14:00:22Z,PT16S,16,hd,false,1618806,50193,258,boxing jab form slow motion left 45 degree view,muay thai kick|how to switch kick muay thai|muay thai switch kick|muay thai roundhouse kick|muay thai heavy bag workout|heavy bag workout for muay thai|muay thai body kick|muay thai workout|muay thai roundhouse kick technique|roundhouse kick|muay thai kicking techniques|muay thai roundhouse|how to throw a roundhouse kick|how to roundhouse kick muay thai|roundhouse kick muay thai|how to improve muay thai kicks|how to kick in muay thai|how to muay thai kick
jab,left45,G0STp-E2i6Q,https://www.youtube.com/watch?v=G0STp-E2i6Q,5 Boxing Footwork techniques you probably didn’t know #boxing #boxeo #footwork #boxingfootwork,DTBXING,UCPXTZAV_Bmw9xqz3Mp6m7dA,2024-06-05T10:13:59Z,PT18S,18,hd,false,1098722,70595,446,boxing jab form slow motion left 45 degree view|boxing jab tutorial left 45 degree view|how to throw a jab left 45 degree view|jab technique left 45 degree view view,
jab,left45,Xt3IEB3Ses8,https://www.youtube.com/watch?v=Xt3IEB3Ses8,Master the Pivot – Pro Footwork for Better Angles &amp; Defense #BoxingFootwork #PivotBoxing,HIEN BOXING OFFICIAL,UCy8aYGy1jpcmK3a2ASfDDTw,2025-04-01T09:00:29Z,PT12S,12,hd,false,1088845,21278,75,boxing jab tutorial left 45 degree view|jab technique left 45 degree view view,Boxing pivot technique|2.	Footwork pivot drills|3.	Improve boxing movement|4.	Boxing footwork tutorial|5.	Boxing defensive footwork|6.	How to pivot in boxing|7.	Boxing training at home|8.	Boxing skills for beginners|9.	Boxing angles and movement|10.	Pro boxing footwork techniques
jab,left45,D-E0cdLXFXI,https://www.youtube.com/watch?v=D-E0cdLXFXI,Boxing Footwork: How to Pivot #boxing #boxingtraining #boxingdrills,Day One Martial Arts,UCelU56gGGJ8RBK34-DW0ycA,2023-02-05T12:01:36Z,PT11S,11,hd,false,984621,22074,73,boxing jab form slow motion left 45 degree view|boxing jab tutorial left 45 degree view|how to throw a jab left 45 degree view|jab technique left 45 degree view view|proper jab mechanics left 45 degree view,
jab,left45,e2S6-gwR0es,https://www.youtube.com/watch?v=e2S6-gwR0es,Your Boxing Stance is Wrong,Tony Jeffries,UCT_8YwHmACxpUootXe7yKjA,2021-12-26T17:12:14Z,PT1M45S,105,hd,false,963422,19869,683,how to throw a jab left 45 degree view,boxing stance|boxing stance and guard|boxing stance tutorial|boxing stance mistakes|styles in boxing|stances in boxing|boxing styles|boxing stances|boxing guard|tony jeffries|boxing guards|boxing defense|boxing defense tips|boxing defense drill|boxing style|defense mistakes in boxing|defense drills for boxing|boxing training|beginner boxing mistakes|boxing basics
jab,left45,wbD2nUawj0c,https://www.youtube.com/watch?v=wbD2nUawj0c,How to Pivot in Boxing FEETWORK #boxingtraining #boxing #boxingdrills #boxinglife,The Boxing Training Network,UCU08NMLH6pFrzjCHV-zhmSg,2023-03-17T14:51:01Z,PT16S,16,hd,false,810549,16557,110,boxing jab form slow motion left 45 degree view|boxing jab tutorial left 45 degree view|how to throw a jab left 45 degree view|jab technique left 45 degree view view,
jab,left45,hNclexRmDsY,https://www.youtube.com/watch?v=hNclexRmDsY,How to Pivot in Boxing,Tony Jeffries,UCT_8YwHmACxpUootXe7yKjA,2020-09-05T15:07:38Z,PT6M21S,381,hd,true,744766,28255,443,how to throw a jab left 45 degree view,How to pivot in boxing|pivot|boxing pivot|How to pivot in boxing|how to pivot to the right in boxing|boxing angles|boxing pivot footwork|boxing for beginners|boxing footwork|boxing|boxing tutorial|footwork|proper footwork|boxing tutorial for beginners|boxing footwork drills
jab,left45,u7S6P79M0kk,https://www.youtube.com/watch?v=u7S6P79M0kk,Boxer EXPOSES Mike Tyson’s #1 Mistake when Slipping Punches,Tony Jeffries,UCT_8YwHmACxpUootXe7yKjA,2025-09-12T16:55:46Z,PT31S,31,hd,false,716252,20673,398,proper jab mechanics left 45 degree view,mike tyson|iron mike tyson|how to slip like mike tyson|mike tyson techniques|mike tyson slip|mike tyson slipping punches
jab,left45,k7GbUE-9E-w,https://www.youtube.com/watch?v=k7GbUE-9E-w,How to perfect your side kick💪,Nat Hearn,UCKMYdnHrn9DCh3SQpsZWOKA,2023-04-21T17:00:22Z,PT11S,11,hd,false,708929,0,155,boxing jab form slow motion left 45 degree view,
jab,left45,ilx8fbQgWZA,https://www.youtube.com/watch?v=ilx8fbQgWZA,How to judge the distance outside the car when pulling over? #tips #driving #manual #skills #carsoft,Drive_TV,UC0xQVEAIGFT8u1Lm0IO6Tnw,2023-10-18T10:18:00Z,PT16S,16,hd,false,480694,4669,12,jab technique left 45 degree view view,
jab,left45,_r1Cg7A7tVo,https://www.youtube.com/watch?v=_r1Cg7A7tVo,Learn the Basic Boxing Stance: Essential Tips and Techniques,HybridFitness,UCz9TubLNyoq8faX_RfJeDXg,2024-04-22T03:10:30Z,PT31S,31,hd,false,460972,12342,122,boxing jab form slow motion left 45 degree view|boxing jab tutorial left 45 degree view|how to throw a jab left 45 degree view|jab technique left 45 degree view view|proper jab mechanics left 45 degree view,boxing training|how to box|boxing techniques|boxing for beginners|boxing stance for beginners|tony jeffries|boxing stance|boxing training for beginners|boxing tips|boxing technique|boxing basics|how to punch|boxing techniques for beginners|boxing techniques combinations|boxing techniques defense|boxing for beginners at home|boxing training at home|boxing training footwork|boxing for beginners punching bag|boxing for beginners footwork
jab,left45,gjlXUSGcYTA,https://www.youtube.com/watch?v=gjlXUSGcYTA,Locate the LIVER with this simple trick 🤮,fightTIPS,UClKgO_YP3pcIVeav2g_k6hw,2023-07-19T23:28:25Z,PT46S,46,hd,false,449272,22255,217,jab technique left 45 degree view view|proper jab mechanics left 45 degree view,
jab,left45,bJl14OSVMa8,https://www.youtube.com/watch?v=bJl14OSVMa8,Backswing Rotation Guide 👇,Kerrod Gray Golf,UCo-lKZldxD7u_ZtBw9PnZXg,2024-04-30T22:03:12Z,PT23S,23,hd,false,445664,7236,78,jab technique left 45 degree view view,#GolfTips|#SwingTechnique|#golfer|#golfing|#golfswing|#golftips|#instagolf|#progolfer|#swingtips
jab,left45,MhmLkSN8xGA,https://www.youtube.com/watch?v=MhmLkSN8xGA,SLIP &amp; PIVOT 🥶 #boxing #boxingtechniques #boxingtraining #tutorial #learntobox #viral #shorts,Thoseboxingbrothers,UCAUyg0AeCxiKI9gPqniA52Q,2023-08-02T16:31:50Z,PT23S,23,hd,false,413675,17862,127,boxing jab tutorial left 45 degree view|how to throw a jab left 45 degree view|proper jab mechanics left 45 degree view,
jab,left45,C9Q9XySC3QA,https://www.youtube.com/watch?v=C9Q9XySC3QA,The L-step: the ultimate footwork manoeuvre for boxers. Level up your boxing with this movement 📈,QFC Boxing,UCiuAykAY2rwv6lAK9FpjsqA,2023-06-28T17:04:05Z,PT18S,18,hd,false,402143,18402,70,boxing jab tutorial left 45 degree view|proper jab mechanics left 45 degree view,
jab,left45,HvooLBGtGx4,https://www.youtube.com/watch?v=HvooLBGtGx4,#Mastering #90-Degree Cutting Angles #Woodworking  #tipsandtricks,Wood Apple,UC5EJ8eb9ofI8reusz4mgZ_w,2024-09-13T15:27:18Z,PT18S,18,hd,false,373490,2766,0,jab technique left 45 degree view view,Woodworking Tips|90-Degree Cutting Angles|Woodworking Techniques|Precision Cuts Woodworking|Cutting Angles in Wood|Woodworking Tools|Woodworking for Beginners|Woodworking Projects|Woodworking Angles|DIY Woodworking
jab,left45,238FDYH-lkk,https://www.youtube.com/watch?v=238FDYH-lkk,4 Footwork Drills To Change Angles Like Lomachenko 🥊,Oracle Boxing,UCRLhtHizl1rM8EMsd7Wvj8w,2025-02-19T14:21:38Z,PT16S,16,hd,false,368790,15441,44,boxing jab form slow motion left 45 degree view|boxing jab tutorial left 45 degree view|how to throw a jab left 45 degree view|jab technique left 45 degree view view|proper jab mechanics left 45 degree view,
jab,left45,UK-PybcXk7E,https://www.youtube.com/watch?v=UK-PybcXk7E,🎯 Where to Hit the Object Ball for Perfect Shots | Pool Aiming Guide #billiards #pool1 #cueball,OneCue ProTips,UCVi8ufusbs98Bqxv6PxxH0Q,2025-07-31T13:00:53Z,PT22S,22,hd,false,346232,4951,39,jab technique left 45 degree view view,pool aiming tips|where to hit object ball|billiards aiming|cue ball control|object ball contact point|pool accuracy tips|pool aiming secrets
jab,left45,wjr8EJHGGMY,https://www.youtube.com/watch?v=wjr8EJHGGMY,Master the Art of Punching with Effective Head Movement #boxingtechnique #boxingtips,Jab Force Fitness,UCgO6IuhDuUdz7KZTLApeUTg,2023-05-06T14:09:40Z,PT15S,15,hd,false,249534,4653,32,boxing jab form slow motion left 45 degree view|boxing jab tutorial left 45 degree view|how to throw a jab left 45 degree view|jab technique left 45 degree view view|proper jab mechanics left 45 degree view,Boxingtips|Boxingtraining|Boxingskills|Boxingtechniques
jab,left45,L-0MGfv3x1Y,https://www.youtube.com/watch?v=L-0MGfv3x1Y,Angle changes 📐 #boxing #boxeo #tutorial #boxingtraining #mma #viral #learntobox #shorts,Thoseboxingbrothers,UCAUyg0AeCxiKI9gPqniA52Q,2023-05-04T14:20:10Z,PT44S,44,hd,false,216724,24225,83,boxing jab tutorial left 45 degree view|how to throw a jab left 45 degree view,
jab,left45,mF2HmMVH_DQ,https://www.youtube.com/watch?v=mF2HmMVH_DQ,How to Pivot Hook in Boxing,Tony Jeffries,UCT_8YwHmACxpUootXe7yKjA,2023-10-18T15:32:51Z,PT16S,16,hd,false,211790,13262,162,boxing jab tutorial left 45 degree view|how to throw a jab left 45 degree view,pivot hook|how to pivot hook|how to pivot hook boxing|boxing pivot|how to pivot in boxing|pivot punch in boxing|pivot hook boxing|pivot hook punch
jab,left45,BIURBvKZDfc,https://www.youtube.com/watch?v=BIURBvKZDfc,Boxing basics: how to pivot and ways to use it #boxing #boxingtechnique #boxingfootwork,DTBXING,UCPXTZAV_Bmw9xqz3Mp6m7dA,2024-06-16T00:28:08Z,PT32S,32,hd,false,205743,11181,46,boxing jab form slow motion left 45 degree view|boxing jab tutorial left 45 degree view|how to throw a jab left 45 degree view|jab technique left 45 degree view view,
jab,left45,cM6sXom80_w,https://www.youtube.com/watch?v=cM6sXom80_w,Easy 45 Degree Miter Joint #howto #tutorial #shorts #carpentry #woodworking,SupeRhey Official,UCrsJMB20JVEAOhNNY-wVMyQ,2024-02-08T17:36:57Z,PT26S,26,hd,false,107172,1247,8,jab technique left 45 degree view view,#45degree|#carpenter|#carpentry|#craftsdiy|#crazybb|#diy|#gsdiymaker|#hcarpenter|#homemadediy|#howto|#ideas|#miterjoints|#podelkin|#shorts|#sokhadiy|#superheyofficial|#tagalog|#techniques|#tips|#toolstour
jab,left45,k2csGKckAC4,https://www.youtube.com/watch?v=k2csGKckAC4,Boxing basics: boxing drills for changing angles #boxing #boxingfootwork #boxingangles,DTBXING,UCPXTZAV_Bmw9xqz3Mp6m7dA,2024-06-13T22:09:18Z,PT17S,17,hd,false,100534,7192,49,boxing jab tutorial left 45 degree view,
jab,left45,OR196I4BAU8,https://www.youtube.com/watch?v=OR196I4BAU8,ULTIMATE lead uppercut set-up 🤯🔥 #tutorial #boxing #boxingtutorial #boxingtraining #learntobox,Thoseboxingbrothers,UCAUyg0AeCxiKI9gPqniA52Q,2023-05-29T17:42:15Z,PT41S,41,hd,false,64370,6797,71,boxing jab form slow motion left 45 degree view|proper jab mechanics left 45 degree view,
jab,left45,sw-XRzlIvfw,https://www.youtube.com/watch?v=sw-XRzlIvfw,Master Your Hip Rotation for Harder Punches! #boxingtraining,Jono Kirk - Boxing Narrator ,UCSM08JonLPjBpspLuvV55zQ,2025-01-12T10:10:05Z,PT16S,16,hd,false,59280,0,24,proper jab mechanics left 45 degree view,
jab,left45,xPPIGKCEq9Y,https://www.youtube.com/watch?v=xPPIGKCEq9Y,How to Pivot to the Outside #footwork #angles #mma #boxing #kickboxing #mmastriking,Shaj 'Superman' Haque,UCEG1ZUWuX6doCAWnV7KeNBw,2023-12-03T23:27:16Z,PT22S,22,hd,false,47062,1360,5,boxing jab tutorial left 45 degree view,
jab,left45,1DO3tXZZQLM,https://www.youtube.com/watch?v=1DO3tXZZQLM,Breaking Down A Boxers Fighting Stance | Rear Foot Placement,World Class Boxing Channel,UCFd-tIEZTYhdR3lWCQ7inyg,2018-09-03T02:34:51Z,PT8M53S,533,hd,false,45844,1823,100,proper jab mechanics left 45 degree view,Breaking down a boxers fighting stance|rear foot placement for a boxer|boxing footwork|footkwork mechanics for a fighter|how shoulder a boxer place his feet when fighting|Tom Yankello|Coach Joe D.|#dingding|learning how to pivot in boxing|how to develop maximum power for a punch|poer development for a boxier|the proper punching mechanics|fight tips for generating more punching power|the best balance position for boxing|how wide should my feet be in boxing|fistnfitness
jab,left45,XzmfSbnMJtI,https://www.youtube.com/watch?v=XzmfSbnMJtI,Boxing How to Guide - Right Hook to the Body,MyBoxingCoach,UCBsoiiNF96Beqbik3LSxkUA,2011-09-21T20:54:26Z,PT4M36S,276,hd,false,44848,573,70,proper jab mechanics left 45 degree view,boxing how to|how to boxing|body punch|right hook
jab,left45,BSVrp0F3ZXQ,https://www.youtube.com/watch?v=BSVrp0F3ZXQ,Proper lead foot position to stop an opponent from getting an angle. #leadfoot #boxing #angle,World Class Boxing Channel,UCFd-tIEZTYhdR3lWCQ7inyg,2022-03-14T17:07:15Z,PT1M1S,61,hd,false,39025,2371,54,proper jab mechanics left 45 degree view,
jab,left45,ffOYVPFlmJc,https://www.youtube.com/watch?v=ffOYVPFlmJc,The most predominant stance of the greatest boxers in boxing history! #Lstance #boxing,World Class Boxing Channel,UCFd-tIEZTYhdR3lWCQ7inyg,2023-06-08T16:58:02Z,PT1M,60,hd,false,30090,1815,27,proper jab mechanics left 45 degree view,
jab,left45,GasfUfXwryk,https://www.youtube.com/watch?v=GasfUfXwryk,"HOW TO PERFECT YOUR BOXING STANCE, FEET POSITION &amp; FOOTWORK 🥊 #youtubeshorts #coachfiyah",Coach Fiyah / Real Life Boxing,UCoZYz6kxjYVFEbJWshM19YQ,2023-03-01T04:42:44Z,PT41S,41,hd,false,21781,876,11,boxing jab tutorial left 45 degree view|proper jab mechanics left 45 degree view,
jab,left45,zmVrIel9uVU,https://www.youtube.com/watch?v=zmVrIel9uVU,Learn How to Throw LIVER HOOK 💥🥊 #boxing #shorts,VITERI BOXING ENGLISH,UC37RVxQGZIv8SAy7WmuydcQ,2022-06-22T16:09:48Z,PT42S,42,hd,false,15629,1061,15,how to throw a jab left 45 degree view,
jab,left45,h4vQrtKr5F0,https://www.youtube.com/watch?v=h4vQrtKr5F0,THE 45 DEGREE JAB,Ian Streetz,UCR3kscrORN-CNPX_JMsIWjg,2019-01-17T15:35:13Z,PT1M1S,61,hd,false,1625,59,6,boxing jab tutorial left 45 degree view|proper jab mechanics left 45 degree view,boxing|jab|tutorial|boxing tutorials|floyd mayweather|lomachenko|ggg|golovkin|canelo|canelo alvarez
jab,right45,w8mTuLc7zJU,https://www.youtube.com/watch?v=w8mTuLc7zJU,45 degree welding #weldingtricks #weldingtipsandtricks #welder,noris welder art,UCOBgDnQPnPIfLcl9Jjb5atw,2023-09-30T18:02:45Z,PT59S,59,hd,false,11256961,287428,2130,proper jab mechanics right 45 degree view,
jab,right45,k6-Jipxenzc,https://www.youtube.com/watch?v=k6-Jipxenzc,This Simple Thumb Trick Will Double Your Wrist Strength For Punching #muaythai #mma #fight,Glove Up,UC7pkMgqBxFsErwWwXjXq9CA,2025-04-23T12:47:07Z,PT39S,39,hd,false,10802563,170391,1449,boxing jab form slow motion right 45 degree view|how to throw a jab right 45 degree view|jab technique right 45 degree view view|proper jab mechanics right 45 degree view,joe lewis|Boxing|How to punch|How to wrap your hands|mma|Martial arts|the real bruce lee|bruce lee|boxing highlights|boxing knockouts|boxing today|how to make a fist karate|Strength For Punching|how to punch|boxing workout|how to fight|how to punch harder|kickboxing|muay thai vs kickboxing|muay thai
jab,right45,P9gjzoNJCKs,https://www.youtube.com/watch?v=P9gjzoNJCKs,Sneaky angle cutting in boxing 🪄,cocktagon,UCBehP2QmInjKFFPEU99PHig,2025-01-22T13:30:13Z,PT36S,36,hd,false,10231084,331407,1108,how to throw a jab right 45 degree view,boxing|boxeo
jab,right45,wzOCSocPGys,https://www.youtube.com/watch?v=wzOCSocPGys,How-To Boxing: Angle Shuffle,How to Boxing,UCB_U56mkxRzgfuddedVI5FQ,2019-09-16T20:56:12Z,PT15S,15,hd,false,6811030,272731,1355,boxing jab form slow motion right 45 degree view|boxing jab tutorial right 45 degree view|jab technique right 45 degree view view,boxing|how to|drills|fighting|angle shuffle|footwork|technique|How-To Angle shuffle|boxing footwork|boxing angles|boxing technique|How-to: Angle shuffle|jawknee|jawknee.v|boxing athlete|boxing fitness|fitness|athlete|workout|boxing workout
jab,right45,yl66S30Mrrg,https://www.youtube.com/watch?v=yl66S30Mrrg,Hook. Power punch. Power punch training. Boxing training.,Valentyn Trostianchuk ,UCdIHhzu19iBa2uUHgy-ZV_Q,2023-06-30T21:16:01Z,PT12S,12,hd,false,5076213,245645,1978,boxing jab tutorial right 45 degree view|how to throw a jab right 45 degree view|jab technique right 45 degree view view|proper jab mechanics right 45 degree view,
jab,right45,CG1oqBm2Yjw,https://www.youtube.com/watch?v=CG1oqBm2Yjw,“Right and Wrong” Boxing Techniques,Andrii Khotin,UCm1dm5st6Jpi-KXrYptEhbQ,2024-12-10T18:00:15Z,PT16S,16,hd,false,4226920,79175,296,boxing jab tutorial right 45 degree view|proper jab mechanics right 45 degree view,
jab,right45,K5qYd1axXuc,https://www.youtube.com/watch?v=K5qYd1axXuc,Boxing Professional REVEALS Secrets To Landing an Uppercut,Tony Jeffries,UCT_8YwHmACxpUootXe7yKjA,2025-04-05T15:58:30Z,PT42S,42,hd,false,3898659,118210,236,proper jab mechanics right 45 degree view,uppercut|boxing uppercut|how to throw uppercut|how to throw boxing uppercut|uppercut boxing
jab,right45,SVVsU7rbRrQ,https://www.youtube.com/watch?v=SVVsU7rbRrQ,Stop throwing your lead hook like a robot 🤖,fightTIPS,UClKgO_YP3pcIVeav2g_k6hw,2024-04-10T18:43:04Z,PT1M,60,hd,false,3572770,163230,2163,boxing jab form slow motion right 45 degree view|how to throw a jab right 45 degree view|proper jab mechanics right 45 degree view,
jab,right45,jQ6RlFLk2dw,https://www.youtube.com/watch?v=jQ6RlFLk2dw,How to Make a Boxing Fist ! #boxingtraining #boxing #boxeo #youtubeshort #shortsfeed,The Boxing Training Network,UCU08NMLH6pFrzjCHV-zhmSg,2023-04-18T15:51:41Z,PT50S,50,hd,false,2598005,80286,2781,how to throw a jab right 45 degree view|proper jab mechanics right 45 degree view,boxing training|boxing lesson|boxing fist|boxing for beginer|boxing at home|boxing training for beginners|boxing training at home|basic boxing training
jab,right45,sq4Avpv5LAQ,https://www.youtube.com/watch?v=sq4Avpv5LAQ,How Normal Basketball Players Shoot…,Dr. Dish Basketball,UC_gC-U2kO9laGuRaC4KM6WQ,2022-12-30T01:00:16Z,PT18S,18,hd,false,2314409,57084,405,proper jab mechanics right 45 degree view,
jab,right45,8T3sPSyTqgM,https://www.youtube.com/watch?v=8T3sPSyTqgM,Watch and learn 👀📚 How to KICK like the GOAT of Muay Thai 101 🐐  #shorts,YOKKAO,UCDfvlEBdwpcjwAaRw1m6UiA,2023-10-17T10:24:55Z,PT31S,31,hd,false,2254286,91795,616,proper jab mechanics right 45 degree view,
jab,right45,b6W9UotGsz8,https://www.youtube.com/watch?v=b6W9UotGsz8,Easy 45 degree ( tips ),Tool_Tips,UCGLDtG2tl0uG8P0eNstbLUA,2021-03-05T08:27:18Z,PT40S,40,hd,false,1625980,27074,166,jab technique right 45 degree view view,how to|woodworking tips|miter saw|wood working|woodworking projects
jab,right45,XbS2y-4mMVI,https://www.youtube.com/watch?v=XbS2y-4mMVI,How to throw a perfect muay thai kick 🥊 #shorts,"Sean ""Muay Thai Guy"" Fagan",UCpRyzlMgSv7_9eMhq-l3DAw,2023-01-10T14:00:22Z,PT16S,16,hd,false,1618806,50193,258,proper jab mechanics right 45 degree view,muay thai kick|how to switch kick muay thai|muay thai switch kick|muay thai roundhouse kick|muay thai heavy bag workout|heavy bag workout for muay thai|muay thai body kick|muay thai workout|muay thai roundhouse kick technique|roundhouse kick|muay thai kicking techniques|muay thai roundhouse|how to throw a roundhouse kick|how to roundhouse kick muay thai|roundhouse kick muay thai|how to improve muay thai kicks|how to kick in muay thai|how to muay thai kick
jab,right45,DpLIcxlOagI,https://www.youtube.com/watch?v=DpLIcxlOagI,Angle Grinder Caution !!! #Shorts,Diy Things,UCOrLhuw4w09n_Uz_RKBwdUA,2023-04-22T00:15:23Z,PT22S,22,hd,false,1447538,8106,286,proper jab mechanics right 45 degree view,Angle Grinder|diy things|diythings_dt
jab,right45,G0STp-E2i6Q,https://www.youtube.com/watch?v=G0STp-E2i6Q,5 Boxing Footwork techniques you probably didn’t know #boxing #boxeo #footwork #boxingfootwork,DTBXING,UCPXTZAV_Bmw9xqz3Mp6m7dA,2024-06-05T10:13:59Z,PT18S,18,hd,false,1098722,70595,446,boxing jab form slow motion right 45 degree view|how to throw a jab right 45 degree view|jab technique right 45 degree view view,
jab,right45,Xt3IEB3Ses8,https://www.youtube.com/watch?v=Xt3IEB3Ses8,Master the Pivot – Pro Footwork for Better Angles &amp; Defense #BoxingFootwork #PivotBoxing,HIEN BOXING OFFICIAL,UCy8aYGy1jpcmK3a2ASfDDTw,2025-04-01T09:00:29Z,PT12S,12,hd,false,1088845,21278,75,boxing jab tutorial right 45 degree view|jab technique right 45 degree view view,Boxing pivot technique|2.	Footwork pivot drills|3.	Improve boxing movement|4.	Boxing footwork tutorial|5.	Boxing defensive footwork|6.	How to pivot in boxing|7.	Boxing training at home|8.	Boxing skills for beginners|9.	Boxing angles and movement|10.	Pro boxing footwork techniques
jab,right45,D-E0cdLXFXI,https://www.youtube.com/watch?v=D-E0cdLXFXI,Boxing Footwork: How to Pivot #boxing #boxingtraining #boxingdrills,Day One Martial Arts,UCelU56gGGJ8RBK34-DW0ycA,2023-02-05T12:01:36Z,PT11S,11,hd,false,984621,22074,73,boxing jab form slow motion right 45 degree view|boxing jab tutorial right 45 degree view|how to throw a jab right 45 degree view|jab technique right 45 degree view view|proper jab mechanics right 45 degree view,
jab,right45,e2S6-gwR0es,https://www.youtube.com/watch?v=e2S6-gwR0es,Your Boxing Stance is Wrong,Tony Jeffries,UCT_8YwHmACxpUootXe7yKjA,2021-12-26T17:12:14Z,PT1M45S,105,hd,false,963422,19869,683,how to throw a jab right 45 degree view|jab technique right 45 degree view view,boxing stance|boxing stance and guard|boxing stance tutorial|boxing stance mistakes|styles in boxing|stances in boxing|boxing styles|boxing stances|boxing guard|tony jeffries|boxing guards|boxing defense|boxing defense tips|boxing defense drill|boxing style|defense mistakes in boxing|defense drills for boxing|boxing training|beginner boxing mistakes|boxing basics
jab,right45,wbD2nUawj0c,https://www.youtube.com/watch?v=wbD2nUawj0c,How to Pivot in Boxing FEETWORK #boxingtraining #boxing #boxingdrills #boxinglife,The Boxing Training Network,UCU08NMLH6pFrzjCHV-zhmSg,2023-03-17T14:51:01Z,PT16S,16,hd,false,810549,16557,110,boxing jab form slow motion right 45 degree view|boxing jab tutorial right 45 degree view|how to throw a jab right 45 degree view|jab technique right 45 degree view view,
jab,right45,hNclexRmDsY,https://www.youtube.com/watch?v=hNclexRmDsY,How to Pivot in Boxing,Tony Jeffries,UCT_8YwHmACxpUootXe7yKjA,2020-09-05T15:07:38Z,PT6M21S,381,hd,true,744766,28255,443,how to throw a jab right 45 degree view|jab technique right 45 degree view view,How to pivot in boxing|pivot|boxing pivot|How to pivot in boxing|how to pivot to the right in boxing|boxing angles|boxing pivot footwork|boxing for beginners|boxing footwork|boxing|boxing tutorial|footwork|proper footwork|boxing tutorial for beginners|boxing footwork drills
jab,right45,u7S6P79M0kk,https://www.youtube.com/watch?v=u7S6P79M0kk,Boxer EXPOSES Mike Tyson’s #1 Mistake when Slipping Punches,Tony Jeffries,UCT_8YwHmACxpUootXe7yKjA,2025-09-12T16:55:46Z,PT31S,31,hd,false,716252,20673,398,proper jab mechanics right 45 degree view,mike tyson|iron mike tyson|how to slip like mike tyson|mike tyson techniques|mike tyson slip|mike tyson slipping punches
jab,right45,k7GbUE-9E-w,https://www.youtube.com/watch?v=k7GbUE-9E-w,How to perfect your side kick💪,Nat Hearn,UCKMYdnHrn9DCh3SQpsZWOKA,2023-04-21T17:00:22Z,PT11S,11,hd,false,708929,0,155,boxing jab form slow motion right 45 degree view,
jab,right45,fyOYOcq--0M,https://www.youtube.com/watch?v=fyOYOcq--0M,Karate kata training for beginners,Fitness Karate Academy,UCvveeYP7oeXDYkjJriZyMiA,2023-07-05T07:10:24Z,PT10S,10,hd,false,620168,3750,621,boxing jab form slow motion right 45 degree view,Karate Training kata|karate|shotokan|shotokan karate|karate tutorial|karate how to|heian kata|karate japan|kata|karate kata|kata tutorial|heian shodan bunkai|heian nidan|heian sandan|heian yondan|heian godan|karate training kata 1|karate training kata 2|kyokushin karate training kata|karate training kata 5
jab,right45,IqCnSHDddmU,https://www.youtube.com/watch?v=IqCnSHDddmU,Wing chun self defense techniques - 37 #wingchun #kungfu #martialarts #boxing #foryou #shorts #fyp,Qodir 17,UCWYHVTc1Tpz7h7-WF1b3B_Q,2025-08-02T04:59:59Z,PT13S,13,hd,false,484347,10106,118,boxing jab form slow motion right 45 degree view,
jab,right45,_r1Cg7A7tVo,https://www.youtube.com/watch?v=_r1Cg7A7tVo,Learn the Basic Boxing Stance: Essential Tips and Techniques,HybridFitness,UCz9TubLNyoq8faX_RfJeDXg,2024-04-22T03:10:30Z,PT31S,31,hd,false,460972,12342,122,boxing jab form slow motion right 45 degree view|boxing jab tutorial right 45 degree view|how to throw a jab right 45 degree view|jab technique right 45 degree view view|proper jab mechanics right 45 degree view,boxing training|how to box|boxing techniques|boxing for beginners|boxing stance for beginners|tony jeffries|boxing stance|boxing training for beginners|boxing tips|boxing technique|boxing basics|how to punch|boxing techniques for beginners|boxing techniques combinations|boxing techniques defense|boxing for beginners at home|boxing training at home|boxing training footwork|boxing for beginners punching bag|boxing for beginners footwork
jab,right45,gjlXUSGcYTA,https://www.youtube.com/watch?v=gjlXUSGcYTA,Locate the LIVER with this simple trick 🤮,fightTIPS,UClKgO_YP3pcIVeav2g_k6hw,2023-07-19T23:28:25Z,PT46S,46,hd,false,449272,22255,217,proper jab mechanics right 45 degree view,
jab,right45,MhmLkSN8xGA,https://www.youtube.com/watch?v=MhmLkSN8xGA,SLIP &amp; PIVOT 🥶 #boxing #boxingtechniques #boxingtraining #tutorial #learntobox #viral #shorts,Thoseboxingbrothers,UCAUyg0AeCxiKI9gPqniA52Q,2023-08-02T16:31:50Z,PT23S,23,hd,false,413675,17862,127,boxing jab tutorial right 45 degree view|how to throw a jab right 45 degree view|jab technique right 45 degree view view|proper jab mechanics right 45 degree view,
jab,right45,C9Q9XySC3QA,https://www.youtube.com/watch?v=C9Q9XySC3QA,The L-step: the ultimate footwork manoeuvre for boxers. Level up your boxing with this movement 📈,QFC Boxing,UCiuAykAY2rwv6lAK9FpjsqA,2023-06-28T17:04:05Z,PT18S,18,hd,false,402143,18402,70,jab technique right 45 degree view view|proper jab mechanics right 45 degree view,
jab,right45,238FDYH-lkk,https://www.youtube.com/watch?v=238FDYH-lkk,4 Footwork Drills To Change Angles Like Lomachenko 🥊,Oracle Boxing,UCRLhtHizl1rM8EMsd7Wvj8w,2025-02-19T14:21:38Z,PT16S,16,hd,false,368790,15441,44,boxing jab form slow motion right 45 degree view|how to throw a jab right 45 degree view|jab technique right 45 degree view view|proper jab mechanics right 45 degree view,
jab,right45,wjr8EJHGGMY,https://www.youtube.com/watch?v=wjr8EJHGGMY,Master the Art of Punching with Effective Head Movement #boxingtechnique #boxingtips,Jab Force Fitness,UCgO6IuhDuUdz7KZTLApeUTg,2023-05-06T14:09:40Z,PT15S,15,hd,false,249534,4653,32,boxing jab form slow motion right 45 degree view|boxing jab tutorial right 45 degree view|how to throw a jab right 45 degree view|jab technique right 45 degree view view|proper jab mechanics right 45 degree view,Boxingtips|Boxingtraining|Boxingskills|Boxingtechniques
jab,right45,L-0MGfv3x1Y,https://www.youtube.com/watch?v=L-0MGfv3x1Y,Angle changes 📐 #boxing #boxeo #tutorial #boxingtraining #mma #viral #learntobox #shorts,Thoseboxingbrothers,UCAUyg0AeCxiKI9gPqniA52Q,2023-05-04T14:20:10Z,PT44S,44,hd,false,216724,24225,83,boxing jab tutorial right 45 degree view|how to throw a jab right 45 degree view,
jab,right45,mF2HmMVH_DQ,https://www.youtube.com/watch?v=mF2HmMVH_DQ,How to Pivot Hook in Boxing,Tony Jeffries,UCT_8YwHmACxpUootXe7yKjA,2023-10-18T15:32:51Z,PT16S,16,hd,false,211790,13262,162,boxing jab tutorial right 45 degree view|how to throw a jab right 45 degree view|jab technique right 45 degree view view,pivot hook|how to pivot hook|how to pivot hook boxing|boxing pivot|how to pivot in boxing|pivot punch in boxing|pivot hook boxing|pivot hook punch
jab,right45,BIURBvKZDfc,https://www.youtube.com/watch?v=BIURBvKZDfc,Boxing basics: how to pivot and ways to use it #boxing #boxingtechnique #boxingfootwork,DTBXING,UCPXTZAV_Bmw9xqz3Mp6m7dA,2024-06-16T00:28:08Z,PT32S,32,hd,false,205743,11181,46,boxing jab form slow motion right 45 degree view|boxing jab tutorial right 45 degree view|how to throw a jab right 45 degree view|jab technique right 45 degree view view,
jab,right45,YQhsyPLfPw8,https://www.youtube.com/watch?v=YQhsyPLfPw8,HIDE This Punch &amp; SURPRISE Them! #boxing #offense #training #technique #boxeo,THE ARENA,UCf9OzX2aA7GXfukcjP32KZw,2026-03-16T13:01:07Z,PT38S,38,hd,false,151828,5775,109,how to throw a jab right 45 degree view|jab technique right 45 degree view view,up jab boxing|up jab|jab boxing|boxing jab|jab technique|jab technique boxing|boxing jab technique|how to throw a jab|boxing|jab|different types of jabs|the best jabs in boxing|types of boxing jabs|how to jab|boxing training|boxing technique|boxing coach joe vargas|the arena boxing|boxing gym san diego
jab,right45,sc3PZynPie8,https://www.youtube.com/watch?v=sc3PZynPie8,How to throw the Basic Low Kick,Jacob Rodriguez,UC1YocYOTJqm1a29VTorswBA,2022-09-14T01:13:00Z,PT19S,19,hd,false,144164,2139,15,boxing jab form slow motion right 45 degree view,
jab,right45,081Pjj0LyHI,https://www.youtube.com/watch?v=081Pjj0LyHI,Wing Chun Chain Punch #wingchun #chainpunching #wingchunkuen #vingtsun,Derek G. Chan,UCNg7b8ZDoLGbgPh23RoKA4g,2025-01-22T06:06:43Z,PT22S,22,hd,false,121807,2861,57,boxing jab form slow motion right 45 degree view,
jab,right45,cM6sXom80_w,https://www.youtube.com/watch?v=cM6sXom80_w,Easy 45 Degree Miter Joint #howto #tutorial #shorts #carpentry #woodworking,SupeRhey Official,UCrsJMB20JVEAOhNNY-wVMyQ,2024-02-08T17:36:57Z,PT26S,26,hd,false,107159,1247,8,jab technique right 45 degree view view,#45degree|#carpenter|#carpentry|#craftsdiy|#crazybb|#diy|#gsdiymaker|#hcarpenter|#homemadediy|#howto|#ideas|#miterjoints|#podelkin|#shorts|#sokhadiy|#superheyofficial|#tagalog|#techniques|#tips|#toolstour
jab,right45,k2csGKckAC4,https://www.youtube.com/watch?v=k2csGKckAC4,Boxing basics: boxing drills for changing angles #boxing #boxingfootwork #boxingangles,DTBXING,UCPXTZAV_Bmw9xqz3Mp6m7dA,2024-06-13T22:09:18Z,PT17S,17,hd,false,100534,7192,49,boxing jab tutorial right 45 degree view,
jab,right45,unZ_QUdtsME,https://www.youtube.com/watch?v=unZ_QUdtsME,Root Gap // Root Face // Bevel angle // Grove // Butt joint,Money Engineering Pro,UCI0cpkOdA67tSgzBr6tjrkg,2023-07-19T01:53:51Z,PT31S,31,hd,false,70470,0,2,proper jab mechanics right 45 degree view,
jab,right45,sw-XRzlIvfw,https://www.youtube.com/watch?v=sw-XRzlIvfw,Master Your Hip Rotation for Harder Punches! #boxingtraining,Jono Kirk - Boxing Narrator ,UCSM08JonLPjBpspLuvV55zQ,2025-01-12T10:10:05Z,PT16S,16,hd,false,59280,0,24,how to throw a jab right 45 degree view|proper jab mechanics right 45 degree view,
jab,right45,BSVrp0F3ZXQ,https://www.youtube.com/watch?v=BSVrp0F3ZXQ,Proper lead foot position to stop an opponent from getting an angle. #leadfoot #boxing #angle,World Class Boxing Channel,UCFd-tIEZTYhdR3lWCQ7inyg,2022-03-14T17:07:15Z,PT1M1S,61,hd,false,39025,2371,54,how to throw a jab right 45 degree view|proper jab mechanics right 45 degree view,
jab,right45,GasfUfXwryk,https://www.youtube.com/watch?v=GasfUfXwryk,"HOW TO PERFECT YOUR BOXING STANCE, FEET POSITION &amp; FOOTWORK 🥊 #youtubeshorts #coachfiyah",Coach Fiyah / Real Life Boxing,UCoZYz6kxjYVFEbJWshM19YQ,2023-03-01T04:42:44Z,PT41S,41,hd,false,21782,876,11,boxing jab tutorial right 45 degree view|jab technique right 45 degree view view|proper jab mechanics right 45 degree view,
jab,right45,JJhI5UNSmXA,https://www.youtube.com/watch?v=JJhI5UNSmXA,Boxing Lesson - Basic Punches - boxing4free.com UPDATED 2010,BOXING 4 FREE,UCul8QJugZK_BHKq1ejB2AHw,2010-02-25T20:36:13Z,PT1M20S,80,sd,false,5229,10,1,boxing jab tutorial right 45 degree view,boxing|instruction|tutorial|lessons|how|to|punch|jab|cross|hook|uppercut
jab,right45,wxZjcfMDZvw,https://www.youtube.com/watch?v=wxZjcfMDZvw,45 Degree punch,MegLoco,UCqQ-WHBX4dk-XaqcdqFuX0A,2015-08-21T01:02:27Z,PT24S,24,sd,false,2149,24,0,boxing jab tutorial right 45 degree view,
jab,right45,h4vQrtKr5F0,https://www.youtube.com/watch?v=h4vQrtKr5F0,THE 45 DEGREE JAB,Ian Streetz,UCR3kscrORN-CNPX_JMsIWjg,2019-01-17T15:35:13Z,PT1M1S,61,hd,false,1625,59,6,boxing jab tutorial right 45 degree view,boxing|jab|tutorial|boxing tutorials|floyd mayweather|lomachenko|ggg|golovkin|canelo|canelo alvarez
jab,front,UMgN9zcC0Qw,https://www.youtube.com/watch?v=UMgN9zcC0Qw,How to punch correctly…,Nat Hearn,UCKMYdnHrn9DCh3SQpsZWOKA,2024-10-26T17:00:28Z,PT23S,23,hd,false,41543401,0,4330,boxing jab tutorial front view|how to throw a jab front view,
jab,front,SW4Tx0wH65c,https://www.youtube.com/watch?v=SW4Tx0wH65c,How to though a Quick Snapping Powerful jab. #theworldsfastestjab #quickjab #boxing #jab,Sensei Aaron Allen,UCa_CqBdeQ6U4VVlG0_uKXEA,2016-08-15T20:35:29Z,PT16S,16,sd,false,24175581,815073,8693,boxing jab form slow motion front view|boxing jab tutorial front view|how to throw a jab front view|proper jab mechanics front view,Boxing|Fast hands|Quick Punching|Bruce Lee|Mma|martial arts|Self Defense|Karate|Bulling|Combat Ladies Self Defense.|selfdefensetechniques|selfdefenseinstructor|selfdefensecoach|selfdefenseforwomen|selfdefenseforkids|selfdefenceguy|boxing|ninjitsu|kungfu|karate
jab,front,R-ChXWqSUZ4,https://www.youtube.com/watch?v=R-ChXWqSUZ4,When a goalkeeper SCORES after 13 seconds #shorts,Premier League,UCG5qGWdu8nIRZqJ_GgDwQ-w,2022-04-17T08:31:02Z,PT16S,16,hd,false,21088292,381205,1383,jab technique front view view,goalkeeper scores|goalkeeper scoring|goalkeeper goal|goalkeeper scoring a goal|goalkeeper scoring goal|keeper scoring a goal|keeper scoring goal|13 seconds|fast goal|fastest goal|longest goal|longest goals|goalkeeper|best goalkeepers|saves|goalkeeper saves|Premier League goals|epl goals|Premier League highlights|epl highlights
jab,front,HsKmzFmDrMs,https://www.youtube.com/watch?v=HsKmzFmDrMs,Mike Tyson on how to throw a Knockout Punch 👑🥊,Fighting Centre,UCpshxsDVirv_tuyQmiKfDjA,2022-07-12T15:12:47Z,PT54S,54,hd,false,12918063,881420,4466,how to throw a jab front view,Mike Tyson|Iron Mike|Iron Mike Tyson|Boxing|Shorts|Boxing shorts|YouTube shorts|Knockout|Knockout punch|Mike Tyson knockout|Larry merchant
jab,front,BkTWWuN5fVY,https://www.youtube.com/watch?v=BkTWWuN5fVY,Boxing fundamentals: How to jab correctly 🥊,Lentz Lundy Boxing,UC21CGTjJflWBmoriFa39zOQ,2022-12-03T19:46:09Z,PT11S,11,hd,false,9250331,184416,532,proper jab mechanics front view,boxing|how to box|lentz lundy|jab|how to jab|best jab|how to throw a strong jab|how to jab correctly|boxing for beginners|boxing technique|best boxing technique|how to box for beginners|best boxing lesson|boxing lesson|jabbing mistakes|jab mistake|how to jab properly|jabs|double jab|how to jab like mayweather
jab,front,0j46IiKNUMs,https://www.youtube.com/watch?v=0j46IiKNUMs,Work your JAB-CROSS like Deontay Wilder… 🥊,FTC Boxing,UCfkgYR8M49wFbBPZdqxIpLg,2023-04-20T02:46:12Z,PT14S,14,hd,false,4174266,85636,5133,proper jab mechanics front view,deontay wilder training|deontay wilder padwork|deontay wilder pad work|deontay wilder mittwork|deontay wilder mitt work|deontay wilder pads|deontay wilder boxing coach|deontay wilder boxing trainer|deontay wilder windmill|deontay wilder boxing technique|deontay wilder training camp|deontay wilder charlie zelenoff|deontay wilder knockout|deontay wilder knockouts|deontay wilder ko|deontay wilder highlight|deontay wilder highlights
jab,front,zRBL7ISpYGk,https://www.youtube.com/watch?v=zRBL7ISpYGk,Learn This Deadly Boxing Combo🥊💥,Ekayy Boxing,UC4or62_-jM7Z-HNfeR6NCZQ,2023-08-22T13:12:01Z,PT16S,16,hd,false,4091614,102866,358,boxing jab form slow motion front view,
jab,front,nq49Zw4pE1Y,https://www.youtube.com/watch?v=nq49Zw4pE1Y,How to Jab! Pull don&#39;t Push #boxingtraining #boxingdrills #boxingshorts #boxing,The Boxing Training Network,UCU08NMLH6pFrzjCHV-zhmSg,2023-03-20T20:32:11Z,PT16S,16,hd,false,3294855,126956,1473,boxing jab form slow motion front view|boxing jab tutorial front view|how to throw a jab front view|proper jab mechanics front view,boxing training|boxing lessons|boxing at home|how to jab boxing|basic boxing training|boxing training for beginners
jab,front,HSCo5VZKHgY,https://www.youtube.com/watch?v=HSCo5VZKHgY,This #1 tip will improve your Jab ! ❗️,Fight Health TV ,UCyIoT-RWu1oYiVoJSLQ37SQ,2024-03-30T01:36:42Z,PT25S,25,hd,false,2064534,92855,1106,boxing jab form slow motion front view|boxing jab tutorial front view|how to throw a jab front view|proper jab mechanics front view,
jab,front,SwTR-wVHZ1c,https://www.youtube.com/watch?v=SwTR-wVHZ1c,How to Master the Jab Like a Pro Boxer!,THE ARENA,UCf9OzX2aA7GXfukcjP32KZw,2025-07-23T13:00:55Z,PT30S,30,hd,false,2020915,69818,775,boxing jab form slow motion front view|boxing jab tutorial front view|how to throw a jab front view|proper jab mechanics front view,how to jab in boxing|how to punch|how to throw the perfect jab|boxing punches|how to throw jab|boxing techniques|boxing jab drills|jab|boxing workout|boxing jab|how to box|boxing technique|how to jab boxing|boxing tutorial|jab boxing|boxing gym san diego|the arena boxing|san diego boxing|the arena
jab,front,QMxN1BSbTJU,https://www.youtube.com/watch?v=QMxN1BSbTJU,How to Throw a Punch in a Fight,Tony Jeffries,UCT_8YwHmACxpUootXe7yKjA,2022-02-01T16:27:41Z,PT3M54S,234,hd,false,1993292,73310,1445,how to throw a jab front view,how to punch|how to throw a punch|punch technique|how to punch correctly|how to punch properly|how to box|how to fight|how to punch harder|boxing training|boxing tips|boxing techniques|punch techniques|how to punch stronger|how to punch faster|punching technique|punching in fight|how to punch in fight|boxing basics|tony jeffries|how to punch harder and faster
jab,front,TqteZOax5fU,https://www.youtube.com/watch?v=TqteZOax5fU,You CAN slip the jab cross 🤷‍♂️,Coach Micah B.,UCF667-i2DOrBFCnmp6uzdcw,2025-03-28T21:25:28Z,PT15S,15,hd,false,1587316,40319,742,boxing jab form slow motion front view|boxing jab tutorial front view|how to throw a jab front view,
jab,front,Q2HiBSGb-sE,https://www.youtube.com/watch?v=Q2HiBSGb-sE,Can You Dodge This Punch?,Edgy Vigor Boxing,UCtp4hoX3SE-fOYJ1hDyjtLA,2023-04-20T23:32:00Z,PT15S,15,hd,false,1542407,27216,2355,how to throw a jab front view,
jab,front,MkmBwyfahD0,https://www.youtube.com/watch?v=MkmBwyfahD0,Throw Your Jab with Your Hip,Marvin Cook,UCMsEQzNrJjlRhrJ7TfROOlw,2012-04-03T01:15:07Z,PT7M4S,424,sd,false,1538544,34549,761,boxing jab tutorial front view|how to throw a jab front view|proper jab mechanics front view,THROW|YOUR|JAB|WITH|HIP|TECHNIQUE|THE|TRUE|BOXER|STANCE|boxing|mma|mixed martial arts|martial arts|traditional martial arts|art|marvin cook|how to|boxing stance|punch
jab,front,56HGBUTicnA,https://www.youtube.com/watch?v=56HGBUTicnA,How to Throw the Perfect Punch #shorts,Tony Jeffries,UCT_8YwHmACxpUootXe7yKjA,2023-03-07T16:32:47Z,PT15S,15,hd,false,1348160,29263,198,how to throw a jab front view,how to punch|boxing training|how to throw the best punch|best punch|best punch to learn|straight right hand boxing|straight punch|power punch|boxing techniques|how to box|how to throw a punch|how to punch a punching bag|how to punch correctly in boxing|boxing punches|boxing tips|boxing tips for beginners|how to throw straight right hand punch|how to punch in boxing|how to throw a power punch
jab,front,ilV4-hQaSZ0,https://www.youtube.com/watch?v=ilV4-hQaSZ0,How to Throw a Punch,Pierre Dalati,UC8Av1tO-ha143nNYzxmf1Fg,2025-05-23T19:31:56Z,PT21S,21,hd,false,1189270,28759,158,how to throw a jab front view,
jab,front,c2TqwA6V7II,https://www.youtube.com/watch?v=c2TqwA6V7II,Intermediate vs Advanced Skiers | #shorts,Carv - Digital Ski Coach,UCTxGMLFlXjI0U185EbkhNzA,2023-02-13T17:00:21Z,PT43S,43,hd,false,1180104,20378,318,jab technique front view view,skiing|intermediate skier|advanced skier|intermediate vs advanced|carv|digital ski coach|winter|how to ski|ski tutorials|ski season|ski life
jab,front,teBtAxi18GM,https://www.youtube.com/watch?v=teBtAxi18GM,How to throw your jab,How to Boxing,UCB_U56mkxRzgfuddedVI5FQ,2021-02-26T00:50:56Z,PT21S,21,sd,false,1049057,41047,669,boxing jab form slow motion front view|boxing jab tutorial front view|how to throw a jab front view|jab technique front view view|proper jab mechanics front view,
jab,front,D-E0cdLXFXI,https://www.youtube.com/watch?v=D-E0cdLXFXI,Boxing Footwork: How to Pivot #boxing #boxingtraining #boxingdrills,Day One Martial Arts,UCelU56gGGJ8RBK34-DW0ycA,2023-02-05T12:01:36Z,PT11S,11,hd,false,984621,22074,73,boxing jab form slow motion front view,
jab,front,Tr0D4DTMuIM,https://www.youtube.com/watch?v=Tr0D4DTMuIM,Floyd Mayweather Jab Control,Coach Justin Fitzgerald,UCejGE9jTdRU-nP1vSYP67tw,2022-09-11T05:31:48Z,PT14S,14,hd,false,909572,23299,331,boxing jab form slow motion front view,
jab,front,6F09-6sKQHQ,https://www.youtube.com/watch?v=6F09-6sKQHQ,How to Throw the Perfect Jab in Boxing | Jab Technique Explained. #boxing #viralvideo #fight #fyp,Valentyn Trostianchuk ,UCdIHhzu19iBa2uUHgy-ZV_Q,2025-08-15T19:52:54Z,PT39S,39,hd,false,853904,43291,264,how to throw a jab front view|jab technique front view view,
jab,front,0gtMKaCJ5I8,https://www.youtube.com/watch?v=0gtMKaCJ5I8,The Correct Way To Throw HOOKS in BOXING | Thumb Up or Thumb In,Tony Jeffries,UCT_8YwHmACxpUootXe7yKjA,2020-11-12T16:16:42Z,PT2M54S,174,hd,true,799277,21396,1223,how to throw a jab front view,proper way to throw hook in boxing|how to throw hooks in boxing|how to throw a lead hook|left hook|tone jeffries hook|how to throw a hook punch|thumb up or thumb in when throwing hook|hook hand position|boxing hook|hook punch|how to throw a hook|thumb up or in when throwing a hook|palm in or down hook|boxing|how to throw a punch|boxing punch|thumb up when throwing hook|thumb in when throwing hook|hand position when throwing hook|throw hook punch
jab,front,3dyp-jzvmVA,https://www.youtube.com/watch?v=3dyp-jzvmVA,The Power of Eye Feints in Boxing: A Surprisingly Underused Skill #boxingtechnique #boxingtips,Jab Force Fitness,UCgO6IuhDuUdz7KZTLApeUTg,2023-05-07T10:29:42Z,PT10S,10,hd,false,772089,10881,94,boxing jab form slow motion front view,Boxing|Boxingskills|Boxingtips|Selfdefensetips
jab,front,71nmi6nGcrY,https://www.youtube.com/watch?v=71nmi6nGcrY,How to Throw the Perfect Jab in Boxing,Tony Jeffries,UCT_8YwHmACxpUootXe7yKjA,2021-08-14T15:17:06Z,PT3M1S,181,hd,false,606492,19545,503,boxing jab form slow motion front view|boxing jab tutorial front view|how to throw a jab front view|proper jab mechanics front view,jab|how to jab|boxing jab|how to throw a jab|jab boxing|perfect jab|tony jeffries|how to jab boxing|how to throw a jab in boxing|jab technique boxing|boxing jab technique|tony jeffries jab|how to jab in boxing|boxing|power jab|speed jab|best jabs in boxing|how to throw jab|the jab|how to jab harder and faster
jab,front,hJgZrFohz3s,https://www.youtube.com/watch?v=hJgZrFohz3s,The Right Technique in Throwing the Uppercut #shorts,Tony Jeffries,UCT_8YwHmACxpUootXe7yKjA,2021-09-13T16:04:20Z,PT21S,21,hd,false,583724,20096,143,jab technique front view view,uppercut|uppercut boxing|how to uppercut|tony jeffries|boxing uppercut|how to throw an uppercut|boxing|how to throw uppercut|how to throw a uppercut in boxing|tony jeffries uppercut|how to throw uppercut in boxing|rear uppercut|upper cut|how to uppercut in boxing|uppercut technique|uppercut tutorial|uppercut punch|uppercuts|lead uppercut|perfect uppercut
jab,front,DWYzO2NJmCQ,https://www.youtube.com/watch?v=DWYzO2NJmCQ,How to throw a cross #shorts #boxing #dazn #ufc,Boxing Basics,UCl2O8CGf5t8lFeM3cQXf75A,2022-12-25T16:29:37Z,PT11S,11,hd,false,481114,6787,34,boxing jab form slow motion front view,boxing|boxing tips|box|boxeo|cross|punch|how to throw a cross|how to throw a cross punch|how to throw a punch|boxing basics|boxing beginner|top rank boxing|bare knuckle|ufc|mma|how to boxing|training|muay thai|kickboxing|workout
jab,front,1aUj39yG8SM,https://www.youtube.com/watch?v=1aUj39yG8SM,How to anchor a powerboat - preview of our quick video guide.,Boating Basics,UCsg2yjGeYzA_65iNvgwlItg,2023-04-20T09:12:40Z,PT28S,28,hd,false,445606,6111,28,jab technique front view view,Guide to anchoring|How to anchor|RYA day skipper|Day skipper training|Day skipper practical|Day skipper theory|Powerboat training|Quick guide to anchoring|Retrieve stuck anchor|Lowering an anchor|Boat life Uk|Boat training videos
jab,front,LtRlpieK03E,https://www.youtube.com/watch?v=LtRlpieK03E,How to punch properly,Mountainnwolff ,UCRmxKamm6lSPHqZ_jpE751g,2022-12-12T22:48:43Z,PT10S,10,hd,false,419259,0,48,proper jab mechanics front view,
jab,front,n1PPAT9hoqw,https://www.youtube.com/watch?v=n1PPAT9hoqw,What’s the correct way to punch?,Nat Hearn,UCKMYdnHrn9DCh3SQpsZWOKA,2023-11-30T15:00:43Z,PT35S,35,hd,false,389380,0,300,how to throw a jab front view,
jab,front,eBxn21FtqPg,https://www.youtube.com/watch?v=eBxn21FtqPg,The Correct Way to Throw Uppercut,Tony Jeffries,UCT_8YwHmACxpUootXe7yKjA,2022-01-18T16:19:06Z,PT2M57S,177,hd,false,374836,11040,212,how to throw a jab front view,uppercut|how to uppercut in boxing|how to throw uppercut|how to uppercut|boxing|tony jeffries uppercut|upper cut|uppercut boxing|upper cut boxing|boxing training|boxing uppercut|how to throw a lead uppercut|boxing techniques|how to punch|uppercut tutorial|lead uppercut|rear uppercut|uppercuts|best uppercuts in boxing|how to uupercut
jab,front,rkKVeNSMQKM,https://www.youtube.com/watch?v=rkKVeNSMQKM,Master the Jab: 3 ESSENTIAL Techniques,THE ARENA,UCf9OzX2aA7GXfukcjP32KZw,2025-09-22T13:01:46Z,PT43S,43,hd,false,335408,13046,149,jab technique front view view,how to jab in boxing|how to punch|how to throw the perfect jab|boxing punches|how to throw jab|boxing techniques|boxing jab drills|jab|boxing workout|boxing jab|how to box|boxing technique|how to jab boxing|boxing tutorial|jab boxing|boxing gym san diego|the arena boxing|san diego boxing|the arena|boxing drills
jab,front,6bVdmjKm2VE,https://www.youtube.com/watch?v=6bVdmjKm2VE,Dmitry Bivol&#39;s Secret Jab Technique,Fight Mythos,UC9ekmjWEOkTvInHzfii9yUg,2024-05-28T10:21:07Z,PT24S,24,hd,false,307967,15705,193,jab technique front view view,
jab,front,vJONAnLSuV4,https://www.youtube.com/watch?v=vJONAnLSuV4,Techniques de base en boxe : Jab Cross et Damato Shift #boxe #boxeanglaise #boxeur #mma #boxing,Kong DIRTY BOXING,UCt3XYjlua5RtcHyEKUkUKOQ,2025-03-26T18:42:04Z,PT14S,14,hd,false,257931,0,23,jab technique front view view,
jab,front,wjr8EJHGGMY,https://www.youtube.com/watch?v=wjr8EJHGGMY,Master the Art of Punching with Effective Head Movement #boxingtechnique #boxingtips,Jab Force Fitness,UCgO6IuhDuUdz7KZTLApeUTg,2023-05-06T14:09:40Z,PT15S,15,hd,false,249534,4653,32,boxing jab form slow motion front view|proper jab mechanics front view,Boxingtips|Boxingtraining|Boxingskills|Boxingtechniques
jab,front,LpmcS_ixyKE,https://www.youtube.com/watch?v=LpmcS_ixyKE,The Boxing Jab with Jeff Mayweather,ProTips4U,UCLmtrVc5m4n7OvmQ1jSdCKQ,2014-08-29T21:11:16Z,PT2M39S,159,hd,false,236269,5219,150,boxing jab tutorial front view,The Jab|boxing jab|how to jab in boxing|jab techniques|how to box|jab punch|Jeff Mayweather|protips4u
jab,front,a6P3Qd6titA,https://www.youtube.com/watch?v=a6P3Qd6titA,STEP JAB vs PUSH JAB,Charles Salbox,UCZyEzoVVPp6iIdMhLSeNrAg,2022-10-21T03:10:00Z,PT29S,29,hd,false,208724,9879,104,proper jab mechanics front view,Cuban boxing|boxing|boxing basics|boxing footwork drills|boxing for beginners|boxing jab|boxing jab drills|boxing jab training|boxing techniques|boxing techniques for beginners|boxing training|boxing training at home|boxing training for beginners|boxing workout|cuban boxing coach|cuban boxing school|how to jab|how to jab correctly|how to jab in boxing|how to perfect the jab
jab,front,kQhk8kOYAoQ,https://www.youtube.com/watch?v=kQhk8kOYAoQ,Mastering the Right Cross | Techniques and Variations for Power Punching  #boxingtechniques,MyBoxingCoach,UCBsoiiNF96Beqbik3LSxkUA,2024-04-15T19:55:23Z,PT33S,33,hd,false,193997,6214,79,jab technique front view view,how to throw cross boxing|how to throw cross punch|how to throw cross punch in boxing|how to throw a cross|how to throw a cross punch|how to throw a cross punch in boxing|boxing cross|cross to body|how to throw a cross to body|how to throw cross punch properly|the correct way to throw a cross|right cross|right cross punch|how to throw a right cross|how to throw a perfect cross
jab,front,0GRmOzGXGaI,https://www.youtube.com/watch?v=0GRmOzGXGaI,HOW TO JAB,Joshua Iyalla,UCl5Ytb0zePABTWOo4kmOyDA,2023-03-16T18:00:00Z,PT11S,11,hd,false,184804,4227,30,boxing jab tutorial front view|how to throw a jab front view,
jab,front,IIxk4E73R7o,https://www.youtube.com/watch?v=IIxk4E73R7o,How to Throw a Jab | Lennox Lewis Masterclass | How To Box,Sky Sports Boxing,UC_JQGBtA7P0RwkRxd7xpJcA,2018-06-12T07:30:00Z,PT1M47S,107,hd,false,178863,4450,265,boxing jab tutorial front view,Sky sports|sky sports boxing|sky sports boxing stream|anthony joshua|anthony joshua highlights|david haye|tony bellew|amir khan|How To|Boxing drills|Boxing training|How To Box|Lennox Lewis Highlights|Lennox Lewis knockouts|Lennox Lewis|Boxing|Sky Boxing|Eddie Hearn|IFL TV|How to throw a jab
jab,front,php2qxReE3Q,https://www.youtube.com/watch?v=php2qxReE3Q,The Correct Way To Jab,Cory ‘The Sandman’ Sandhagen,UC0UHsrjl-L7v2P5TPybTodw,2024-07-21T23:12:59Z,PT45S,45,hd,false,178724,0,94,boxing jab form slow motion front view|boxing jab tutorial front view|how to throw a jab front view|proper jab mechanics front view,
jab,front,Cm06zG11nm4,https://www.youtube.com/watch?v=Cm06zG11nm4,How to Master the Jab for Boxing,Coach Anthony,UCfOamDxdVYntCBFE0jyI2DA,2023-07-03T18:41:04Z,PT4M24S,264,hd,false,145434,5617,190,boxing jab tutorial front view,How to|boxing|mma|instructionals|boxing tutorials|coaching|Boxing tips|how to box at home|defense tips for boxing|striking coach|boxing coach|coach anthony boxing|boxing footwork|boxing basics|advanced boxing|advanced footwork|boxing training|boxing workout|boxing tutorial|boxing tutorial for beginners at home
jab,front,qrMSreI_Rc8,https://www.youtube.com/watch?v=qrMSreI_Rc8,Tyson hook technique #boxing #tutorial,Pavel Trusov,UCOehOLJ9HzuA_Fe4nwT8dRQ,2025-08-28T23:01:42Z,PT10S,10,hd,false,137858,1642,5,boxing jab form slow motion front view,
jab,front,euHgMEjZbyU,https://www.youtube.com/watch?v=euHgMEjZbyU,Body mechanics for the jab and positioning to defend and counter the overhand right! #jab #counter,World Class Boxing Channel,UCFd-tIEZTYhdR3lWCQ7inyg,2022-04-02T01:12:14Z,PT57S,57,hd,false,126040,6498,96,proper jab mechanics front view,
jab,front,FFS_21q8ZTc,https://www.youtube.com/watch?v=FFS_21q8ZTc,Mechanics of the jab. Paramount for offensive striking. Learn more about it on Jujiclub.com,Tristar Gym,UCzFOXkiyQiqdq2r5aUPF6Aw,2024-01-02T15:27:26Z,PT1M,60,hd,false,105930,7667,156,proper jab mechanics front view,
jab,front,e6UNuMxBIdE,https://www.youtube.com/watch?v=e6UNuMxBIdE,Step By Step Guide To Throwing The Jab | Boxing Training,FightCamp,UCJ6J1r5u8CFsbyVZ03A6IaQ,2020-03-10T16:00:11Z,PT7M56S,476,hd,false,74360,1666,47,boxing jab tutorial front view,boxing jab|how to perfect the jab|how to jab correctly|how to throw a jab|boxing tutorial|how to punch|the perfect jab|jab technique|punch technique|jab punch|how to box|boxing jab technique|boxing jab tips|boxing techniques|boxing for beginners|fightcamp boxing|boxing|boxing training|boxing how to punch|boxing jab form
jab,front,bknFo1Jt0mI,https://www.youtube.com/watch?v=bknFo1Jt0mI,The Correct Way to Throw a Double Jab...,Oracle Boxing,UCRLhtHizl1rM8EMsd7Wvj8w,2025-10-21T21:54:16Z,PT20S,20,hd,false,59459,1403,8,how to throw a jab front view,
jab,front,wGf5GdTqc18,https://www.youtube.com/watch?v=wGf5GdTqc18,How To Throw Your Jab With Perfect Technique 💥,Oracle Boxing,UCRLhtHizl1rM8EMsd7Wvj8w,2025-05-20T14:01:33Z,PT1M40S,100,hd,false,58393,4087,33,boxing jab tutorial front view|how to throw a jab front view|jab technique front view view|proper jab mechanics front view,
jab,front,jA5y-5vKBJU,https://www.youtube.com/watch?v=jA5y-5vKBJU,JAB TO BODY | Step By Step Breakdown| Slow Motion  #boxing #boxingtraining #fitness #fightcamp,FightCamp,UCJ6J1r5u8CFsbyVZ03A6IaQ,2023-10-18T17:57:17Z,PT11S,11,hd,false,44468,1341,2,boxing jab form slow motion front view,FightCamp|learn to box|boxing training|at-home fitness|at-home boxing workout|at-home kickboxing workout|connected fitness|train like a fighter
jab,front,DN7Wx8zB_-g,https://www.youtube.com/watch?v=DN7Wx8zB_-g,Fix this very common fault with your boxing jab technique | simple fix,MyBoxingCoach,UCBsoiiNF96Beqbik3LSxkUA,2023-01-25T21:19:21Z,PT58S,58,hd,false,38123,2823,43,jab technique front view view,boxing jab|boxing jab technique|jab|boxing jab tutorial|boxing jab training|boxing|boxing techniques|boxing tips|boxing training|boxing moves|fran sands|myboxingcoach|boxing combinations|boxing drills|boxing stance|boxing footwork|learn how to box|boxing coach|learn boxing|boxing skills
jab,front,pbb0PxykYNQ,https://www.youtube.com/watch?v=pbb0PxykYNQ,Mastering the Jab Cross and Hook | Boxing Technique Breakdown,MyBoxingCoach,UCBsoiiNF96Beqbik3LSxkUA,2025-08-09T15:43:24Z,PT1M,60,hd,false,4518,259,7,jab technique front view view,how to throw cross boxing|how to throw cross punch|how to throw cross punch in boxing|how to throw a cross|how to throw a cross punch|how to throw a cross punch in boxing|boxing cross|how to throw a cross to body|how to throw cross punch properly|the correct way to throw a cross|right cross|right cross punch|how to throw a right cross|how to throw a perfect cross|right hook|long right hook|boxing basics|beginner boxing|boxing for beginners|left hook
jab,front,NjneRrqC0Ps,https://www.youtube.com/watch?v=NjneRrqC0Ps,New JAB Technique for #boxing - “Jeet Sao” also known as the “Intercepting Fist”,BOXR,UCYqDL23xHcqNCf8MMOJhdGQ,2022-03-06T22:32:16Z,PT41S,41,hd,false,1579,48,1,jab technique front view view,
