technique,angle,stance,quality,keep,segment_start_s,segment_end_s,notes,video_id,url,title,channel_title,channel_id,published_at,duration_iso8601,duration_seconds,definition,caption,view_count,like_count,comment_count,query_hit,tags
jab,,,,no,,,,IMoKmFhFd1M,https://www.youtube.com/watch?v=IMoKmFhFd1M,Peanut Time Lapse #amazingtube #timelapse,Amazing Tube,UCU9FjEKGwl40uHfSgjgnYaQ,2023-02-06T12:58:34Z,PT44S,44,hd,false,188475667,4498347,8394,jab form slow motion,timelapse|tua nhanh|nay mam|time lapse|growing|plant|trong cay|peanut|dau phong
jab,,,,no,,,,QAWD_7QxC50,https://www.youtube.com/watch?v=QAWD_7QxC50,LaMelo disrespected the entire Hawks team 💀 #shorts,GD's Highlights,UCd_EkHbEutirFl_XSrg95kA,2022-03-17T21:00:17Z,PT14S,14,hd,false,58397216,2418775,11164,jab form slow motion,lamelo ball|lamelo|lamelo ball highlights|lamelo ball hornets
jab,,,,no,,,,x1auTcXFJNw,https://www.youtube.com/watch?v=x1auTcXFJNw,Remy (monarch caterpillar) variable speed time-lapse,Benjamin Hill,UChT6H3q3E-WT38-V0eXc7nQ,2021-10-05T02:51:35Z,PT59S,59,sd,false,54965211,2192380,14646,jab form slow motion,
jab,,,,yes,,,,UMgN9zcC0Qw,https://www.youtube.com/watch?v=UMgN9zcC0Qw,How to punch correctly…,Nat Hearn,UCKMYdnHrn9DCh3SQpsZWOKA,2024-10-26T17:00:28Z,PT23S,23,hd,false,41463718,0,4323,boxing jab tutorial|how to throw a jab|proper jab mechanics,
jab,,,,no,,,,dYppZ6HKFd8,https://www.youtube.com/watch?v=dYppZ6HKFd8,Long jump technique #shorts #trendingshorts #reels,jumperAj,UCELwpXdvKcdwBWrEDWQWKSg,2022-04-17T04:33:20Z,PT16S,16,hd,false,40671668,1482915,971,jab form slow motion,
jab,,,,no,,,,JN4jMvdQBXs,https://www.youtube.com/watch?v=JN4jMvdQBXs,Will water make it FASTER? 🤔,SoupTimmy,UCpp1GoykvTBuPiZt3FiFHjg,2023-05-27T00:36:00Z,PT41S,41,hd,false,26841364,792240,1134,jab form slow motion,
jab,,,,no,,,,mPRYljb58Is,https://www.youtube.com/watch?v=mPRYljb58Is,How To Solve a Corner Twist,Cube For Speed,UCAcLx67GTdR0-nkS8ZhC3OA,2023-06-25T11:01:21Z,PT21S,21,hd,false,25685010,518285,1009,jab form slow motion,
jab,,,,yes,,,,SW4Tx0wH65c,https://www.youtube.com/watch?v=SW4Tx0wH65c,How to though a Quick Snapping Powerful jab. #theworldsfastestjab #quickjab #boxing #jab,Sensei Aaron Allen,UCa_CqBdeQ6U4VVlG0_uKXEA,2016-08-15T20:35:29Z,PT16S,16,sd,false,24170360,815001,8694,boxing jab tutorial|how to throw a jab|jab form slow motion|proper jab mechanics,Boxing|Fast hands|Quick Punching|Bruce Lee|Mma|martial arts|Self Defense|Karate|Bulling|Combat Ladies Self Defense.|selfdefensetechniques|selfdefenseinstructor|selfdefensecoach|selfdefenseforwomen|selfdefenseforkids|selfdefenceguy|boxing|ninjitsu|kungfu|karate
jab,,,,no,,,,NDnRE7Qxpss,https://www.youtube.com/watch?v=NDnRE7Qxpss,Pea - Time Lapse #plants # timelapse,Amazing Tube,UCU9FjEKGwl40uHfSgjgnYaQ,2023-05-30T03:00:08Z,PT43S,43,hd,false,16535749,362893,782,jab form slow motion,timelapse|tua nhanh|nay mam|time lapse|growing|plant|trong cay|pea|amazing tube
jab,,,,yes,,,,HsKmzFmDrMs,https://www.youtube.com/watch?v=HsKmzFmDrMs,Mike Tyson on how to throw a Knockout Punch 👑🥊,Fighting Centre,UCpshxsDVirv_tuyQmiKfDjA,2022-07-12T15:12:47Z,PT54S,54,hd,false,12916181,881441,4467,how to throw a jab,Mike Tyson|Iron Mike|Iron Mike Tyson|Boxing|Shorts|Boxing shorts|YouTube shorts|Knockout|Knockout punch|Mike Tyson knockout|Larry merchant
jab,,,,yes,,,,eECq-mcqAoQ,https://www.youtube.com/watch?v=eECq-mcqAoQ,How to Throw the Double-Jab #shorts,Precision Striking,UC4PwJo76WpTOk-3N8dazt1A,2021-06-30T10:00:30Z,PT52S,52,hd,false,11624607,731815,3777,boxing jab tutorial|how to throw a jab|jab form slow motion|proper jab mechanics,
jab,,,,no,,,,FEymlgZrrQQ,https://www.youtube.com/watch?v=FEymlgZrrQQ,Implementation of cover drive tips of virat kohli #viral #trending #shorts #cricket,Suhas Givari Cricket ,UCev0jg2c-4-kFm9Xt8woZ7Q,2022-08-17T16:01:52Z,PT14S,14,hd,false,9411798,370197,749,jab form slow motion,
jab,,,,yes,,,,BkTWWuN5fVY,https://www.youtube.com/watch?v=BkTWWuN5fVY,Boxing fundamentals: How to jab correctly 🥊,Lentz Lundy Boxing,UC21CGTjJflWBmoriFa39zOQ,2022-12-03T19:46:09Z,PT11S,11,hd,false,9198017,184042,533,boxing jab tutorial|how to throw a jab|proper jab mechanics,boxing|how to box|lentz lundy|jab|how to jab|best jab|how to throw a strong jab|how to jab correctly|boxing for beginners|boxing technique|best boxing technique|how to box for beginners|best boxing lesson|boxing lesson|jabbing mistakes|jab mistake|how to jab properly|jabs|double jab|how to jab like mayweather
jab,,,,no,,,,U7IKXrNeUEw,https://www.youtube.com/watch?v=U7IKXrNeUEw,Win Chess in just 2 Moves Only! #Shorts,Immortal Wazir -English,UCAJAvZckXWvKiwAG2CEkbnQ,2022-04-10T17:33:28Z,PT18S,18,hd,true,7389747,229499,1200,jab form slow motion,chess|checkmate|checkmate chess|2 moves checkmate|checkmate in 2 moves|easy checkmate|how win chess fast|how win chess every game|checkmate in two moves|Fool's mate|fool mate|ajedrez|шахматы|echecs|échecs|catur|schach|shatranj|scacchi|immortalwazir
jab,,,,no,,,,dmksoJc2hJg,https://www.youtube.com/watch?v=dmksoJc2hJg,Teaching details in the footwork ✍🏾 #shorts,ChrisJohnsonHoops,UCSWVIwg0PgMx5xTNHKVvUsQ,2021-05-17T10:00:24Z,PT18S,18,hd,false,6729426,169808,1129,jab form slow motion,
jab,,,,yes,,,,Jq4--rtLBPs,https://www.youtube.com/watch?v=Jq4--rtLBPs,Boxing Lessons With Floyd Mayweather #Shorts,FightCamp,UCJ6J1r5u8CFsbyVZ03A6IaQ,2022-04-12T16:30:07Z,PT1M,60,hd,false,6399794,476824,6289,boxing jab tutorial|how to throw a jab|proper jab mechanics,floyd mayweather|floyd mayweather boxing training|floyd mayweather boxing techniques|floyd mayweather boxing highlights|floyd mayweather boxing lesson|boxing|boxing techniques|boxing lessons|jab|cross|hook|upper cut|basic boxing combos|boxing combos for beginners|fundamentals of boxing|boxing training|how to box like floyd mayweather|floyd mayweather vs logan paul|floyd mayweather counter punches|floyd mayweather defense training
jab,,,,yes,,,,3u6lojo40a8,https://www.youtube.com/watch?v=3u6lojo40a8,Learn This EASY Boxing Combo For BEGINNERS,Ekayy Boxing,UC4or62_-jM7Z-HNfeR6NCZQ,2023-06-14T16:40:18Z,PT16S,16,hd,false,5121486,179252,568,boxing jab tutorial,
jab,,,,yes,,,,IatBcuQ0OhA,https://www.youtube.com/watch?v=IatBcuQ0OhA,This song tells the truth 😔😥||Doraemon theme song||&quot;Jab ham bade ho jayenge&quot;||#Doraemonthemesongedit,VerseVibes_Editz,UCPe3g0Mbjrw9x_-3RwWcIBg,2024-05-30T08:14:02Z,PT24S,24,hd,false,4949698,328288,3859,jab form slow motion,
jab,,,,no,,,,IlbwrF6un8E,https://www.youtube.com/watch?v=IlbwrF6un8E,How to Jump Serve Tutorial 🏐🔥,David Seybering,UCncy6AElVSiSCpYERNE1t1A,2021-09-15T23:30:00Z,PT17S,17,hd,false,4923627,238360,278,jab form slow motion,
jab,,,,yes,,,,udo0RzY-9Cg,https://www.youtube.com/watch?v=udo0RzY-9Cg,How To Throw A Perfect Punch,BuzzFeed Multiplayer,UCBUVGPsJzc1U8SECMgBaMFw,2014-10-24T01:20:42Z,PT1M43S,103,hd,false,4715736,72076,2399,how to throw a jab,epic|tae kwondo|perfect human|technique|BuzzFeed Science|buzzfeed|Facts|speed|blue|diplomacy|jackie chan|punch|martial arts|amazing|video|boxing|crazy|perfect|slow-motion|hand wraps
jab,,,,yes,,,,cQOMIiECOjk,https://www.youtube.com/watch?v=cQOMIiECOjk,Jab Cross Hook Uppercut Basic Punching Speed #viral #martialartslife #boxing,Muhammad Usman,UC1SeGx9u8X-X9wsuRdnAZ4A,2024-01-26T10:22:43Z,PT10S,10,hd,false,4484514,88797,114,boxing jab tutorial|jab form slow motion|proper jab mechanics,
jab,,,,no,,,,2AopA8XXMDw,https://www.youtube.com/watch?v=2AopA8XXMDw,Dumbbell Bench Press Mistake (KILLING GAINS!),Andrew Kwong (DeltaBolic),UCerweoBkwQOb_zwx3NfUD1g,2022-02-10T16:23:08Z,PT13S,13,hd,false,4384160,69171,181,jab form slow motion,
jab,,,,yes,,,,frX41U80vLU,https://www.youtube.com/watch?v=frX41U80vLU,3 Beginner Boxing Footwork Drills 👊🏼,Ex-Fitness,UCEfWjRB2mcFTP3ySIROnzmQ,2024-04-09T04:36:24Z,PT10S,10,hd,false,4297221,90542,119,boxing jab tutorial,
jab,,,,yes,,,,CG1oqBm2Yjw,https://www.youtube.com/watch?v=CG1oqBm2Yjw,“Right and Wrong” Boxing Techniques,Andrii Khotin,UCm1dm5st6Jpi-KXrYptEhbQ,2024-12-10T18:00:15Z,PT16S,16,hd,false,4202048,78938,296,boxing jab tutorial,
jab,,,,yes,,,,0j46IiKNUMs,https://www.youtube.com/watch?v=0j46IiKNUMs,Work your JAB-CROSS like Deontay Wilder… 🥊,FTC Boxing,UCfkgYR8M49wFbBPZdqxIpLg,2023-04-20T02:46:12Z,PT14S,14,hd,false,4154654,85397,5121,jab form slow motion|proper jab mechanics,deontay wilder training|deontay wilder padwork|deontay wilder pad work|deontay wilder mittwork|deontay wilder mitt work|deontay wilder pads|deontay wilder boxing coach|deontay wilder boxing trainer|deontay wilder windmill|deontay wilder boxing technique|deontay wilder training camp|deontay wilder charlie zelenoff|deontay wilder knockout|deontay wilder knockouts|deontay wilder ko|deontay wilder highlight|deontay wilder highlights
jab,,,,yes,,,,zRBL7ISpYGk,https://www.youtube.com/watch?v=zRBL7ISpYGk,Learn This Deadly Boxing Combo🥊💥,Ekayy Boxing,UC4or62_-jM7Z-HNfeR6NCZQ,2023-08-22T13:12:01Z,PT16S,16,hd,false,4042093,102083,357,boxing jab tutorial|how to throw a jab|proper jab mechanics,
jab,,,,yes,,,,f-wTOQw5oi4,https://www.youtube.com/watch?v=f-wTOQw5oi4,The Jab Is Not A Push To The Front Leg. It’s a turn of the CORE and a DROP OF THE HIP. #boxing #jab,World Class Boxing Channel,UCFd-tIEZTYhdR3lWCQ7inyg,2025-04-29T16:55:07Z,PT54S,54,hd,false,3898674,121673,1817,proper jab mechanics,
jab,,,,yes,,,,K8lD-48xhWI,https://www.youtube.com/watch?v=K8lD-48xhWI,The REALEST guide to throwing kicks #muaythai #mma #fighting,Chris Jereza,UCxuP9kRpL9pcaGZK2M8gvIQ,2025-01-28T13:56:29Z,PT32S,32,hd,false,3859984,264987,2248,muay thai jab technique,
jab,,,,yes,,,,qkbV8GRnsZ0,https://www.youtube.com/watch?v=qkbV8GRnsZ0,Bruce Lee demonstrating Kung Fu strikes 🥋,Fighting Centre,UCpshxsDVirv_tuyQmiKfDjA,2022-08-14T15:07:25Z,PT26S,26,hd,false,3858286,291202,3995,jab form slow motion,Bruce Lee|Kung fu|Bruce Lee shorts|Shorts|YouTube shorts|Boxing shorts|MMA|Martial arts|Jeet kune do|Karate|Boxing|UFC
jab,,,,no,,,,RiW8eOy7P08,https://www.youtube.com/watch?v=RiW8eOy7P08,MICHAEL JORDAN MID FADE BREAKDOWN #basketball,Keith Poitier Performance,UCOH5976-B62OqOOpC4rkGzQ,2023-06-17T18:49:26Z,PT38S,38,hd,false,3683825,168351,617,jab form slow motion,
jab,,,,yes,,,,8UOeuH7v8_g,https://www.youtube.com/watch?v=8UOeuH7v8_g,HOW TO THROW HOOKS EFFECTIVELY!,Luxury Grindset,UCYVQKALqr23iwNNwGhIX32Q,2022-12-02T22:51:36Z,PT23S,23,hd,false,3647735,178218,893,boxing jab tutorial|how to throw a jab|jab form slow motion|proper jab mechanics,#shorts #youtubeshorts #motivation #inspiration #boxing #kickboxing
jab,,,,no,,,,O3fjksDgQVU,https://www.youtube.com/watch?v=O3fjksDgQVU,Leg Spin in Slo Mo #Cricket #LegSpin #bigbash,Brisbane Heat,UCBmBVN9nyD1vLKomLKGt6LQ,2023-01-14T01:13:57Z,PT11S,11,hd,false,3586288,83909,0,jab form slow motion,
jab,,,,no,,,,aN_uD98UaF0,https://www.youtube.com/watch?v=aN_uD98UaF0,Silver Bullet Tutorial｜Cobra Kai,Karate Dojo waKu,UCbmtRTG0IPSGwWl5iKaRxWw,2022-10-07T14:00:03Z,PT15S,15,hd,false,3552012,95980,827,jab form slow motion,karate|shotokan|karate shotokan|shotokan karate|karate sensei|karate tutorial|karate how to|karate dojo waku|yusuke nagano|sensei seth|karate nerd|jesse enkamp|kumite|karate kid|cobra kai|cobra kai season 5|cobra kai season 5 spoilers|cobra kai 5|cobra kai season 5 react|cobra kai season 5 reaction
jab,,,,yes,,,,A1z-HTSNHJE,https://www.youtube.com/watch?v=A1z-HTSNHJE,How to Punch Really Hard in a Boxing Fight,Tony Jeffries,UCT_8YwHmACxpUootXe7yKjA,2024-02-15T16:19:52Z,PT47S,47,hd,false,3544807,215553,987,boxing jab tutorial,how to punch hard in boxing|how to punch harder boxing|how to punch hard|how to punch harder|punch hard in boxing|punch hard|how to punch in boxing|how to punch harder in boxing|boxing techniques to punch harder|boxing techniques|boxing tips|boxing punch techniques|boxing punch tips|technique to punch hard|punch harder in boxing|punching power|how to increase punching power|punching power technique|how to punch|punch harder
jab,,,,yes,,,,nq49Zw4pE1Y,https://www.youtube.com/watch?v=nq49Zw4pE1Y,How to Jab! Pull don&#39;t Push #boxingtraining #boxingdrills #boxingshorts #boxing,The Boxing Training Network,UCU08NMLH6pFrzjCHV-zhmSg,2023-03-20T20:32:11Z,PT16S,16,hd,false,3289549,126877,1472,boxing jab tutorial|how to throw a jab|jab form slow motion|muay thai jab technique|proper jab mechanics,boxing training|boxing lessons|boxing at home|how to jab boxing|basic boxing training|boxing training for beginners
jab,,,,no,,,,JwDYMxcf2vE,https://www.youtube.com/watch?v=JwDYMxcf2vE,How to hold and shoot a basketball❗️,Ryan Razooky (R2BBALL),UC-SAFHahv5Nj_O_7keuJNEA,2022-10-18T15:54:24Z,PT12S,12,hd,false,3153773,65363,339,jab form slow motion,
jab,,,,no,,,,xnX6X0PCD1o,https://www.youtube.com/watch?v=xnX6X0PCD1o,volleyball training Spike🏐🔥,Best VolleyBall,UCQ5jPVWYK8XZMbMnRGc8-Ig,2021-05-10T10:16:36Z,PT10S,10,hd,false,3027707,79168,173,jab form slow motion,Fédération Internationale de Volleyball|Premier Volleyball League|European Volleyball Confederation|Asian Volleyball Confederation|CEV Champions League|BVA Cup|Men's Volleyball Thailand League|V-League|Croatian 1A Volleyball League|Turkish Men's Volleyball League|FIVB Volleyball Men's World Championship|Tunisian Men's Volleyball League|CEV Challenge Cup|Russian Volleyball Super League|FIVB Volleyball Men's Club World Championship|Deutsche Volleyball-Bundesliga
jab,,,,no,,,,4kuIQMA-xLc,https://www.youtube.com/watch?v=4kuIQMA-xLc,FIX Your Jump Shot Instantly With This Tip! 🏀 #shorts,ILoveBasketballTV,UCgP1mu1UXba9r2owhCHo--g,2022-09-02T21:34:00Z,PT27S,27,hd,false,3015997,138019,256,jab form slow motion,basketball|nba|shooting a basketball|three pointer|jumpshot|fadeaway|basketball tips and tricks|how to shoot a basketball|adding range in basketball|shooting tips|nba moves|nba basketball moves|nba shooting|ballislife|overtime|Steph curry|Steph Curry shooting|splash bros|basketball motivation|nba workout
jab,,,,no,,,,oN4gSSG0M9Q,https://www.youtube.com/watch?v=oN4gSSG0M9Q,Webster ( Suicide) Tutorial in 4- steps - easy flips every,Bimal Rana,UC0AALJ9SyFy_zocizxmfKSg,2023-03-11T11:30:14Z,PT22S,22,hd,false,2401042,62066,177,jab form slow motion,
jab,,,,yes,,,,saEhfu_h3N8,https://www.youtube.com/watch?v=saEhfu_h3N8,The 6 Basic Punches That Everyone Needs To Know 👊,Budo Boxing,UCiwVq8GHL__Z1Sqw4v_uo7g,2023-06-09T10:24:22Z,PT12S,12,hd,false,2390269,40058,77,boxing jab tutorial,how to punch|martial arts|punch|boxing
jab,,,,yes,,,,k0UCflEVhB4,https://www.youtube.com/watch?v=k0UCflEVhB4,The inside slip 🔥😮‍💨 #boxing #tutorial #boxeo #boxingtraining #boxers #amateurboxing #viral,Thoseboxingbrothers,UCAUyg0AeCxiKI9gPqniA52Q,2023-04-19T17:21:54Z,PT28S,28,hd,false,2316961,126002,588,boxing jab tutorial,
jab,,,,no,,,,sq4Avpv5LAQ,https://www.youtube.com/watch?v=sq4Avpv5LAQ,How Normal Basketball Players Shoot…,Dr. Dish Basketball,UC_gC-U2kO9laGuRaC4KM6WQ,2022-12-30T01:00:16Z,PT18S,18,hd,false,2299804,56975,405,jab form slow motion,
jab,,,,no,,,,jtKYADDxqVs,https://www.youtube.com/watch?v=jtKYADDxqVs,Minato’s speed… 😳🥵 #narutoshippuden #shorts,CHROME FX,UC92zM1widoMlQhdIjgD5c8g,2023-01-11T01:01:30Z,PT21S,21,hd,false,2290998,110468,1102,jab form slow motion,Naruto|Jujitsu kaisan|Minato|Minato shorts|Reanimated shorts|One peice|Chainsaw man|Dragon ball z|Anime|Sasuke|Naruto vs Sasuke|Shorts|Anime shorts|Naruto shorts|One peice shorts|Edit|CapCut edit|After effects|Reanimated Itachi|Drawing
jab,,,,no,,,,Z-lLzlFExmI,https://www.youtube.com/watch?v=Z-lLzlFExmI,Long Jump Technique || Hybrid (Hang - Hitch Kick) #trackandfield #longjump,Jumpers Junction,UCFvN0LzDvu1v6wvx6FxTc-w,2022-07-02T00:46:28Z,PT15S,15,hd,false,2108366,33124,56,jab form slow motion,
jab,,,,yes,,,,HSCo5VZKHgY,https://www.youtube.com/watch?v=HSCo5VZKHgY,This #1 tip will improve your Jab ! ❗️,Fight Health TV ,UCyIoT-RWu1oYiVoJSLQ37SQ,2024-03-30T01:36:42Z,PT25S,25,hd,false,2057598,92723,1104,boxing jab tutorial|how to throw a jab|jab form slow motion|muay thai jab technique|proper jab mechanics,
jab,,,,yes,,,,IOQ09-FhFVU,https://www.youtube.com/watch?v=IOQ09-FhFVU,Canelo’s Perfect Punch,Fight Mythos,UC9ekmjWEOkTvInHzfii9yUg,2024-09-05T06:27:57Z,PT21S,21,hd,false,2017109,89635,1211,boxing jab tutorial|proper jab mechanics,
jab,,,,yes,,,,yZ0D2Qp8hX0,https://www.youtube.com/watch?v=yZ0D2Qp8hX0,Basic boxing combo 1-2-3 roll RH-3-2-roll LH-2-3 #boxingtips #boxing,Joey Ferrara,UCo8UeMKlUH7dbbUfQ-c4C1w,2023-10-09T10:12:15Z,PT16S,16,hd,false,2012354,43629,209,boxing jab tutorial,
jab,,,,yes,,,,SwTR-wVHZ1c,https://www.youtube.com/watch?v=SwTR-wVHZ1c,How to Master the Jab Like a Pro Boxer!,THE ARENA,UCf9OzX2aA7GXfukcjP32KZw,2025-07-23T13:00:55Z,PT30S,30,hd,false,1999418,69096,767,boxing jab tutorial|how to throw a jab|jab form slow motion|muay thai jab technique|proper jab mechanics,how to jab in boxing|how to punch|how to throw the perfect jab|boxing punches|how to throw jab|boxing techniques|boxing jab drills|jab|boxing workout|boxing jab|how to box|boxing technique|how to jab boxing|boxing tutorial|jab boxing|boxing gym san diego|the arena boxing|san diego boxing|the arena
jab,,,,yes,,,,QMxN1BSbTJU,https://www.youtube.com/watch?v=QMxN1BSbTJU,How to Throw a Punch in a Fight,Tony Jeffries,UCT_8YwHmACxpUootXe7yKjA,2022-02-01T16:27:41Z,PT3M54S,234,hd,false,1990866,73227,1444,how to throw a jab,how to punch|how to throw a punch|punch technique|how to punch correctly|how to punch properly|how to box|how to fight|how to punch harder|boxing training|boxing tips|boxing techniques|punch techniques|how to punch stronger|how to punch faster|punching technique|punching in fight|how to punch in fight|boxing basics|tony jeffries|how to punch harder and faster
jab,,,,no,,,,SelmFJJfIIo,https://www.youtube.com/watch?v=SelmFJJfIIo,6 Strike rotation options against leg spin #Shorts,CoachCricXI - Extra,UCbJf46FC0GJfoyaTS8AIAJg,2022-02-14T14:05:23Z,PT14S,14,hd,false,1836515,42773,84,jab form slow motion,How to play leg spin|Batting options against leg spin|Tips on how to play leg spin|Sweeping options against leg spin|How to play a sweep shot|How to play a slog sweep shot|How to play a reverse sweep shot|Batting drills|Batting skills|Batting tips|Batting techniques|Cricket coaching|Online cricket coaching|cricket drills|Cricket skills|Coachcric|CCXI|Cricket USA|Cricket England|Cricket Australia
jab,,,,no,,,,Uor44wJBeJw,https://www.youtube.com/watch?v=Uor44wJBeJw,Master of moving in the BLOCK 👐#volleyball #shorts #beginners,Volleyball Mastery,UCgS1yz9A1N5dahg91_dUVzQ,2023-03-01T17:15:01Z,PT11S,11,hd,false,1834953,43411,47,jab form slow motion,
jab,,,,no,,,,eZ18wqZUxTc,https://www.youtube.com/watch?v=eZ18wqZUxTc,SPIN A PEN Around Your Thumb in 2 EASY Steps 👍,Ryzing Spins,UCe2DZnQOZlsvT5Dv_njMb6A,2023-01-17T22:00:15Z,PT13S,13,hd,false,1818882,23610,364,jab form slow motion,thumb around pen spinning|penspinning thumb around|how to do the thumb around pen trick|thumb spin pen trick|pen trick thumb around|pencil spinning thumb around|pen spinning tutorial|thumb around pen spinning tutorial|how to pen spin|penspinning tricks|how to spin a pen in your hand|how to spin a pencil|how to spin a pen|beginner pen spinning tricks
jab,,,,yes,,,,rdi5rX_rd58,https://www.youtube.com/watch?v=rdi5rX_rd58,How to Shadow Box,Pierre Dalati,UC8Av1tO-ha143nNYzxmf1Fg,2025-03-07T19:18:04Z,PT50S,50,hd,false,1683559,102722,334,boxing jab tutorial,
jab,,,,yes,,,,XbS2y-4mMVI,https://www.youtube.com/watch?v=XbS2y-4mMVI,How to throw a perfect muay thai kick 🥊 #shorts,"Sean ""Muay Thai Guy"" Fagan",UCpRyzlMgSv7_9eMhq-l3DAw,2023-01-10T14:00:22Z,PT16S,16,hd,false,1611649,50102,257,jab form slow motion,muay thai kick|how to switch kick muay thai|muay thai switch kick|muay thai roundhouse kick|muay thai heavy bag workout|heavy bag workout for muay thai|muay thai body kick|muay thai workout|muay thai roundhouse kick technique|roundhouse kick|muay thai kicking techniques|muay thai roundhouse|how to throw a roundhouse kick|how to roundhouse kick muay thai|roundhouse kick muay thai|how to improve muay thai kicks|how to kick in muay thai|how to muay thai kick
jab,,,,no,,,,6ZMQ6FITDl8,https://www.youtube.com/watch?v=6ZMQ6FITDl8,Amazing Things In Slow Motion….😳 @Starr02  #shorts #shortsfeed,StarFireShorts,UC1qi29JIh37TEbl5Bn-m_zw,2023-05-06T10:30:02Z,PT21S,21,hd,false,1595201,65706,323,jab form slow motion,Amazing Things In Slow Motion….😳 @Starr02  #shorts #shortsfeed|ItsHeidiWong|kurlyheadbarii|kurlyheadmarr|MrBeast2|CoryxKenshin|MrBallen|samandcolby|Starr02|Scary|Videos|Tiktok|Shorts|Youtube|Sml|Scary videos|Scary tiktok|Shorts feed|Shorts video
jab,,,,yes,,,,TqteZOax5fU,https://www.youtube.com/watch?v=TqteZOax5fU,You CAN slip the jab cross 🤷‍♂️,Coach Micah B.,UCF667-i2DOrBFCnmp6uzdcw,2025-03-28T21:25:28Z,PT15S,15,hd,false,1577137,40213,741,boxing jab tutorial|how to throw a jab|jab form slow motion|muay thai jab technique|proper jab mechanics,
jab,,,,yes,,,,Q2HiBSGb-sE,https://www.youtube.com/watch?v=Q2HiBSGb-sE,Can You Dodge This Punch?,Edgy Vigor Boxing,UCtp4hoX3SE-fOYJ1hDyjtLA,2023-04-20T23:32:00Z,PT15S,15,hd,false,1515613,26777,2325,boxing jab tutorial|proper jab mechanics,
jab,,,,yes,,,,mV-CxYE90V0,https://www.youtube.com/watch?v=mV-CxYE90V0,Boxing Lessons With Floyd Mayweather l Basics Of Boxing,FightCamp,UCJ6J1r5u8CFsbyVZ03A6IaQ,2022-02-11T05:30:31Z,PT1M24S,84,hd,false,1507903,45752,1712,boxing jab tutorial|proper jab mechanics,floyd mayweather|floyd mayweather boxing training|floyd mayweather boxing techniques|floyd mayweather boxing highlights|floyd mayweather boxing lesson|boxing|boxing techniques|boxing lessons|jab|cross|hook|upper cut|basic boxing combos|boxing combos for beginners|fundamentals of boxing|boxing training|how to box like floyd mayweather|floyd mayweather vs logan paul|floyd mayweather counter punches|floyd mayweather defense training
jab,,,,no,,,,Sh5ycq0buBw,https://www.youtube.com/watch?v=Sh5ycq0buBw,How Does Dental Braces Work,Dr Wealz,UCbvHC7HP2hJ4zcIVfelTtZg,2022-10-04T03:56:50Z,PT24S,24,hd,true,1492773,21947,138,jab form slow motion,How Does Dental Braces Work|Orthodontics (Field Of Study)|orthodontist|3D Video|braces|Dentistry (Industry)|Dentist (Profession)|dentistry 3D|Dentist A Coruna|orthodontic before and after|Science Insider|human|human body|body|body science|human body science|dentistry|teeth|teeth science|dental
jab,,,,yes,,,,URfr2V-mVDw,https://www.youtube.com/watch?v=URfr2V-mVDw,6 Effective Boxing Footwork Drills For Beginners,The Jassa,UCaQyni5wEphMf-LCVBemBMg,2023-12-02T11:30:25Z,PT20S,20,hd,false,1461128,55129,100,boxing jab tutorial,
jab,,,,yes,,,,kzzZcyUFyfk,https://www.youtube.com/watch?v=kzzZcyUFyfk,How to do a proper jab by Benny Urquidez,World Martial Arts Information Center,UC339N27vaLUjNr7wFwd7eUg,2016-03-11T00:07:11Z,PT3M7S,187,hd,false,1453712,48276,2434,how to throw a jab,Benny Urquidez
jab,,,,yes,,,,FnJ58s38h6E,https://www.youtube.com/watch?v=FnJ58s38h6E,Genius way to Punish the Jab 🥊🧠 #boxing,Nansend Sports,UCTQVmgNH7HvXTUCNg3pCmfw,2025-09-12T20:29:54Z,PT40S,40,hd,false,1428640,41848,330,proper jab mechanics,
jab,,,,yes,,,,56HGBUTicnA,https://www.youtube.com/watch?v=56HGBUTicnA,How to Throw the Perfect Punch #shorts,Tony Jeffries,UCT_8YwHmACxpUootXe7yKjA,2023-03-07T16:32:47Z,PT15S,15,hd,false,1334258,29104,198,boxing jab tutorial|how to throw a jab|proper jab mechanics,how to punch|boxing training|how to throw the best punch|best punch|best punch to learn|straight right hand boxing|straight punch|power punch|boxing techniques|how to box|how to throw a punch|how to punch a punching bag|how to punch correctly in boxing|boxing punches|boxing tips|boxing tips for beginners|how to throw straight right hand punch|how to punch in boxing|how to throw a power punch
jab,,,,no,,,,li3SwwMEPh4,https://www.youtube.com/watch?v=li3SwwMEPh4,Volleyball setting tips🏐 #volleyball #volley #volleyballworld #spike #shorts,VolleyVlogs,UCfp7Cr0ohdb84i435cxSwAQ,2023-03-08T00:40:08Z,PT16S,16,hd,false,1332853,17658,13,jab form slow motion,
jab,,,,yes,,,,F0YRKLbfU9o,https://www.youtube.com/watch?v=F0YRKLbfU9o,How to Land Hook to the Body  #shorts,Tony Jeffries,UCT_8YwHmACxpUootXe7yKjA,2021-08-26T16:59:01Z,PT13S,13,hd,false,1260178,36863,240,proper jab mechanics,hook technique|how to land hook to the body|hook boxing|boxing hook|tony jeffries hook|boxing training|how to throw a punch|how to throw hook|boxing punches|how to throw a hook punch|how to punch|boxing for beginners|boxing punches|hook breakdown|setup shot for hook|hook setup for boxing|how to hook punch|how to hook punch boxing|body shot boxing|punch to the body
jab,,,,yes,,,,Og_a6KtYB9s,https://www.youtube.com/watch?v=Og_a6KtYB9s,Jab Cross Hook Uppercut 💥 Boxing Basics At Home Training | Fitness Shorts,MMA & Crossfitness India,UCBbkoi-lR3G05oe8TRdN7kg,2025-08-30T13:30:32Z,PT10S,10,hd,false,1237932,0,0,how to throw a jab|proper jab mechanics,
jab,,,,yes,,,,ilV4-hQaSZ0,https://www.youtube.com/watch?v=ilV4-hQaSZ0,How to Throw a Punch,Pierre Dalati,UC8Av1tO-ha143nNYzxmf1Fg,2025-05-23T19:31:56Z,PT21S,21,hd,false,1181053,28621,158,boxing jab tutorial|how to throw a jab|proper jab mechanics,
jab,,,,no,,,,-EOuF5FZe3I,https://www.youtube.com/watch?v=-EOuF5FZe3I,Cristiano Ronaldo skills tutorial 🇵🇹⚽🚀 #shorts #viral #youtubeshorts #tutorial,SudipJr official,UCwT16JBDGttyVtKKrE9gpUw,2023-06-14T13:13:21Z,PT11S,11,hd,false,1171482,11139,37,jab form slow motion,Cristiano Ronaldo skills tutorial|football|footballskills|skills|shorts|viralshorts|sudipjr
jab,,,,no,,,,hML9vjR6wX0,https://www.youtube.com/watch?v=hML9vjR6wX0,3 Tricks To Help Master A Double Leg Attack,Coach Bosak Wrestling,UCyaxTGt0bN-DLrFowPwGFTQ,2022-11-07T15:16:27Z,PT16S,16,hd,false,1128231,0,66,jab form slow motion,
jab,,,,no,,,,3cmPXU1Fy10,https://www.youtube.com/watch?v=3cmPXU1Fy10,100m full Block start | back cam 💯🇱🇰 #blockstart #trainingdiaries,Chamod 100m 🇱🇰,UCdjoD5uwST8T6qb7Vt90TEw,2023-01-29T12:30:02Z,PT23S,23,hd,false,1064321,0,65,jab form slow motion,#blockstart|#training|#100m
jab,,,,yes,,,,teBtAxi18GM,https://www.youtube.com/watch?v=teBtAxi18GM,How to throw your jab,How to Boxing,UCB_U56mkxRzgfuddedVI5FQ,2021-02-26T00:50:56Z,PT21S,21,sd,false,1047598,41024,669,boxing jab tutorial|jab form slow motion|proper jab mechanics,
jab,,,,yes,,,,Lk_opl4QkLU,https://www.youtube.com/watch?v=Lk_opl4QkLU,Boxing Must Do Footwork Drills,Andrii Khotin,UCm1dm5st6Jpi-KXrYptEhbQ,2024-10-26T15:00:21Z,PT19S,19,hd,false,1043660,46371,107,boxing jab tutorial,
jab,,,,yes,,,,ZFthjTMzOCo,https://www.youtube.com/watch?v=ZFthjTMzOCo,Effective Boxing Footwork Drills,The Jassa,UCaQyni5wEphMf-LCVBemBMg,2024-11-18T09:07:08Z,PT15S,15,hd,false,1033553,0,89,boxing jab tutorial,
jab,,,,yes,,,,1JHVNzLkbUg,https://www.youtube.com/watch?v=1JHVNzLkbUg,5 Beginner Boxing Footwork Drills To Master,Edgy Vigor Boxing,UCtp4hoX3SE-fOYJ1hDyjtLA,2023-12-01T22:14:31Z,PT16S,16,hd,false,1019618,39363,153,boxing jab tutorial,
jab,,,,no,,,,PtnsKktluX0,https://www.youtube.com/watch?v=PtnsKktluX0,🚫 Basic Layups Are Not Enough,Get Handles Basketball,UC5dQbtRQ0Wjux7JKtDjFJTw,2022-11-22T12:29:55Z,PT13S,13,hd,false,1016371,18015,69,jab form slow motion,basketball drills|basketball layup|basketball moves|basketball|lay up
jab,,,,no,,,,1fiZYIlX5tg,https://www.youtube.com/watch?v=1fiZYIlX5tg,Hardik Pandya hits it big in the nets | हार्दिक की बल्लेबाजी | IPL 2021,Mumbai Indians,UCl23mvQ3321L7zO6JyzhVmg,2021-09-29T02:30:00Z,PT11S,11,hd,false,998503,37659,118,jab form slow motion,Indian Cricket|Mumbai Indians|MI|IPL|Mumbai Indians 2021|IPL 2021
jab,,,,yes,,,,-PnqL2fkdzc,https://www.youtube.com/watch?v=-PnqL2fkdzc,Improve Your Kicking Balance and Power With THIS Simple Drill,"Sean ""Muay Thai Guy"" Fagan",UCpRyzlMgSv7_9eMhq-l3DAw,2022-07-27T01:32:43Z,PT11S,11,hd,false,980513,39660,86,jab form slow motion,hip rotation mobility drill to improve your kicking|want quicker rotation on your roundhouse kicks|beginner drill to improve your muay thai hip turn|best exercises for hip rotation|how do you increase kicking power|how can I improve my kicking accuracy|how can I improve my weak leg kicks|how do roundhouses kick faster|how to develop kicking power and mobility|how to throw muay thai kicks with flexibility & power|how to improve my hip rotation for roundhouse kicks
jab,,,,yes,,,,D-E0cdLXFXI,https://www.youtube.com/watch?v=D-E0cdLXFXI,Boxing Footwork: How to Pivot #boxing #boxingtraining #boxingdrills,Day One Martial Arts,UCelU56gGGJ8RBK34-DW0ycA,2023-02-05T12:01:36Z,PT11S,11,hd,false,969768,21847,73,jab form slow motion|proper jab mechanics,
jab,,,,yes,,,,92Vheo6blkk,https://www.youtube.com/watch?v=92Vheo6blkk,Learn How To Throw A Lightning Fast Jab ⚡️#shorts #boxing,Vardlon,UCE9QX-VQ7nrBo2-ILqK2-eg,2024-09-07T15:38:43Z,PT13S,13,hd,false,931733,38894,900,how to throw a jab,Boxing|Mma
jab,,,,yes,,,,Tr0D4DTMuIM,https://www.youtube.com/watch?v=Tr0D4DTMuIM,Floyd Mayweather Jab Control,Coach Justin Fitzgerald,UCejGE9jTdRU-nP1vSYP67tw,2022-09-11T05:31:48Z,PT14S,14,hd,false,905111,23240,331,jab form slow motion,
jab,,,,no,,,,Z2JOYj4QUOY,https://www.youtube.com/watch?v=Z2JOYj4QUOY,Messi Amazing Drop of the Shoulder 🤯🧠,Be Your Best,UCEG-Y4_BMyEHaLFmG4FcIyg,2022-12-10T12:32:50Z,PT12S,12,hd,false,879830,21724,96,jab form slow motion,
jab,,,,yes,,,,lD-eRgslvo0,https://www.youtube.com/watch?v=lD-eRgslvo0,Learn the FLICKER JAB 🫡🥊 #boxing #viral #learntobox #boxingtraining #shorts,Thoseboxingbrothers,UCAUyg0AeCxiKI9gPqniA52Q,2024-02-24T19:31:19Z,PT1M1S,61,hd,false,844860,47811,244,boxing jab tutorial|how to throw a jab|jab form slow motion,
jab,,,,yes,,,,6F09-6sKQHQ,https://www.youtube.com/watch?v=6F09-6sKQHQ,How to Throw the Perfect Jab in Boxing | Jab Technique Explained. #boxing #viralvideo #fight #fyp,Valentyn Trostianchuk ,UCdIHhzu19iBa2uUHgy-ZV_Q,2025-08-15T19:52:54Z,PT39S,39,hd,false,842801,42817,264,boxing jab tutorial|how to throw a jab|jab form slow motion|proper jab mechanics,
jab,,,,yes,,,,9R7wWh6GF24,https://www.youtube.com/watch?v=9R7wWh6GF24,Michael Jai White: Punching Correctly,Real Michael Jai White,UCI_lMrU-GmgsuPiEV2nLIkg,2018-11-08T19:34:23Z,PT57S,57,hd,false,832331,31057,766,proper jab mechanics,michael jai white|action|striking|MMA|UFC|punching|fighting|training|punching exercises|training tips|punching tibs|work out tips|mma tips|michael jai white workout|michael jai white training|best mma|martial artist|martial arts|martial arts tips|professional mma fighter
jab,,,,no,,,,_YtaTClEuoc,https://www.youtube.com/watch?v=_YtaTClEuoc,Monarch caterpillar to chrysalis in 15 seconds! 😲🦋 #monarchbutterfly #metamorphosis,Science North,UCg0gdRCjCsymDfMfUTL1RDA,2022-08-25T17:41:04Z,PT15S,15,hd,false,803282,8624,97,jab form slow motion,
jab,,,,yes,,,,8djqI6kNH3I,https://www.youtube.com/watch?v=8djqI6kNH3I,Gazelle punch tutorial,Trevor Hannant,UCWi7KHXTNPGdVh_bStskL5A,2024-11-06T16:26:48Z,PT13S,13,hd,false,790109,41991,179,boxing jab tutorial,
jab,,,,no,,,,H_U1gYtyCUA,https://www.youtube.com/watch?v=H_U1gYtyCUA,What Do You See?? College Pitcher 4 Seam Fastball Slow Motion,ARM Pitching Developmet,UCiZSITziLXKEUZk4q_lo-WA,2023-05-18T18:00:13Z,PT15S,15,hd,false,760295,8417,178,jab form slow motion,baseball|pitching|4 seam fastball|college|slow motion pitching|slow motion fastball|fastball|pitching mechanics slow motion|slow|motion|pitcher|pitch|youth pitching|what|do|you|see|change|up|arm pitching development
jab,,,,yes,,,,3lawJ1dO0Mk,https://www.youtube.com/watch?v=3lawJ1dO0Mk,How to Slip Punches like a PRO Boxer #shorts,Tony Jeffries,UCT_8YwHmACxpUootXe7yKjA,2022-12-12T16:19:46Z,PT43S,43,hd,false,725848,42150,197,boxing jab tutorial|how to throw a jab|jab form slow motion|proper jab mechanics,how to slip boxing|boxing slip|boxing slips|how to slip punches in boxing|how to slip punches|slip punches in boxing|slip punches|slipping punches|boxing defense|head movement|how to dodge punches|boxing for beginners|how to slip a punch|tony jeffries|how to slip a punch in boxing|how to slip in boxing|slipping punches boxing|head movement boxing|slip boxing|boxing head movement
jab,,,,yes,,,,h1iYn7NVFfw,https://www.youtube.com/watch?v=h1iYn7NVFfw,Follow These 3 Steps For A Deadly Left Hook 🥊,Oracle Boxing,UCRLhtHizl1rM8EMsd7Wvj8w,2024-12-05T15:00:46Z,PT14S,14,hd,false,724370,24401,157,boxing jab tutorial|proper jab mechanics,
jab,,,,yes,,,,nw366XHB1Zk,https://www.youtube.com/watch?v=nw366XHB1Zk,Basic Boxing Combination Drills #boxing #boxingtips,GZ,UCjF7PUHbLwMg7cNmOCIETDA,2024-12-07T16:50:07Z,PT13S,13,hd,false,676897,20893,56,boxing jab tutorial,
jab,,,,no,,,,9Gp2OmP6AKw,https://www.youtube.com/watch?v=9Gp2OmP6AKw,Powerful 3m spike #haikyuu #receive #volleyball #sports #tutorials #attack #jump #combination,Athletico,UCxq0oUu1gLQnSJUFL7SkWpQ,2023-01-14T15:32:58Z,PT12S,12,hd,false,647687,10636,29,jab form slow motion,
jab,,,,yes,,,,71nmi6nGcrY,https://www.youtube.com/watch?v=71nmi6nGcrY,How to Throw the Perfect Jab in Boxing,Tony Jeffries,UCT_8YwHmACxpUootXe7yKjA,2021-08-14T15:17:06Z,PT3M1S,181,hd,false,604780,19512,503,boxing jab tutorial|how to throw a jab|jab form slow motion|muay thai jab technique|proper jab mechanics,jab|how to jab|boxing jab|how to throw a jab|jab boxing|perfect jab|tony jeffries|how to jab boxing|how to throw a jab in boxing|jab technique boxing|boxing jab technique|tony jeffries jab|how to jab in boxing|boxing|power jab|speed jab|best jabs in boxing|how to throw jab|the jab|how to jab harder and faster
jab,,,,yes,,,,qWRrWUrcUA4,https://www.youtube.com/watch?v=qWRrWUrcUA4,How to Throw 2 Perfect POWER Punches in Boxing,Tony Jeffries,UCT_8YwHmACxpUootXe7yKjA,2023-12-21T17:40:49Z,PT21S,21,hd,false,599885,25403,204,boxing jab tutorial|proper jab mechanics,how to punch|1 2 punch in boxing|1 2 punch|one two punch|2 punch in boxing|2 punch boxing|one two|boxing one two|how to box|how to throw a punch|boxing tips|how to throw 2 punches in boxing|1 2 punch boxing|boxing punches
jab,,,,yes,,,,t4r4FPY-Zcg,https://www.youtube.com/watch?v=t4r4FPY-Zcg,6 Jab Variation 🥊🔥,Jab Force Fitness,UCgO6IuhDuUdz7KZTLApeUTg,2023-09-22T09:57:27Z,PT30S,30,hd,false,598202,26408,157,boxing jab tutorial|how to throw a jab|jab form slow motion|proper jab mechanics,Boxing|Boxing tips|Boxing training|Boxing 101|Boxing skills
jab,,,,no,,,,jst0n42tm7A,https://www.youtube.com/watch?v=jst0n42tm7A,Sunflower time-lapse,Nature in Motion,UCO_MtajTztaENkOvbUIaqlA,2021-11-26T23:41:03Z,PT31S,31,hd,false,586072,9429,77,jab form slow motion,#YouCut|how to grow|sunflower seeds|germination|botany|time-lapse|nature time-lapse|plant time-lapse|timelapse|nature|how to grow plants|seed germination
jab,,,,yes,,,,-hy2QLE567o,https://www.youtube.com/watch?v=-hy2QLE567o,How to punch - the right CROSS #boxing #boxingtraining,Day One Martial Arts,UCelU56gGGJ8RBK34-DW0ycA,2022-03-26T00:12:19Z,PT23S,23,hd,false,534350,15474,60,proper jab mechanics,
jab,,,,yes,,,,DWYzO2NJmCQ,https://www.youtube.com/watch?v=DWYzO2NJmCQ,How to throw a cross #shorts #boxing #dazn #ufc,Boxing Basics,UCl2O8CGf5t8lFeM3cQXf75A,2022-12-25T16:29:37Z,PT11S,11,hd,false,474786,6725,32,how to throw a jab|proper jab mechanics,boxing|boxing tips|box|boxeo|cross|punch|how to throw a cross|how to throw a cross punch|how to throw a punch|boxing basics|boxing beginner|top rank boxing|bare knuckle|ufc|mma|how to boxing|training|muay thai|kickboxing|workout
jab,,,,yes,,,,neS7wdvid6E,https://www.youtube.com/watch?v=neS7wdvid6E,MASTER The Jab-Cross-Hook,THE ARENA,UCf9OzX2aA7GXfukcjP32KZw,2025-08-25T13:01:32Z,PT52S,52,hd,false,459541,20147,310,boxing jab tutorial|proper jab mechanics,jab cross hook|jab cross hook combo|jab cross hook boxing|boxing|how to punch|how to punch in boxing|boxing training|boxing drills|boxing coach|boxing techniques|boxing combos|boxing combinations|boxing fundamentals|boxing combos for beginners|boxing drills for beginners|boxing tips|how to throw a cross punch|how to throw a jab|how to throw a hook|boxing gym san diego
jab,,,,yes,,,,ki-0wwH5GzQ,https://www.youtube.com/watch?v=ki-0wwH5GzQ,Boxing Tips: Footwork Drills To Create Angles,Hayabusa,UC9ek7KlMjULZkZ8U6n6Tnrw,2023-08-01T20:05:14Z,PT11S,11,hd,false,458550,10522,23,boxing jab tutorial,Hayabusa fitness combat|hayabusa mma|hayabusa fight|boxing gloves|hayabusa boxing gloves|mma techniques|bjj drills bjj techniques no gi drills
jab,,,,yes,,,,_r1Cg7A7tVo,https://www.youtube.com/watch?v=_r1Cg7A7tVo,Learn the Basic Boxing Stance: Essential Tips and Techniques,HybridFitness,UCz9TubLNyoq8faX_RfJeDXg,2024-04-22T03:10:30Z,PT31S,31,hd,false,455374,12253,121,boxing jab tutorial,boxing training|how to box|boxing techniques|boxing for beginners|boxing stance for beginners|tony jeffries|boxing stance|boxing training for beginners|boxing tips|boxing technique|boxing basics|how to punch|boxing techniques for beginners|boxing techniques combinations|boxing techniques defense|boxing for beginners at home|boxing training at home|boxing training footwork|boxing for beginners punching bag|boxing for beginners footwork
jab,,,,yes,,,,q5Xc2Uj4uJ4,https://www.youtube.com/watch?v=q5Xc2Uj4uJ4,Boxings Most Dangerous Punch - The Ghost Jab,Ring IQ,UClMJD8TSZaEkcXpvWEBWJoA,2025-09-14T19:00:46Z,PT3M44S,224,hd,false,432478,17127,363,how to throw a jab,boxing|michael jai white|boxing jab
jab,,,,yes,,,,LtRlpieK03E,https://www.youtube.com/watch?v=LtRlpieK03E,How to punch properly,Mountainnwolff ,UCRmxKamm6lSPHqZ_jpE751g,2022-12-12T22:48:43Z,PT10S,10,hd,false,413698,0,47,proper jab mechanics,
jab,,,,yes,,,,n1PPAT9hoqw,https://www.youtube.com/watch?v=n1PPAT9hoqw,What’s the correct way to punch?,Nat Hearn,UCKMYdnHrn9DCh3SQpsZWOKA,2023-11-30T15:00:43Z,PT35S,35,hd,false,387330,0,299,boxing jab tutorial|how to throw a jab,
jab,,,,no,,,,McNg22pV2S4,https://www.youtube.com/watch?v=McNg22pV2S4,Between Legs Mistake ❌,Get Handles Basketball,UC5dQbtRQ0Wjux7JKtDjFJTw,2022-12-01T12:50:33Z,PT15S,15,hd,false,383355,12335,52,jab form slow motion,basketball
jab,,,,yes,,,,mpO95ca9qig,https://www.youtube.com/watch?v=mpO95ca9qig,How to throw a perfect jab! #boxing #boxingtraining #shorts ￼,BoxingwithEddie,UC82CC3slHM06qAeH1KpWOGg,2025-07-31T02:13:22Z,PT13S,13,hd,false,335815,6014,53,how to throw a jab,
jab,,,,yes,,,,rkKVeNSMQKM,https://www.youtube.com/watch?v=rkKVeNSMQKM,Master the Jab: 3 ESSENTIAL Techniques,THE ARENA,UCf9OzX2aA7GXfukcjP32KZw,2025-09-22T13:01:46Z,PT43S,43,hd,false,334835,13013,149,how to throw a jab,how to jab in boxing|how to punch|how to throw the perfect jab|boxing punches|how to throw jab|boxing techniques|boxing jab drills|jab|boxing workout|boxing jab|how to box|boxing technique|how to jab boxing|boxing tutorial|jab boxing|boxing gym san diego|the arena boxing|san diego boxing|the arena|boxing drills
jab,,,,no,,,,ttfSa74InTo,https://www.youtube.com/watch?v=ttfSa74InTo,ATTENTION: This Is How You Penetration Step For A BETTER Shot,Legion AJJ,UCXkjwl2vLztWptkjjGSHZvQ,2022-12-13T22:58:48Z,PT21S,21,hd,false,329809,13938,69,jab form slow motion,jiu jitsu|ajj|bjj|brazilian jiu jitsu|legion ajj|american jiu jitsu|legion san diego|legion hq|grappling|submission grappling|tap|keenan|legion|sandiego|miramar
jab,,,,yes,,,,xKeO7XwlrCI,https://www.youtube.com/watch?v=xKeO7XwlrCI,How To Uppercut In Boxing Correctly,Edgy Vigor Boxing,UCtp4hoX3SE-fOYJ1hDyjtLA,2024-05-11T13:51:23Z,PT11S,11,hd,false,328770,6407,75,proper jab mechanics,
jab,,,,yes,,,,Uc5SseMvnho,https://www.youtube.com/watch?v=Uc5SseMvnho,2 Ways To Punch Faster,GlitchBoxing,UCaMA4BlnXCL81DSTV-QIUUQ,2024-03-21T14:00:18Z,PT14S,14,hd,false,315145,11012,55,boxing jab tutorial,
jab,,,,yes,,,,GdMe8Wre-Lc,https://www.youtube.com/watch?v=GdMe8Wre-Lc,How to throw the Perfect Jab 📝🥊 #shorts #boxing #boxer #boxingtraining  #boxinglife #naoyainoue,Fight Genius,UCUY_dXXtQCFkk8NXuRrHHoQ,2024-09-22T19:34:13Z,PT20S,20,hd,false,306988,16685,197,how to throw a jab|jab form slow motion|proper jab mechanics,
jab,,,,yes,,,,6bVdmjKm2VE,https://www.youtube.com/watch?v=6bVdmjKm2VE,Dmitry Bivol&#39;s Secret Jab Technique,Fight Mythos,UC9ekmjWEOkTvInHzfii9yUg,2024-05-28T10:21:07Z,PT24S,24,hd,false,306338,15677,193,boxing jab tutorial|proper jab mechanics,
jab,,,,yes,,,,IFQrFAdDpOk,https://www.youtube.com/watch?v=IFQrFAdDpOk,Beginner Muay Thai Combo (know this one!),Vivek Nakarmi - Pentagon MMA,UC8rOKQJRT9NKw8Hb_2spMJw,2024-02-09T14:24:58Z,PT37S,37,hd,false,302275,14839,115,muay thai jab technique,
jab,,,,yes,,,,rJ5QS4QtRQc,https://www.youtube.com/watch?v=rJ5QS4QtRQc,How to slip punches 🥊🔥#boxing #boxingtechnique #fighttips #selfdefence #boxeo,DTBXING,UCPXTZAV_Bmw9xqz3Mp6m7dA,2024-10-19T15:43:08Z,PT14S,14,hd,false,298117,10141,41,boxing jab tutorial|proper jab mechanics,
jab,,,,no,,,,KNiKnPyCSEw,https://www.youtube.com/watch?v=KNiKnPyCSEw,Triple Jump | #10 Drills &amp; Progressions: The run up,Athletics3D,UCIY25Hq6EADnpYysiKceKog,2020-04-19T11:00:31Z,PT14S,14,hd,false,297955,3618,18,jab form slow motion,
jab,,,,yes,,,,pvS7R1HfArk,https://www.youtube.com/watch?v=pvS7R1HfArk,Muay Thai Basics: Jab - AKA Techniques,AKA Thailand,UCDyUfCyv4n5wXjcjxOnlkZQ,2019-06-07T10:16:56Z,PT42S,42,hd,true,289953,4177,34,muay thai jab technique,AKA Thailand|Mike Swick|AKA Techniques|Savage Life Media|MMA|Mixed Martial Arts|We Are AKA|Instructional|Fight For It|MMA Fighter|Phuket|Training|Muay Thai|Basics|Techniques|Jab|Kru Bird|Thailand|Beginner
jab,,,,yes,,,,BdRJ9nleV7U,https://www.youtube.com/watch?v=BdRJ9nleV7U,Southpaws BEWARE!!⚠️🥊 #tutorial #boxing #boxingtraining #learntobox #boxingtutorial #viral #shorts,Thoseboxingbrothers,UCAUyg0AeCxiKI9gPqniA52Q,2023-06-21T15:42:54Z,PT29S,29,hd,false,285031,18277,126,boxing jab tutorial,
jab,,,,yes,,,,gXoqnWkvo70,https://www.youtube.com/watch?v=gXoqnWkvo70,Boxing for Muay Thai - Defending the Jab with Jean-Charles Skarbowsky,Stuart Tomlinson,UCpLH5tDGl_QiRJ1eDUTLFxQ,2024-01-14T16:12:41Z,PT47S,47,hd,false,281127,12609,193,muay thai jab technique,
jab,,,,yes,,,,EBCiIc-A22k,https://www.youtube.com/watch?v=EBCiIc-A22k,How to slip boxing skill - super-slick slipping punches,MyBoxingCoach,UCBsoiiNF96Beqbik3LSxkUA,2023-01-16T22:50:01Z,PT57S,57,hd,false,263515,18319,142,proper jab mechanics,boxing drills|boxing training|myboxingcoach|boxing techniques|boxing stance|boxing footwork|boxing tips|boxing fitness|learn how to box|boxing coach|learn boxing|boxing skills|beginner boxing|beginner boxer|how to box|power punch|power punching|best boxing combinations|boxing combinations|boxing workout
jab,,,,yes,,,,Ssm-Z8EUsB8,https://www.youtube.com/watch?v=Ssm-Z8EUsB8,Jab ham bade ho jayenge ✨#class#shortvideo#shorts#trendingshorts#viralvideo#subscribe#like#doraemon,@ItzBhavya_,UC6tpj1FOAC2U1sx-Tj75kXQ,2025-03-30T13:02:05Z,PT10S,10,hd,false,247621,4476,130,jab form slow motion,
jab,,,,yes,,,,wjr8EJHGGMY,https://www.youtube.com/watch?v=wjr8EJHGGMY,Master the Art of Punching with Effective Head Movement #boxingtechnique #boxingtips,Jab Force Fitness,UCgO6IuhDuUdz7KZTLApeUTg,2023-05-06T14:09:40Z,PT15S,15,hd,false,245520,4585,30,proper jab mechanics,Boxingtips|Boxingtraining|Boxingskills|Boxingtechniques
jab,,,,yes,,,,RFUAVaeEd4I,https://www.youtube.com/watch?v=RFUAVaeEd4I,Boxing 101: Jabbing - How To Jab By Lennox Lewis #boxing #boxer #fighter #fight #training #knockout,UnpluggedBoxing,UCosgu2SH6oqtKyh2OK_4QvQ,2022-04-04T10:23:46Z,PT53S,53,hd,false,244609,13274,644,boxing jab tutorial|proper jab mechanics,
jab,,,,yes,,,,uJAgJfjvICM,https://www.youtube.com/watch?v=uJAgJfjvICM,The Difference Between Block and Parry in Boxing,Oracle Boxing,UCRLhtHizl1rM8EMsd7Wvj8w,2024-04-20T15:00:52Z,PT24S,24,hd,false,240146,9825,81,boxing jab tutorial,Boxing|How to Box|Amateur|Box|Fight
jab,,,,yes,,,,7PGEGcTHHmg,https://www.youtube.com/watch?v=7PGEGcTHHmg,How to Do a Jab | Kickboxing Lessons,HowcastSportsFitness,UCV5hEOemT-y3o-5pd0QmauQ,2013-04-12T22:28:54Z,PT1M39S,99,hd,false,237561,2073,43,boxing jab tutorial,kickboxing training|kickboxing jab|kickboxing|howcast|kickboxer|kickboxing workout|cardio kickboxing|kick boxing|kickboxing techniques|kickboxing class|kickboxing moves|kickboxing lessons|kickboxing drills|kickboxing workout video|how to kickbox
jab,,,,yes,,,,Ejz9HJHQZag,https://www.youtube.com/watch?v=Ejz9HJHQZag,Muay Thai Technique - Basic Punches,Vivek Nakarmi - Pentagon MMA,UC8rOKQJRT9NKw8Hb_2spMJw,2017-05-24T14:20:27Z,PT2M57S,177,hd,false,236348,6100,145,muay thai jab technique,muay thai|boxing|martial arts|mixed martial arts|mma|punch|jab|cross|hook|uppercut|Fitness|workout
jab,,,,yes,,,,LpmcS_ixyKE,https://www.youtube.com/watch?v=LpmcS_ixyKE,The Boxing Jab with Jeff Mayweather,ProTips4U,UCLmtrVc5m4n7OvmQ1jSdCKQ,2014-08-29T21:11:16Z,PT2M39S,159,hd,false,236205,5220,150,boxing jab tutorial|proper jab mechanics,The Jab|boxing jab|how to jab in boxing|jab techniques|how to box|jab punch|Jeff Mayweather|protips4u
jab,,,,yes,,,,nKWWhzSjylk,https://www.youtube.com/watch?v=nKWWhzSjylk,How To Do The Pull Counter | Boxing Tutorial,Pad Flow ,UC2jWSkoIcgI09_10zFM17aQ,2022-06-20T03:41:14Z,PT31S,31,hd,false,228185,8313,72,boxing jab tutorial,
jab,,,,yes,,,,CM-oZ7AshHI,https://www.youtube.com/watch?v=CM-oZ7AshHI,How to ghost jab in boxing,letmesaveyou,UCHPDET0O5FMG6IH9hdv5miw,2024-01-13T02:26:05Z,PT18S,18,hd,false,227792,7048,88,boxing jab tutorial|how to throw a jab|proper jab mechanics,
jab,,,,yes,,,,Jt5R67DsXt0,https://www.youtube.com/watch?v=Jt5R67DsXt0,You MUST know this essential Muay Thai combo!,Vivek Nakarmi - Pentagon MMA,UC8rOKQJRT9NKw8Hb_2spMJw,2024-02-21T20:13:59Z,PT22S,22,hd,false,213488,9721,58,muay thai jab technique,
jab,,,,yes,,,,Tl5jcCRYRic,https://www.youtube.com/watch?v=Tl5jcCRYRic,Muay Thai Training: How to counter the jab with Chef Lessei,Chef Luke's Daily Special,UCcuphwTYTHFq5-j_sZZzHLw,2024-01-24T22:40:25Z,PT1M,60,hd,false,213308,7145,140,muay thai jab technique,Muay Thai|Teep|Teep counter|How to counter|Counter Teep|Muay Thai training|Mma|Mixed martial arts|One|One championship|How to defend|Switch kick|How to counter a Teep|How to switch kick|How to beat someone up|How to become a beast|Muay Thai champion|Muay Thai legend|Grim hustle|Grim hustle university
jab,,,,yes,,,,a6P3Qd6titA,https://www.youtube.com/watch?v=a6P3Qd6titA,STEP JAB vs PUSH JAB,Charles Salbox,UCZyEzoVVPp6iIdMhLSeNrAg,2022-10-21T03:10:00Z,PT29S,29,hd,false,208285,9872,104,proper jab mechanics,Cuban boxing|boxing|boxing basics|boxing footwork drills|boxing for beginners|boxing jab|boxing jab drills|boxing jab training|boxing techniques|boxing techniques for beginners|boxing training|boxing training at home|boxing training for beginners|boxing workout|cuban boxing coach|cuban boxing school|how to jab|how to jab correctly|how to jab in boxing|how to perfect the jab
jab,,,,yes,,,,rzgYlilqiIU,https://www.youtube.com/watch?v=rzgYlilqiIU,STOP Throwing Your Jab LIKE THIS!? How to Throw a PERFECT JAB #ufc #boxing #combatsports #ufcfight,Kajan Johnson MMA,UCxK2atNAMdP1H28l2RiZEbw,2023-10-28T22:30:06Z,PT49S,49,hd,false,200065,14401,222,jab form slow motion,
jab,,,,yes,,,,kQhk8kOYAoQ,https://www.youtube.com/watch?v=kQhk8kOYAoQ,Mastering the Right Cross | Techniques and Variations for Power Punching  #boxingtechniques,MyBoxingCoach,UCBsoiiNF96Beqbik3LSxkUA,2024-04-15T19:55:23Z,PT33S,33,hd,false,192013,6172,76,boxing jab tutorial|proper jab mechanics,how to throw cross boxing|how to throw cross punch|how to throw cross punch in boxing|how to throw a cross|how to throw a cross punch|how to throw a cross punch in boxing|boxing cross|cross to body|how to throw a cross to body|how to throw cross punch properly|the correct way to throw a cross|right cross|right cross punch|how to throw a right cross|how to throw a perfect cross
jab,,,,no,,,,Dsoc4mWC9w8,https://www.youtube.com/watch?v=Dsoc4mWC9w8,Jab jab scotts Best Amapiano Dance tutorial 2025 New #dance #amapianotv #amapianotv #amapianodance,Dollar Bee Leo,UCiHghVEVbugQxx2wa7wQB0g,2025-11-30T01:40:24Z,PT12S,12,hd,false,190319,902,16,jab form slow motion,
jab,,,,yes,,,,cHpUfBbdB0o,https://www.youtube.com/watch?v=cHpUfBbdB0o,How To Punch Faster (SNAP Your Punches),Glove Up,UC7pkMgqBxFsErwWwXjXq9CA,2025-08-11T14:59:32Z,PT30S,30,hd,false,189629,6846,77,proper jab mechanics,Boxing punch|boxing punches|boxing training|how to punch|boxing basics|how to box|how to throw a punch|muay thai punch|muay thai|mixed martial arts|martial arts|kickboxing|muay thai training|snap punch|boxing tips|snapping punches|punch technique|boxing coach|boxing training at home|power punch
jab,,,,yes,,,,0GRmOzGXGaI,https://www.youtube.com/watch?v=0GRmOzGXGaI,HOW TO JAB,Joshua Iyalla,UCl5Ytb0zePABTWOo4kmOyDA,2023-03-16T18:00:00Z,PT11S,11,hd,false,181798,4184,30,how to throw a jab|proper jab mechanics,
jab,,,,yes,,,,SmzJRltXFy4,https://www.youtube.com/watch?v=SmzJRltXFy4,Southpaw Defense: Slipping the Jab,Kenyon Sessoms,UCyNdx9mi6J0JNdmMAj0-AZw,2024-03-28T16:00:19Z,PT11S,11,hd,false,181713,5028,27,proper jab mechanics,
jab,,,,yes,,,,IIxk4E73R7o,https://www.youtube.com/watch?v=IIxk4E73R7o,How to Throw a Jab | Lennox Lewis Masterclass | How To Box,Sky Sports Boxing,UC_JQGBtA7P0RwkRxd7xpJcA,2018-06-12T07:30:00Z,PT1M47S,107,hd,false,178770,4449,265,boxing jab tutorial|how to throw a jab,Sky sports|sky sports boxing|sky sports boxing stream|anthony joshua|anthony joshua highlights|david haye|tony bellew|amir khan|How To|Boxing drills|Boxing training|How To Box|Lennox Lewis Highlights|Lennox Lewis knockouts|Lennox Lewis|Boxing|Sky Boxing|Eddie Hearn|IFL TV|How to throw a jab
jab,,,,yes,,,,Os2s_Kya3_o,https://www.youtube.com/watch?v=Os2s_Kya3_o,How to Throw a Jab | MMA Fighting,Howcast,UCSpVHeDGr9UbREhRca0qwsA,2012-07-21T09:09:33Z,PT53S,53,hd,true,177078,1741,30,how to throw a jab,Howcast|what is mixed martial arts|ultimate fighting|MMA fighting|about mixed martial arts|martial arts mma|mixed martial arts|jiu jitsu|martial arts classes|brazilian jiu jitsu|martial arts training|how to cage fight|how to throw a jab
jab,,,,yes,,,,php2qxReE3Q,https://www.youtube.com/watch?v=php2qxReE3Q,The Correct Way To Jab,Cory ‘The Sandman’ Sandhagen,UC0UHsrjl-L7v2P5TPybTodw,2024-07-21T23:12:59Z,PT45S,45,hd,false,175758,0,94,boxing jab tutorial|how to throw a jab|jab form slow motion|muay thai jab technique|proper jab mechanics,
jab,,,,yes,,,,ivMTzY70Hlg,https://www.youtube.com/watch?v=ivMTzY70Hlg,Snap that JAB 🔥🍝 #tutorial #boxing #boxingtraining #learntobox #viral #shorts #boxingtutorial,Thoseboxingbrothers,UCAUyg0AeCxiKI9gPqniA52Q,2023-07-13T19:44:43Z,PT37S,37,hd,false,156558,12416,82,boxing jab tutorial,
jab,,,,yes,,,,qeRNPpCQGY4,https://www.youtube.com/watch?v=qeRNPpCQGY4,How to Throw a Left Jab | Boxing Lessons,Howcast,UCSpVHeDGr9UbREhRca0qwsA,2012-11-10T17:05:17Z,PT2M27S,147,hd,true,156397,892,58,how to throw a jab,Box|boxing|box how to|how to box|boxing how to|how to boxing|boxing training|boxing workout|boxing techniques|boxing video|boxing sparring|boxing drills|boxing tips|boxing lessons|boxing training drills|how to punch|Howcast
jab,,,,no,,,,1f290DPRerE,https://www.youtube.com/watch?v=1f290DPRerE,jab jab jab challenge tutorial 😎🕺🏻 #amapianodance #viral #tiktokchallenge #amapianodancechallenge,Bash Moliko,UCMS8vAIg6mHICiz0rcHkaBg,2025-11-23T15:34:58Z,PT11S,11,hd,false,147174,803,6,jab form slow motion,
jab,,,,yes,,,,opkRmwKD4nk,https://www.youtube.com/watch?v=opkRmwKD4nk,Muay Thai Basics: Jab 1-2 Combo - AKA Techniques,AKA Thailand,UCDyUfCyv4n5wXjcjxOnlkZQ,2019-06-07T11:17:07Z,PT44S,44,hd,true,136940,2104,16,muay thai jab technique,AKA Thailand|Mike Swick|AKA Techniques|Savage Life Media|MMA|Mixed Martial Arts|We Are AKA|Instructional|Fight For It|MMA Fighter|Phuket|Training|Muay Thai|Basics|Techniques|Jab|Kru Bird|Thailand|Beginner|1-2 Combo
jab,,,,no,,,,e_p9F983Zy0,https://www.youtube.com/watch?v=e_p9F983Zy0,Short arm Jab shot ft.Shubman Gill 💥🏏 #cricket #trending #viral #reels #practice #match #indvspak,Wicket Talk With NAZAR,UCwGj9FES3MH_oqO0ldUxiKQ,2025-04-01T07:43:00Z,PT10S,10,hd,false,132540,1568,6,jab form slow motion,Virat Kohli|practice|Ms dhoni|Cristiano Ronaldo|shubman Gill|Sachin Tendulkar|Rohit Sharma|jasprit bumrah|cricket|table tennis|hockey|volleyball|basketball
jab,,,,yes,,,,0uzOSd3_w2g,https://www.youtube.com/watch?v=0uzOSd3_w2g,Learn the SECRET to throwing an OLD SCHOOL JAB #boxing,Skillr Boxing,UCczcxCUOJu9agXPKQcTa2RQ,2024-02-05T21:31:32Z,PT1M1S,61,hd,false,131672,9271,73,how to throw a jab|proper jab mechanics,
jab,,,,yes,,,,euHgMEjZbyU,https://www.youtube.com/watch?v=euHgMEjZbyU,Body mechanics for the jab and positioning to defend and counter the overhand right! #jab #counter,World Class Boxing Channel,UCFd-tIEZTYhdR3lWCQ7inyg,2022-04-02T01:12:14Z,PT57S,57,hd,false,125941,6493,96,how to throw a jab|proper jab mechanics,
jab,,,,yes,,,,ETSMHkY7EmQ,https://www.youtube.com/watch?v=ETSMHkY7EmQ,HOW TO PARRY THE JAB,Austin Liu,UCuAFolR2Az3oLtA1EtPT1Og,2023-03-04T04:22:48Z,PT13S,13,hd,false,125243,0,42,how to throw a jab|proper jab mechanics,
jab,,,,yes,,,,62mcnF8iIIY,https://www.youtube.com/watch?v=62mcnF8iIIY,How to throw a bullet jab in boxing,letmesaveyou,UCHPDET0O5FMG6IH9hdv5miw,2024-01-15T01:16:27Z,PT20S,20,hd,false,120306,3912,62,boxing jab tutorial|how to throw a jab|proper jab mechanics,
jab,,,,no,,,,dBsBUGRhvsg,https://www.youtube.com/watch?v=dBsBUGRhvsg,HOW TO CROSS JAB❗️✅ #basketball #shorts #bball #hoopers #tutorial #skills #drills #nba #breakdown,Trae Ball,UCSIqiMFyeH-fFsPS_U0zv9A,2022-12-12T18:28:25Z,PT1M1S,61,hd,false,116586,6003,37,jab form slow motion,
jab,,,,yes,,,,JNlG2pHUgFA,https://www.youtube.com/watch?v=JNlG2pHUgFA,5 Variations Of The Jab Used By FLOYD MAYWEATHER! #boxingtechnique,Kain Carlton,UCVFExvuIEmLIwF1RsqSSOFw,2023-10-14T14:00:13Z,PT1M,60,hd,false,113395,7571,91,proper jab mechanics,Mayweather vs Canelo|Mayweather vs Gatti|Floyd Mayweather|5 Variations Of The Jab|Floyd Mayweather vs Canelo Alverez|Floyd Mayweather vs Arturo Gatti|How To Throw The Jab|Types Of Jabs In Boxing|boxing technique|boxing training|Philly shell|Philly Shell Defense|Mayweather jab
jab,,,,yes,,,,lPAMcxwCjEI,https://www.youtube.com/watch?v=lPAMcxwCjEI,"JAB, CROSS, HOOK the RIGHT Way! #boxing #training #technique #boxeo",THE ARENA,UCf9OzX2aA7GXfukcjP32KZw,2026-02-26T14:01:15Z,PT31S,31,hd,false,108517,4071,59,how to throw a jab,jab cross hook boxing combo|jab cross hook boxing combination|jab cross hook combo|jab cross hook|boxing combos|boxing combinations|boxing combos for beginners|boxing combinations for beginners|boxing|boxing jab|boxing cross|boxing hook|boxing coach joe vargas|the arena boxing|boxing gym san diego
jab,,,,yes,,,,3h1tCZa0n_Y,https://www.youtube.com/watch?v=3h1tCZa0n_Y,Different Boxing Jab Types You CAN Throw #shorts,Boxingholic,UCeqqY2EfpbDdzJt-PYWNIkg,2023-07-03T15:05:29Z,PT13S,13,hd,false,106157,1690,14,proper jab mechanics,
jab,,,,yes,,,,FFS_21q8ZTc,https://www.youtube.com/watch?v=FFS_21q8ZTc,Mechanics of the jab. Paramount for offensive striking. Learn more about it on Jujiclub.com,Tristar Gym,UCzFOXkiyQiqdq2r5aUPF6Aw,2024-01-02T15:27:26Z,PT1M,60,hd,false,105869,7665,156,proper jab mechanics,
jab,,,,yes,,,,e67ZJUh4kz4,https://www.youtube.com/watch?v=e67ZJUh4kz4,THE TRIPLE JAB 🔥😮‍💨 #boxing #learntobox #boxingtraining #tutorial #viral #shorts,Thoseboxingbrothers,UCAUyg0AeCxiKI9gPqniA52Q,2023-11-12T19:28:25Z,PT1M1S,61,hd,false,104687,7509,59,boxing jab tutorial,
jab,,,,yes,,,,M5rNzdg8g-A,https://www.youtube.com/watch?v=M5rNzdg8g-A,Slip-Jab 😮‍💨🔥 #tutorial #boxing #boxingtutorial #boxingtraining #learntobox #viral #shorts,Thoseboxingbrothers,UCAUyg0AeCxiKI9gPqniA52Q,2023-06-06T16:14:56Z,PT28S,28,hd,false,101642,9082,41,boxing jab tutorial,
jab,,,,yes,,,,RklOYm8LWJk,https://www.youtube.com/watch?v=RklOYm8LWJk,Throwing a #jab &amp; #righthand has the same #bodymechanics as #slipping a jab and Right Hand #boxing,World Class Boxing Channel,UCFd-tIEZTYhdR3lWCQ7inyg,2022-07-16T03:01:58Z,PT21S,21,hd,false,101634,2827,27,proper jab mechanics,
jab,,,,yes,,,,Lt44CS6t_Rs,https://www.youtube.com/watch?v=Lt44CS6t_Rs,How To Slip A Jab [Boxing Minute] #Shorts,Coach Anthony,UCfOamDxdVYntCBFE0jyI2DA,2022-06-06T16:00:10Z,PT53S,53,hd,false,99584,5191,48,boxing jab tutorial|proper jab mechanics,how to box|boxing training|boxing jab|boxing tips|how to|slip punches|how to throw a jab|how to jab|boxing punches|boxing tutorial|boxing basics|how to punch|boxing technique|coach anthony boxing|boxing defense|boxing defense drills|boxing defense drills at home|boxing defence|boxing defense for beginners|basic boxing training
jab,,,,yes,,,,DrGpGfvWN6U,https://www.youtube.com/watch?v=DrGpGfvWN6U,How to Jab with 3x More Power,Tony Jeffries,UCT_8YwHmACxpUootXe7yKjA,2022-11-26T15:58:49Z,PT19S,19,hd,false,98300,5125,43,how to throw a jab,boxing|jab|how to throw a jab|speed jab|power jab|power jab boxing|boxing power jab|speed jab boxing|boxing speed jab|how to throw a speed jab|how to throw a power jab|how to throw the perfect jab|jab technique|jab boxing|jab boxing technique|how to box|boxing training|how to jab in boxing|jab tutorial|power jab tutorial
jab,,,,yes,,,,dkk7JDFwO0U,https://www.youtube.com/watch?v=dkk7JDFwO0U,How to throw the perfect jab 📝🥊 #shorts #boxing #boxingtraining #canelo,Fight Genius,UCUY_dXXtQCFkk8NXuRrHHoQ,2024-10-03T17:52:50Z,PT19S,19,hd,false,94191,4384,43,how to throw a jab|jab form slow motion|proper jab mechanics,
jab,,,,yes,,,,p22xjV0HYJY,https://www.youtube.com/watch?v=p22xjV0HYJY,Throw a punch the RIGHT way! #boxing #muaythai #mma #technique,THE ARENA,UCf9OzX2aA7GXfukcjP32KZw,2023-05-26T16:00:41Z,PT22S,22,hd,false,88732,2930,36,how to throw a jab|proper jab mechanics,the arena|boxing training|Proper punching technique|How to improve punching form|mistakes to avoid while throwing powerful punches|improve punch accuracy|Punching techniques to follow|Common Mistakes Made When Throwing|Stop Throwing Punches Like This|how to punch beginner guide
jab,,,,yes,,,,wap0HH0puLg,https://www.youtube.com/watch?v=wap0HH0puLg,How To Throw A Jab,Ekayy Boxing,UC4or62_-jM7Z-HNfeR6NCZQ,2023-08-28T17:29:51Z,PT29S,29,hd,false,85951,6689,64,how to throw a jab,
jab,,,,yes,,,,u_JBl8WRz5I,https://www.youtube.com/watch?v=u_JBl8WRz5I,How to Throw the Perfect Jab in Boxing #shorts,Tony Jeffries,UCT_8YwHmACxpUootXe7yKjA,2022-05-21T15:33:13Z,PT13S,13,hd,false,73210,2707,73,how to throw a jab,how to jab|how to jab in boxing|the proper way to throw a jab|how to throw a correct jab|how to throw the perfect jab|how to throw a jab|how to punch jab|how to jab punch|how to throw a jab punch|jab boxing|jab technique|jab technique in boxing|boxing jab|boxing tutorial|boxing punch|how to jab better|best punch|boxing jab tutorial|boxing jab guide|proper jab technique boxing
jab,,,,yes,,,,OAS5aPWRjoQ,https://www.youtube.com/watch?v=OAS5aPWRjoQ,How to throw the jab 📝🥊 #shorts #boxing #boxingtraining #boxer #naoyainoue,Fight Genius,UCUY_dXXtQCFkk8NXuRrHHoQ,2025-01-07T18:23:47Z,PT28S,28,hd,false,68385,4333,39,how to throw a jab,
jab,,,,yes,,,,KELP2-FlPdA,https://www.youtube.com/watch?v=KELP2-FlPdA,Counter every single jab 🥊 #boxing #boxingtips,Andrii Khotin,UCm1dm5st6Jpi-KXrYptEhbQ,2023-06-20T12:14:16Z,PT13S,13,hd,false,66232,3017,34,boxing jab tutorial,
jab,,,,yes,,,,9ZlgdT8N1RM,https://www.youtube.com/watch?v=9ZlgdT8N1RM,How to throw the perfect jab 📝🥊 #shorts #boxing #boxer #boxingtraining #boxinglife,Fight Genius,UCUY_dXXtQCFkk8NXuRrHHoQ,2024-09-27T20:22:49Z,PT16S,16,hd,false,64423,2989,70,how to throw a jab,
jab,,,,yes,,,,aSEZ5XnIcP8,https://www.youtube.com/watch?v=aSEZ5XnIcP8,Jab-Cross-Hook Combo Breakdown #BoxingCombo #JabCrossHook #BoxingTips #BoxingTraining,HIEN BOXING OFFICIAL,UCy8aYGy1jpcmK3a2ASfDDTw,2025-01-19T13:00:03Z,PT19S,19,hd,false,61045,1287,11,jab form slow motion|proper jab mechanics,
jab,,,,yes,,,,bknFo1Jt0mI,https://www.youtube.com/watch?v=bknFo1Jt0mI,The Correct Way to Throw a Double Jab...,Oracle Boxing,UCRLhtHizl1rM8EMsd7Wvj8w,2025-10-21T21:54:16Z,PT20S,20,hd,false,58989,1395,8,boxing jab tutorial|how to throw a jab|proper jab mechanics,
jab,,,,yes,,,,wGf5GdTqc18,https://www.youtube.com/watch?v=wGf5GdTqc18,How To Throw Your Jab With Perfect Technique 💥,Oracle Boxing,UCRLhtHizl1rM8EMsd7Wvj8w,2025-05-20T14:01:33Z,PT1M40S,100,hd,false,57390,4028,32,boxing jab tutorial|how to throw a jab|jab form slow motion|proper jab mechanics,
jab,,,,yes,,,,IUzTCUZnh5A,https://www.youtube.com/watch?v=IUzTCUZnh5A,How to throw a Jab,Jacob Rodriguez,UC1YocYOTJqm1a29VTorswBA,2025-10-03T13:19:05Z,PT40S,40,hd,false,53325,1862,51,how to throw a jab,
jab,,,,no,,,,2Y0WU-VvT4U,https://www.youtube.com/watch?v=2Y0WU-VvT4U,Jab Jab easy dance tutorial🇿🇦🔥#amapianodance #easytutorial #dancetrend #goviral #jab,KVNG FIDA,UCMrbWRzPpvqQFvmr6QV4ubw,2025-12-16T17:13:19Z,PT11S,11,hd,false,53049,286,4,jab form slow motion,tutorial|dance|trend|shorts|fyp
jab,,,,no,,,,HWXF6BRl92A,https://www.youtube.com/watch?v=HWXF6BRl92A,Jab jab tutorial #dance #shorts,Ayopiano,UCai7mj_xnDvvmKLl3yT0sDQ,2025-11-29T19:01:06Z,PT12S,12,hd,false,48231,419,8,jab form slow motion,
jab,,,,yes,,,,JxSQ6BLITZI,https://www.youtube.com/watch?v=JxSQ6BLITZI,How to throw a double jab! #boxing #shorts #boxingtraining,BoxingwithEddie,UC82CC3slHM06qAeH1KpWOGg,2025-05-20T01:00:12Z,PT16S,16,hd,false,47828,1083,13,how to throw a jab,
jab,,,,yes,,,,RBB7rTPnWgo,https://www.youtube.com/watch?v=RBB7rTPnWgo,How to Flicker Jab #boxing #shorts,Coach Pillow Fists,UCZIE3k0kKTkUcFXhsMxl7pA,2024-08-13T00:00:11Z,PT17S,17,hd,false,44506,2010,50,boxing jab tutorial,boxing|fighting|mma|mixed martial arts|flick jab|flicker jab|junto nakatani
jab,,,,yes,,,,jA5y-5vKBJU,https://www.youtube.com/watch?v=jA5y-5vKBJU,JAB TO BODY | Step By Step Breakdown| Slow Motion  #boxing #boxingtraining #fitness #fightcamp,FightCamp,UCJ6J1r5u8CFsbyVZ03A6IaQ,2023-10-18T17:57:17Z,PT11S,11,hd,false,44394,1340,2,jab form slow motion,FightCamp|learn to box|boxing training|at-home fitness|at-home boxing workout|at-home kickboxing workout|connected fitness|train like a fighter
jab,,,,yes,,,,P4TqZnWdrZE,https://www.youtube.com/watch?v=P4TqZnWdrZE,Straight Right Punch Mechanics Quick Break Down Teaser #shorts #boxing,The Punch Doctor,UCRCklqUsBMimyQW1fwUTNUg,2022-04-28T21:55:24Z,PT1M,60,hd,false,39691,3360,167,proper jab mechanics,
jab,,,,yes,,,,3-is-PQBqLo,https://www.youtube.com/watch?v=3-is-PQBqLo,How To Step With The Jab 🥊,Oracle Boxing,UCRLhtHizl1rM8EMsd7Wvj8w,2025-04-16T14:00:06Z,PT13S,13,hd,false,38728,1176,10,how to throw a jab|proper jab mechanics,
jab,,,,yes,,,,qXZJdUFuBeI,https://www.youtube.com/watch?v=qXZJdUFuBeI,Throwing a jab backwards! The incorrect footwork and correct footwork! #footwork #jab #boxing,World Class Boxing Channel,UCFd-tIEZTYhdR3lWCQ7inyg,2022-04-09T18:12:42Z,PT56S,56,hd,false,37816,2778,44,how to throw a jab,
jab,,,,yes,,,,77PaC5wXYrE,https://www.youtube.com/watch?v=77PaC5wXYrE,The Correct Way to Throw Your Jab...,Oracle Boxing,UCRLhtHizl1rM8EMsd7Wvj8w,2025-10-29T20:39:46Z,PT20S,20,hd,false,34784,1122,20,how to throw a jab,
jab,,,,yes,,,,R2nY368tLXc,https://www.youtube.com/watch?v=R2nY368tLXc,Saenchai Style | Jab cross Basic Muay Thai Technique | YOKKAO Training Course,YOKKAO,UCDfvlEBdwpcjwAaRw1m6UiA,2022-07-25T18:52:03Z,PT2M48S,168,hd,false,34571,1381,31,muay thai jab technique,Muay Thai|Muay Thai Thailand|Muay Thai Fight|Fight|Yokkao Muay Thai|Combat Sport|Elbow thai|Muay thai clinch|muay thai knee|muaythai tecnique|muaythai skill|saenchai secret|saenchai tips|saenchai style|saenchai lesson|yokkao training course|muay thai training course|muay thai course|muay thai lessons
jab,,,,yes,,,,2s0N-mRyDhM,https://www.youtube.com/watch?v=2s0N-mRyDhM,No.1 Jab Mistake in Muay Thai,8 Tribe Muay Thai,UCwy5KvxG53tUYKx1UWv9cTA,2023-01-31T22:00:00Z,PT55S,55,hd,false,32398,2295,29,muay thai jab technique,muay thai|muay thai jab|how to jab boxing|how to jab|muay thai punches|muay thai common mistakes|muay thai beginner mistake|muay thai tutorial|muay thai coach training|muay thai coach|muay thai instructional|muay thai training
jab,,,,yes,,,,iWZcpUbIf5U,https://www.youtube.com/watch?v=iWZcpUbIf5U,The Importance of &quot;JAB&quot; in Boxing and How to Throw the Jab,Tony Jeffries,UCT_8YwHmACxpUootXe7yKjA,2020-08-18T15:00:16Z,PT3M53S,233,hd,true,30333,1180,33,how to throw a jab,boxing jab|how to throw the jab|how to jab|how to punch|how to throw a jab|boxing tutorial|boxing lessons|science of jab|boxing|jab technique boxing|how to boxing|jab|types of jabs|jabs in boxing|How to jab|how to jab in boxing|boxing jab drills|jab techniques|jab boxing drills|jab boxing tutorial
jab,,,,yes,,,,ASr5ORgGobQ,https://www.youtube.com/watch?v=ASr5ORgGobQ,Here&#39;s How To Throw a Lightning Fast Jab ⚡️,Oracle Boxing,UCRLhtHizl1rM8EMsd7Wvj8w,2025-05-09T14:00:13Z,PT20S,20,hd,false,27642,1068,15,boxing jab tutorial|how to throw a jab,
jab,,,,yes,,,,ItSq-uWpZTI,https://www.youtube.com/watch?v=ItSq-uWpZTI,How to Throw Jab to Body | Step by Step Breakdown | Slow Motion  #training #fightcamp #boxing,FightCamp,UCJ6J1r5u8CFsbyVZ03A6IaQ,2024-02-07T23:25:29Z,PT16S,16,hd,false,26924,1024,13,how to throw a jab,FightCamp|learn to box|boxing training|at-home fitness|at-home boxing workout|at-home kickboxing workout|connected fitness|train like a fighter
jab,,,,yes,,,,IByNpp06-rQ,https://www.youtube.com/watch?v=IByNpp06-rQ,How To Throw The Double Jab #boxing #boxingcombos #boxingtraining #boxingtechnique,Shane Cameron,UCANThx7JnmHd9YtdazXrSJw,2024-03-17T18:30:18Z,PT23S,23,hd,false,26729,617,9,how to throw a jab,
jab,,,,yes,,,,EAW7kwiREsA,https://www.youtube.com/watch?v=EAW7kwiREsA,How to throw 5 different types of jabs tutorial #boxing #mma #combatsport #kickboxing #muaythai #ufc,A1 Training Camp,UC6KE5YR469NZLVTLI-rrOrA,2024-09-06T04:22:25Z,PT26S,26,hd,false,25482,1401,11,boxing jab tutorial|how to throw a jab,
jab,,,,yes,,,,_gBS4gkcsSY,https://www.youtube.com/watch?v=_gBS4gkcsSY,How To Throw A POWER Jab W/ KO Potential #shorts,Gabriel Varga,UCTlMUs5IIlBZQGkYMScUFyQ,2021-09-27T17:18:35Z,PT1M1S,61,hd,false,25099,2285,52,how to throw a jab,how to throw a power jab|powerful jab tips|punching how to jab with power|how to land power jabs|scoring a ko with your jab
jab,,,,yes,,,,vnYdHoY5BS4,https://www.youtube.com/watch?v=vnYdHoY5BS4,Master the Jab-Slip-Hook-Cross-Roll Combo: Next-Level Boxing Drills! 🥊 #BoxingCombos #AdvancedBoxing,HIEN BOXING OFFICIAL,UCy8aYGy1jpcmK3a2ASfDDTw,2024-11-22T12:01:14Z,PT16S,16,hd,false,24520,1535,6,boxing jab tutorial,hienboxingday|boxing|sports|shorts video|Hiền Boxing Đây|Hiền Boxing|training|#boxingtrainning|#boxingworkout|#boxingmusic|#boxingfootwork
jab,,,,yes,,,,yaND54SKAEs,https://www.youtube.com/watch?v=yaND54SKAEs,Learn HOW to throw the SWIVEL JAB,Skillr Boxing,UCczcxCUOJu9agXPKQcTa2RQ,2024-03-17T16:55:02Z,PT43S,43,hd,false,21127,1801,14,how to throw a jab,
jab,,,,yes,,,,M_JqU3ZsSdA,https://www.youtube.com/watch?v=M_JqU3ZsSdA,How to Improve your Jab #jab #boxing #boxingtraining #boxer #tutorial #motivation,Ji Martial Arts,UCAOifU2G6uKcC3FXsbuy63w,2025-02-18T18:00:19Z,PT23S,23,hd,false,20657,0,7,boxing jab tutorial,
jab,,,,yes,,,,ckrcLwh_pB4,https://www.youtube.com/watch?v=ckrcLwh_pB4,Feint to jab tutorial,Ji Martial Arts,UCAOifU2G6uKcC3FXsbuy63w,2025-07-31T17:03:50Z,PT11S,11,hd,false,20560,495,10,boxing jab tutorial,
jab,,,,yes,,,,tVf2QUiWEnk,https://www.youtube.com/watch?v=tVf2QUiWEnk,Throwing a Jab &amp; Right Hand Has The Same Body Mechanics As Slipping a Jab &amp; Right Hand,World Class Boxing Channel,UCFd-tIEZTYhdR3lWCQ7inyg,2022-07-14T22:44:29Z,PT2M50S,170,sd,false,17828,941,26,proper jab mechanics,throwing a jab & right hand|the same body mechanics|slipping a jab & right hand|a jab and right hand|slipping a jab|throwing a jab|right hand|boxing defense|teaching a boxer how to|teaching a boxer|when throwing a jab|when throwing a jab and right hand|slipping a jab and a right hand|teaching the sweet science|teaching the art of boxing|teaching boxing|teaching boxing defense|all about boxing defense|how to be defensively strong in boxing|body mechanics
jab,,,,no,,,,3PwuVfds9w8,https://www.youtube.com/watch?v=3PwuVfds9w8,"Jab jab Tutorial, Boitumelo Best Amapiano Dance Challenge 2025 New #dance #amapianotv #amapi #faya",Dollar Bee Leo,UCiHghVEVbugQxx2wa7wQB0g,2025-11-21T23:21:04Z,PT1M55S,115,hd,false,16295,382,0,jab form slow motion,
jab,,,,yes,,,,jcbBBhaz2d8,https://www.youtube.com/watch?v=jcbBBhaz2d8,How to Throw a 1-2 Like a Pro! 🔥(Jab-Cross Tutorial)🚨 #boxing #boxingtechniques #mma #learntobox,Boxing Maverick,UCmV9W_AnTjiPJJQZH4FrqHw,2025-03-17T18:59:21Z,PT12S,12,hd,false,11476,142,1,boxing jab tutorial|how to throw a jab,
jab,,,,yes,,,,4PE4-r7_QHw,https://www.youtube.com/watch?v=4PE4-r7_QHw,Sharpen Your Jab With These 6 Powerful Drills 🥊,Oracle Boxing,UCRLhtHizl1rM8EMsd7Wvj8w,2025-01-29T14:53:30Z,PT19S,19,hd,false,11194,957,4,boxing jab tutorial,
jab,,,,yes,,,,aljWkI08HXM,https://www.youtube.com/watch?v=aljWkI08HXM,4 Jab Mistakes That Are Making Your Jab Weak 🚫,Oracle Boxing,UCRLhtHizl1rM8EMsd7Wvj8w,2025-01-25T15:00:06Z,PT17S,17,hd,false,9855,744,7,boxing jab tutorial,
jab,,,,yes,,,,IrqYuA9C3F8,https://www.youtube.com/watch?v=IrqYuA9C3F8,Boxing fundamentals: How to throw the 1 - 2 correctly (jab - cross) 🥊,Lentz Lundy Boxing,UC21CGTjJflWBmoriFa39zOQ,2023-07-24T18:00:08Z,PT17S,17,hd,false,9101,305,5,how to throw a jab,short|shorts|boxing short|boxing shorts|boxing|boxing training|boxing skills|boxing work|boxing lesson|1 2|jab|jab cross|cross|how to box|boxing 101|boxing technique|boxing class|boxing exercise|boxing for beginners|learn how to box
jab,,,,yes,,,,D6qWZelCFkc,https://www.youtube.com/watch?v=D6qWZelCFkc,Boxing Jab Mastery | Widen the Stance for Power &amp; Range,MyBoxingCoach,UCBsoiiNF96Beqbik3LSxkUA,2025-07-15T17:20:44Z,PT43S,43,hd,false,9056,594,22,proper jab mechanics,jab|how to jab|boxing jab|how to throw a jab|jab boxing|perfect jab|how to jab boxing|how to throw a jab in boxing|jab technique boxing|boxing jab technique|how to jab in boxing|boxing|power jab|speed jab|best jabs in boxing|how to throw jab|the jab|best jab|fast jab|best jab in boxig
jab,,,,yes,,,,pfCOqDRo2fs,https://www.youtube.com/watch?v=pfCOqDRo2fs,How To Throw A Jab To The Body [Boxing Minute 🥊] #Shorts,Coach Anthony,UCfOamDxdVYntCBFE0jyI2DA,2022-05-25T20:31:47Z,PT42S,42,hd,false,8281,500,19,how to throw a jab,how to punch|how to jab|how to box|boxing punches|boxing basics|boxing tutorial|boxing tips|boxing combos|boxing jab|boxing combination|boxing combos for beginners|boxing for beginners|boxing techniques|how to throw a punch|how to throw a jab|boxing combos on heavy bag|heavy bag combos|tony jeffries|how to punch harder and faster|coach anthony boxing
jab,,,,yes,,,,9oV1jEC6r2o,https://www.youtube.com/watch?v=9oV1jEC6r2o,How to Throw a Jab Tutorial - Muay Thai Techniques,Muay Thai PROS,UCT4rADCrNoOL22-jOWQjSRQ,2016-09-07T04:57:30Z,PT2M21S,141,hd,false,8105,86,7,muay thai jab technique,how to throw a jab tutorial|muay thai jab tutorial|basic muay thai techniques|basic technique muay thai|throwing a jab in muay thai|muay thai jab strike|boxing jab|how to throw a jab in boxing|muay thai techniques
jab,,,,yes,,,,ep4gIqqbbBk,https://www.youtube.com/watch?v=ep4gIqqbbBk,How To Throw A Jab With A Cup 🥊☕️ [Simple &amp; Effective] #Shorts,Coach Anthony,UCfOamDxdVYntCBFE0jyI2DA,2022-02-15T17:08:57Z,PT26S,26,hd,false,7726,406,17,how to throw a jab,how to jab|boxing combos|boxing punches for beginners|muay thai|muay thai knockouts|muay thai sparring|boxing punches|how to throw a jab|boxing combo|boxing combination|boxing technique|heavy bag combos|boxing combos on heavy bag|boxing basics|how to jab boxing|boxing combos for beginners|how to jab faster|how to jab harder and faster|how to jab step|how to jab properly
jab,,,,yes,,,,cIQlQQ7-xdo,https://www.youtube.com/watch?v=cIQlQQ7-xdo,Solid Jab&#39;s Connection - Stiff Jab  #properboxing #boxing #jab,Proper Boxing,UCRhk7L4-TZgljZmK6B2X6xQ,2025-06-14T11:37:37Z,PT17S,17,hd,false,7543,121,2,boxing jab tutorial,Proper boxing|proper boxing stance|proper boxing punches|proper boxing technique|proper boxing footwork|boxing training|boxing workout|boxing techniques|boxing techniques for beginners|boxing for beginners|boxing|boxing drills|boxing defense|boxing practice|boxing exercises|ufc|mma|boxing lessons|boxing basics|boxing beginner
jab,,,,yes,,,,lefgQY2ZhG0,https://www.youtube.com/watch?v=lefgQY2ZhG0,How to Throw a Proper Jab (Boxing &amp; Muay Thai Fundamentals),OfficialKowsan,UC-QmjYH-mxYBFJmMyoxoxrA,2025-09-02T00:00:51Z,PT14S,14,hd,false,7348,31,3,how to throw a jab,Jab Muay Thai|Muay Thai Jab|boxing|boxing basics|boxing for beginners|boxing jab drills|boxing techniques|boxing tips|boxing tips for beginners|boxing training for beginners|how to box|how to fight|how to jab|how to punch|how to throw a jab|jab|martial arts|mixed martial arts|muay thai|self defense
jab,,,,yes,,,,6rrkb4FTYdc,https://www.youtube.com/watch?v=6rrkb4FTYdc,‼️How to throw a overhand right properly. Over the Jab which is the most commonly thrown #ufc #mma,Funk Fighting Academy,UCzPbbOmD44PnYwqwgPcCayA,2023-07-30T02:11:04Z,PT22S,22,hd,false,6339,140,0,how to throw a jab,
jab,,,,yes,,,,FVaovOu4TEA,https://www.youtube.com/watch?v=FVaovOu4TEA,Jab Punch Slow Motion Project,Jonathan Gedalia,UC9NEf17T7ErIzs3Zot5Dhxw,2015-12-04T09:36:37Z,PT1M8S,68,hd,false,4749,27,2,jab form slow motion,
jab,,,,yes,,,,7vEeQpP4noY,https://www.youtube.com/watch?v=7vEeQpP4noY,How to Muay Thai jab properly!  #muaythaishorts #kickboxing #mma #muaythai #shorts #beginners #jab,Muay Thai Tips,UCzsr6_TvMoIbf_rkB4XOvuQ,2025-05-30T02:39:23Z,PT19S,19,hd,false,3542,39,4,muay thai jab technique,
jab,,,,yes,,,,yrEvGR1ezAk,https://www.youtube.com/watch?v=yrEvGR1ezAk,🥊 Mastering the Double Jab! 🥊💥 Check out a quick tutorial on throwing a powerful double jab! 🥊💪,Fighting Fit,UCPxSSkwAGc7BH5jAoRnzcqg,2023-05-08T10:22:35Z,PT32S,32,hd,false,2638,64,0,how to throw a jab,
jab,,,,yes,,,,lEiKhAQiCy8,https://www.youtube.com/watch?v=lEiKhAQiCy8,🥊 Weak Jab? How To Throw a Jab With Power 🧨  #boxing #boxingskills #boxingmastery #boxingtraining,HOW2BOXING ,UCMtcM4c2Vi_WizXvmlCNzZw,2024-12-13T03:01:19Z,PT20S,20,hd,false,1454,64,6,how to throw a jab,how to throw a jab with power|how to throw a jab in boxing|how to throw a jab properly|how to throw a jab southpaw|how to jab properly|how to jab correctly|how to jab boxing|how to jab faster|how to jab like mayweather|learn how to throw jab|boxing jab drills|boxing jab technique|boxing jabs for beginners|boxing jab highlights|boxing jab footwork|best boxing jabs|good jab boxing|how to jab|jab boxing|boxing jab
jab,,,,yes,,,,adLCWm3W40M,https://www.youtube.com/watch?v=adLCWm3W40M,jab bakari ka bacha dudh pita 🫓 slow motion video short ##vidio,khurpati420,UCCkA2d5z2YvqzaS1-1biUag,2023-05-18T00:24:47Z,PT56S,56,hd,false,56,0,1,jab form slow motion,
jab,,,,yes,,,,pOhqS0ACpxQ,https://www.youtube.com/watch?v=pOhqS0ACpxQ,HOW TO NOT BOX IN PAIN - Proper Jab Mechanics,PainFree Maverick,UC-XIxnJ4zIgQG_fau3BI9vw,2018-02-17T21:02:50Z,PT3M15S,195,hd,false,49,0,0,proper jab mechanics,PainFree Maverick|Dr. Ofir Isaac|Dr. Isaac|Allcare Physical Therapy|Allcare|Chiropractor Brooklyn|Brooklyn Chiropractor|Physical Therapist Brooklyn|Brooklyn Physiotherapist|Pain Science|Sport physical Therapy|PainFree Maverick Brooklyn|boxing|boxing sport|boxing drills|boxing exercises|how to box|how to not box in pain|omni combat fitness|jab mechanics
